"CNES","COMPETEN","data","ano","mes","tmn","tmn_pre","tmn_tar","NOME","NATUREZA","GESTAO","ZONA","npartos","sem.gest","n.consultas","idade","escolaridade","apgar","cesarea","tmn.geral","tmn.pre","tmn.tar"
2269384,200601,2006-01-01,2006,"01",0,0,0,"HOSPITAL FEDERAL DO ANDARAI","ADMINISTRACAO PUBLICA","M","NORTE","baixo","baixo","alto","baixo","alto","baixo","medio","baixo","baixo","baixo"
2269384,200602,2006-02-01,2006,"02",10.2040816326531,10.2040816326531,0,"HOSPITAL FEDERAL DO ANDARAI","ADMINISTRACAO PUBLICA","M","NORTE","baixo","baixo","medio","baixo","alto","medio","baixo","medio","alto","baixo"
2269384,200603,2006-03-01,2006,"03",0,0,0,"HOSPITAL FEDERAL DO ANDARAI","ADMINISTRACAO PUBLICA","M","NORTE","baixo","baixo","medio","baixo","alto","medio","baixo","baixo","baixo","baixo"
2269384,200604,2006-04-01,2006,"04",20.6185567010309,20.6185567010309,0,"HOSPITAL FEDERAL DO ANDARAI","ADMINISTRACAO PUBLICA","M","NORTE","baixo","baixo","medio","baixo","alto","baixo","baixo","alto","alto","baixo"
2269384,200605,2006-05-01,2006,"05",26.7857142857143,26.7857142857143,0,"HOSPITAL FEDERAL DO ANDARAI","ADMINISTRACAO PUBLICA","M","NORTE","baixo","baixo","medio","baixo","alto","alto","baixo","alto","alto","baixo"
2269384,200606,2006-06-01,2006,"06",0,0,0,"HOSPITAL FEDERAL DO ANDARAI","ADMINISTRACAO PUBLICA","M","NORTE","baixo","baixo","alto","baixo","alto","medio","baixo","baixo","baixo","baixo"
2269384,200607,2006-07-01,2006,"07",0,0,0,"HOSPITAL FEDERAL DO ANDARAI","ADMINISTRACAO PUBLICA","M","NORTE","baixo","baixo","medio","baixo","alto","alto","baixo","baixo","baixo","baixo"
2269384,200608,2006-08-01,2006,"08",27.7777777777778,27.7777777777778,0,"HOSPITAL FEDERAL DO ANDARAI","ADMINISTRACAO PUBLICA","M","NORTE","baixo","baixo","medio","baixo","alto","alto","baixo","alto","alto","baixo"
2269384,200609,2006-09-01,2006,"09",0,0,0,"HOSPITAL FEDERAL DO ANDARAI","ADMINISTRACAO PUBLICA","M","NORTE","medio","baixo","medio","medio","alto","alto","baixo","baixo","baixo","baixo"
2269384,200610,2006-10-01,2006,"10",17.3913043478261,0,17.3913043478261,"HOSPITAL FEDERAL DO ANDARAI","ADMINISTRACAO PUBLICA","M","NORTE","medio","baixo","medio","medio","alto","medio","baixo","alto","baixo","alto"
2269384,200611,2006-11-01,2006,"11",20.8333333333333,20.8333333333333,0,"HOSPITAL FEDERAL DO ANDARAI","ADMINISTRACAO PUBLICA","M","NORTE","baixo","baixo","medio","baixo","alto","alto","medio","alto","alto","baixo"
2269384,200612,2006-12-01,2006,"12",19.6078431372549,19.6078431372549,0,"HOSPITAL FEDERAL DO ANDARAI","ADMINISTRACAO PUBLICA","M","NORTE","baixo","baixo","alto","medio","alto","alto","baixo","alto","alto","baixo"
2269384,200701,2007-01-01,2007,"01",7.69230769230769,7.69230769230769,0,"HOSPITAL FEDERAL DO ANDARAI","ADMINISTRACAO PUBLICA","M","NORTE","medio","baixo","medio",NA,"alto","baixo","baixo","medio","medio","baixo"
2269384,200702,2007-02-01,2007,"02",8.69565217391304,0,8.69565217391304,"HOSPITAL FEDERAL DO ANDARAI","ADMINISTRACAO PUBLICA","M","NORTE","medio","baixo","alto",NA,"alto","medio","baixo","medio","baixo","alto"
2269384,200703,2007-03-01,2007,"03",0,0,0,"HOSPITAL FEDERAL DO ANDARAI","ADMINISTRACAO PUBLICA","M","NORTE","medio","baixo","medio",NA,"alto","medio","baixo","baixo","baixo","baixo"
2269384,200704,2007-04-01,2007,"04",0,0,0,"HOSPITAL FEDERAL DO ANDARAI","ADMINISTRACAO PUBLICA","M","NORTE","medio","baixo","alto",NA,"alto","alto","baixo","baixo","baixo","baixo"
2269384,200705,2007-05-01,2007,"05",26.3157894736842,26.3157894736842,0,"HOSPITAL FEDERAL DO ANDARAI","ADMINISTRACAO PUBLICA","M","NORTE","medio","baixo","medio",NA,"alto","alto","baixo","alto","alto","baixo"
2269384,200706,2007-06-01,2007,"06",16.260162601626,16.260162601626,0,"HOSPITAL FEDERAL DO ANDARAI","ADMINISTRACAO PUBLICA","M","NORTE","medio","baixo","alto",NA,"alto","baixo","baixo","alto","alto","baixo"
2269384,200707,2007-07-01,2007,"07",0,0,0,"HOSPITAL FEDERAL DO ANDARAI","ADMINISTRACAO PUBLICA","M","NORTE","baixo","baixo","medio",NA,"alto","baixo","medio","baixo","baixo","baixo"
2269384,200708,2007-08-01,2007,"08",11.3636363636364,0,11.3636363636364,"HOSPITAL FEDERAL DO ANDARAI","ADMINISTRACAO PUBLICA","M","NORTE","baixo","baixo","medio",NA,"alto","medio","baixo","medio","baixo","alto"
2269384,200709,2007-09-01,2007,"09",9.61538461538462,9.61538461538462,0,"HOSPITAL FEDERAL DO ANDARAI","ADMINISTRACAO PUBLICA","M","NORTE","baixo","baixo","medio",NA,"alto","alto","baixo","medio","alto","baixo"
2269384,200710,2007-10-01,2007,"10",9.9009900990099,9.9009900990099,0,"HOSPITAL FEDERAL DO ANDARAI","ADMINISTRACAO PUBLICA","M","NORTE","baixo","baixo","medio",NA,"alto","alto","baixo","medio","alto","baixo"
2269384,200711,2007-11-01,2007,"11",10.3092783505155,10.3092783505155,0,"HOSPITAL FEDERAL DO ANDARAI","ADMINISTRACAO PUBLICA","M","NORTE","baixo","baixo","medio",NA,"alto","alto","baixo","medio","alto","baixo"
2269384,200712,2007-12-01,2007,"12",0,0,0,"HOSPITAL FEDERAL DO ANDARAI","ADMINISTRACAO PUBLICA","M","NORTE","baixo","baixo","medio",NA,"alto","medio","baixo","baixo","baixo","baixo"
2269384,200801,2008-01-01,2008,"01",0,0,0,"HOSPITAL FEDERAL DO ANDARAI","ADMINISTRACAO PUBLICA","M","NORTE","medio","baixo","alto","baixo","alto","medio","baixo","baixo","baixo","baixo"
2269384,200802,2008-02-01,2008,"02",25.6410256410256,25.6410256410256,0,"HOSPITAL FEDERAL DO ANDARAI","ADMINISTRACAO PUBLICA","M","NORTE","baixo","baixo","medio","alto","alto","alto","medio","alto","alto","baixo"
2269384,200803,2008-03-01,2008,"03",11.3636363636364,11.3636363636364,0,"HOSPITAL FEDERAL DO ANDARAI","ADMINISTRACAO PUBLICA","M","NORTE","baixo","baixo","medio","baixo","alto","alto","baixo","medio","alto","baixo"
2269384,200804,2008-04-01,2008,"04",0,0,0,"HOSPITAL FEDERAL DO ANDARAI","ADMINISTRACAO PUBLICA","M","NORTE","baixo","baixo","medio","medio","alto","medio","baixo","baixo","baixo","baixo"
2269384,200805,2008-05-01,2008,"05",10,10,0,"HOSPITAL FEDERAL DO ANDARAI","ADMINISTRACAO PUBLICA","M","NORTE","baixo","baixo","medio","baixo","alto","alto","baixo","medio","alto","baixo"
2269384,200806,2008-06-01,2008,"06",18.348623853211,18.348623853211,0,"HOSPITAL FEDERAL DO ANDARAI","ADMINISTRACAO PUBLICA","M","NORTE","baixo","baixo","alto","baixo","alto","alto","baixo","alto","alto","baixo"
2269384,200807,2008-07-01,2008,"07",10.4166666666667,10.4166666666667,0,"HOSPITAL FEDERAL DO ANDARAI","ADMINISTRACAO PUBLICA","M","NORTE","baixo","baixo","alto","baixo","alto","alto","baixo","medio","alto","baixo"
2269384,200808,2008-08-01,2008,"08",0,0,0,"HOSPITAL FEDERAL DO ANDARAI","ADMINISTRACAO PUBLICA","M","NORTE","baixo","baixo","alto","baixo","alto","medio","baixo","baixo","baixo","baixo"
2269384,200809,2008-09-01,2008,"09",0,0,0,"HOSPITAL FEDERAL DO ANDARAI","ADMINISTRACAO PUBLICA","M","NORTE","baixo","baixo","medio","baixo","medio","medio","baixo","baixo","baixo","baixo"
2269384,200810,2008-10-01,2008,"10",0,0,0,"HOSPITAL FEDERAL DO ANDARAI","ADMINISTRACAO PUBLICA","M","NORTE","baixo","baixo","medio","baixo","alto","alto","baixo","baixo","baixo","baixo"
2269384,200811,2008-11-01,2008,"11",0,0,0,"HOSPITAL FEDERAL DO ANDARAI","ADMINISTRACAO PUBLICA","M","NORTE","baixo","baixo","medio","baixo","alto","baixo","baixo","baixo","baixo","baixo"
2269384,200812,2008-12-01,2008,"12",0,0,0,"HOSPITAL FEDERAL DO ANDARAI","ADMINISTRACAO PUBLICA","M","NORTE","baixo","baixo","alto","medio","alto","alto","baixo","baixo","baixo","baixo"
2269384,200901,2009-01-01,2009,"01",44.4444444444444,44.4444444444444,0,"HOSPITAL FEDERAL DO ANDARAI","ADMINISTRACAO PUBLICA","M","NORTE","baixo","medio","alto",NA,"alto","alto","baixo","alto","alto","baixo"
2269384,200902,2009-02-01,2009,"02",0,0,0,"HOSPITAL FEDERAL DO ANDARAI","ADMINISTRACAO PUBLICA","M","NORTE","baixo","baixo","alto",NA,"alto","medio","baixo","baixo","baixo","baixo"
2269384,200903,2009-03-01,2009,"03",0,0,0,"HOSPITAL FEDERAL DO ANDARAI","ADMINISTRACAO PUBLICA","M","NORTE","baixo","baixo","medio",NA,"alto","medio","medio","baixo","baixo","baixo"
2269384,200904,2009-04-01,2009,"04",10.3092783505155,10.3092783505155,0,"HOSPITAL FEDERAL DO ANDARAI","ADMINISTRACAO PUBLICA","M","NORTE","baixo","baixo","medio",NA,"alto","alto","baixo","medio","alto","baixo"
2269384,200905,2009-05-01,2009,"05",0,0,0,"HOSPITAL FEDERAL DO ANDARAI","ADMINISTRACAO PUBLICA","M","NORTE","baixo","baixo","alto",NA,"alto","baixo","baixo","baixo","baixo","baixo"
2269384,200906,2009-06-01,2009,"06",0,0,0,"HOSPITAL FEDERAL DO ANDARAI","ADMINISTRACAO PUBLICA","M","NORTE","baixo","baixo","medio",NA,"alto","alto","baixo","baixo","baixo","baixo"
2269384,200907,2009-07-01,2009,"07",0,0,0,"HOSPITAL FEDERAL DO ANDARAI","ADMINISTRACAO PUBLICA","M","NORTE","baixo","baixo","medio",NA,"alto","baixo","baixo","baixo","baixo","baixo"
2269384,200908,2009-08-01,2009,"08",12.0481927710843,12.0481927710843,0,"HOSPITAL FEDERAL DO ANDARAI","ADMINISTRACAO PUBLICA","M","NORTE","baixo","baixo","medio",NA,"alto","alto","baixo","alto","alto","baixo"
2269384,200909,2009-09-01,2009,"09",0,0,0,"HOSPITAL FEDERAL DO ANDARAI","ADMINISTRACAO PUBLICA","M","NORTE","baixo","baixo","medio",NA,"alto","alto","medio","baixo","baixo","baixo"
2269384,200910,2009-10-01,2009,"10",13.1578947368421,0,13.1578947368421,"HOSPITAL FEDERAL DO ANDARAI","ADMINISTRACAO PUBLICA","M","NORTE","baixo","baixo","medio",NA,"alto","baixo","baixo","alto","baixo","alto"
2269384,200911,2009-11-01,2009,"11",0,0,0,"HOSPITAL FEDERAL DO ANDARAI","ADMINISTRACAO PUBLICA","M","NORTE","baixo","baixo","medio",NA,"alto","alto","baixo","baixo","baixo","baixo"
2269384,200912,2009-12-01,2009,"12",0,0,0,"HOSPITAL FEDERAL DO ANDARAI","ADMINISTRACAO PUBLICA","M","NORTE","baixo","baixo","baixo",NA,"alto","baixo","baixo","baixo","baixo","baixo"
2269384,201001,2010-01-01,2010,"01",9.1743119266055,9.1743119266055,0,"HOSPITAL FEDERAL DO ANDARAI","ADMINISTRACAO PUBLICA","M","NORTE","baixo","baixo","medio",NA,"alto","alto","baixo","medio","alto","baixo"
2269384,201002,2010-02-01,2010,"02",9.34579439252336,0,9.34579439252336,"HOSPITAL FEDERAL DO ANDARAI","ADMINISTRACAO PUBLICA","M","NORTE","baixo","baixo","medio",NA,"alto","medio","baixo","medio","baixo","alto"
2269384,201003,2010-03-01,2010,"03",9.70873786407767,9.70873786407767,0,"HOSPITAL FEDERAL DO ANDARAI","ADMINISTRACAO PUBLICA","M","NORTE","baixo","baixo","medio",NA,"alto","alto","medio","medio","alto","baixo"
2269384,201004,2010-04-01,2010,"04",0,0,0,"HOSPITAL FEDERAL DO ANDARAI","ADMINISTRACAO PUBLICA","M","NORTE","baixo","baixo","alto",NA,"alto","baixo","medio","baixo","baixo","baixo"
2269384,201005,2010-05-01,2010,"05",0,0,0,"HOSPITAL FEDERAL DO ANDARAI","ADMINISTRACAO PUBLICA","M","NORTE","baixo","baixo","alto",NA,"alto","alto","medio","baixo","baixo","baixo"
2269384,201006,2010-06-01,2010,"06",9.9009900990099,9.9009900990099,0,"HOSPITAL FEDERAL DO ANDARAI","ADMINISTRACAO PUBLICA","M","NORTE","baixo","baixo","alto",NA,"alto","medio","baixo","medio","alto","baixo"
2269384,201007,2010-07-01,2010,"07",0,0,0,"HOSPITAL FEDERAL DO ANDARAI","ADMINISTRACAO PUBLICA","M","NORTE","medio","baixo","alto",NA,"alto","medio","baixo","baixo","baixo","baixo"
2269384,201008,2010-08-01,2010,"08",13.3333333333333,13.3333333333333,0,"HOSPITAL FEDERAL DO ANDARAI","ADMINISTRACAO PUBLICA","M","NORTE","baixo","baixo","medio",NA,"alto","medio","baixo","alto","alto","baixo"
2269384,201009,2010-09-01,2010,"09",0,0,0,"HOSPITAL FEDERAL DO ANDARAI","ADMINISTRACAO PUBLICA","M","NORTE","baixo","baixo","medio",NA,"medio","medio","baixo","baixo","baixo","baixo"
2269384,201010,2010-10-01,2010,"10",12.0481927710843,0,12.0481927710843,"HOSPITAL FEDERAL DO ANDARAI","ADMINISTRACAO PUBLICA","M","NORTE","baixo","baixo","medio",NA,"alto","baixo","baixo","alto","baixo","alto"
2269384,201011,2010-11-01,2010,"11",0,0,0,"HOSPITAL FEDERAL DO ANDARAI","ADMINISTRACAO PUBLICA","M","NORTE","baixo","baixo","alto",NA,"alto","baixo","baixo","baixo","baixo","baixo"
2269384,201012,2010-12-01,2010,"12",0,0,0,"HOSPITAL FEDERAL DO ANDARAI","ADMINISTRACAO PUBLICA","M","NORTE","baixo","baixo","medio",NA,"alto","alto","baixo","baixo","baixo","baixo"
2269384,201101,2011-01-01,2011,"01",0,0,0,"HOSPITAL FEDERAL DO ANDARAI","ADMINISTRACAO PUBLICA","M","NORTE","baixo","baixo","medio","baixo","alto","medio","baixo","baixo","baixo","baixo"
2269384,201102,2011-02-01,2011,"02",0,0,0,"HOSPITAL FEDERAL DO ANDARAI","ADMINISTRACAO PUBLICA","M","NORTE","baixo","baixo","medio","baixo","alto","baixo","medio","baixo","baixo","baixo"
2269384,201103,2011-03-01,2011,"03",0,0,0,"HOSPITAL FEDERAL DO ANDARAI","ADMINISTRACAO PUBLICA","M","NORTE","baixo","alto","medio","baixo","alto","baixo","baixo","baixo","baixo","baixo"
2269384,201104,2011-04-01,2011,"04",0,0,0,"HOSPITAL FEDERAL DO ANDARAI","ADMINISTRACAO PUBLICA","M","NORTE","baixo","medio","alto","alto","alto","alto","medio","baixo","baixo","baixo"
2269384,201105,2011-05-01,2011,"05",0,0,0,"HOSPITAL FEDERAL DO ANDARAI","ADMINISTRACAO PUBLICA","M","NORTE","baixo","alto","alto","baixo","alto","baixo","baixo","baixo","baixo","baixo"
2269384,201106,2011-06-01,2011,"06",0,0,0,"HOSPITAL FEDERAL DO ANDARAI","ADMINISTRACAO PUBLICA","M","NORTE","baixo","baixo","baixo","alto","alto","baixo","baixo","baixo","baixo","baixo"
2269384,201107,2011-07-01,2011,"07",0,0,0,"HOSPITAL FEDERAL DO ANDARAI","ADMINISTRACAO PUBLICA","M","NORTE","baixo","alto","alto","alto","alto","baixo","baixo","baixo","baixo","baixo"
2269384,201108,2011-08-01,2011,"08",0,0,0,"HOSPITAL FEDERAL DO ANDARAI","ADMINISTRACAO PUBLICA","M","NORTE","baixo","baixo","alto","alto","alto","baixo","baixo","baixo","baixo","baixo"
2269384,201109,2011-09-01,2011,"09",0,0,0,"HOSPITAL FEDERAL DO ANDARAI","ADMINISTRACAO PUBLICA","M","NORTE","baixo","baixo","alto","alto","alto","baixo","baixo","baixo","baixo","baixo"
2269384,201111,2011-11-01,2011,"11",0,0,0,"HOSPITAL FEDERAL DO ANDARAI","ADMINISTRACAO PUBLICA","M","NORTE","baixo","alto","alto","baixo","alto","alto","baixo","baixo","baixo","baixo"
2269384,201112,2011-12-01,2011,"12",125,125,0,"HOSPITAL FEDERAL DO ANDARAI","ADMINISTRACAO PUBLICA","M","NORTE","baixo","alto","alto","medio","alto","alto","baixo","alto","alto","baixo"
2269384,201201,2012-01-01,2012,"01",0,0,0,"HOSPITAL FEDERAL DO ANDARAI","ADMINISTRACAO PUBLICA","M","NORTE","baixo","alto","alto",NA,"alto","alto","baixo","baixo","baixo","baixo"
2269384,201202,2012-02-01,2012,"02",0,0,0,"HOSPITAL FEDERAL DO ANDARAI","ADMINISTRACAO PUBLICA","M","NORTE","baixo","alto","alto",NA,"alto","alto","baixo","baixo","baixo","baixo"
2269384,201203,2012-03-01,2012,"03",0,0,0,"HOSPITAL FEDERAL DO ANDARAI","ADMINISTRACAO PUBLICA","M","NORTE","baixo","alto","alto",NA,"alto","baixo","baixo","baixo","baixo","baixo"
2269384,201204,2012-04-01,2012,"04",0,0,0,"HOSPITAL FEDERAL DO ANDARAI","ADMINISTRACAO PUBLICA","M","NORTE","baixo","alto","alto",NA,"alto","baixo","medio","baixo","baixo","baixo"
2269384,201205,2012-05-01,2012,"05",0,0,0,"HOSPITAL FEDERAL DO ANDARAI","ADMINISTRACAO PUBLICA","M","NORTE","baixo","baixo","alto",NA,"alto","baixo","alto","baixo","baixo","baixo"
2269384,201206,2012-06-01,2012,"06",0,0,0,"HOSPITAL FEDERAL DO ANDARAI","ADMINISTRACAO PUBLICA","M","NORTE","baixo","baixo","alto",NA,"alto","baixo","baixo","baixo","baixo","baixo"
2269384,201207,2012-07-01,2012,"07",0,0,0,"HOSPITAL FEDERAL DO ANDARAI","ADMINISTRACAO PUBLICA","M","NORTE","baixo","alto","alto",NA,"alto","baixo","baixo","baixo","baixo","baixo"
2269384,201208,2012-08-01,2012,"08",0,0,0,"HOSPITAL FEDERAL DO ANDARAI","ADMINISTRACAO PUBLICA","M","NORTE","baixo","baixo","alto",NA,"alto","baixo","baixo","baixo","baixo","baixo"
2269384,201209,2012-09-01,2012,"09",0,0,0,"HOSPITAL FEDERAL DO ANDARAI","ADMINISTRACAO PUBLICA","M","NORTE","baixo","baixo","alto",NA,"baixo","baixo","baixo","baixo","baixo","baixo"
2269384,201210,2012-10-01,2012,"10",0,0,0,"HOSPITAL FEDERAL DO ANDARAI","ADMINISTRACAO PUBLICA","M","NORTE","baixo","alto","alto",NA,"alto","baixo","baixo","baixo","baixo","baixo"
2269384,201307,2013-07-01,2013,"07",0,0,0,"HOSPITAL FEDERAL DO ANDARAI","ADMINISTRACAO PUBLICA","M","NORTE","baixo","alto","baixo","baixo","baixo","baixo","baixo","baixo","baixo","baixo"
2269783,200601,2006-01-01,2006,"01",44.4444444444444,22.2222222222222,22.2222222222222,"UERJ HOSPITAL UNIV PEDRO ERNESTO","ADMINISTRACAO PUBLICA","E","NORTE","baixo","alto","medio","alto","alto","baixo","alto","alto","alto","alto"
2269783,200602,2006-02-01,2006,"02",20,20,0,"UERJ HOSPITAL UNIV PEDRO ERNESTO","ADMINISTRACAO PUBLICA","E","NORTE","baixo","alto","baixo","alto","alto","alto","alto","alto","alto","baixo"
2269783,200603,2006-03-01,2006,"03",32.7868852459016,16.3934426229508,16.3934426229508,"UERJ HOSPITAL UNIV PEDRO ERNESTO","ADMINISTRACAO PUBLICA","E","NORTE","baixo","alto","baixo","alto","alto","alto","alto","alto","alto","alto"
2269783,200604,2006-04-01,2006,"04",40.8163265306122,20.4081632653061,20.4081632653061,"UERJ HOSPITAL UNIV PEDRO ERNESTO","ADMINISTRACAO PUBLICA","E","NORTE","baixo","alto","baixo","medio","medio","alto","alto","alto","alto","alto"
2269783,200605,2006-05-01,2006,"05",65.2173913043478,65.2173913043478,0,"UERJ HOSPITAL UNIV PEDRO ERNESTO","ADMINISTRACAO PUBLICA","E","NORTE","baixo","alto","baixo","alto","alto","alto","alto","alto","alto","baixo"
2269783,200606,2006-06-01,2006,"06",0,0,0,"UERJ HOSPITAL UNIV PEDRO ERNESTO","ADMINISTRACAO PUBLICA","E","NORTE","baixo","alto","medio","alto","medio","baixo","alto","baixo","baixo","baixo"
2269783,200607,2006-07-01,2006,"07",74.0740740740741,37.037037037037,37.037037037037,"UERJ HOSPITAL UNIV PEDRO ERNESTO","ADMINISTRACAO PUBLICA","E","NORTE","baixo","alto","baixo","alto","alto","medio","alto","alto","alto","alto"
2269783,200608,2006-08-01,2006,"08",0,0,0,"UERJ HOSPITAL UNIV PEDRO ERNESTO","ADMINISTRACAO PUBLICA","E","NORTE","baixo","alto","baixo","alto","alto","baixo","alto","baixo","baixo","baixo"
2269783,200609,2006-09-01,2006,"09",0,0,0,"UERJ HOSPITAL UNIV PEDRO ERNESTO","ADMINISTRACAO PUBLICA","E","NORTE","baixo","alto","baixo","alto","alto","baixo","alto","baixo","baixo","baixo"
2269783,200610,2006-10-01,2006,"10",18.1818181818182,18.1818181818182,0,"UERJ HOSPITAL UNIV PEDRO ERNESTO","ADMINISTRACAO PUBLICA","E","NORTE","baixo","alto","baixo","alto","alto","baixo","alto","alto","alto","baixo"
2269783,200611,2006-11-01,2006,"11",60,60,0,"UERJ HOSPITAL UNIV PEDRO ERNESTO","ADMINISTRACAO PUBLICA","E","NORTE","baixo","medio","baixo","alto","alto","alto","alto","alto","alto","baixo"
2269783,200612,2006-12-01,2006,"12",56.6037735849057,37.7358490566038,18.8679245283019,"UERJ HOSPITAL UNIV PEDRO ERNESTO","ADMINISTRACAO PUBLICA","E","NORTE","baixo","alto","baixo","alto","baixo","alto","alto","alto","alto","alto"
2269783,200701,2007-01-01,2007,"01",20,20,0,"UERJ HOSPITAL UNIV PEDRO ERNESTO","ADMINISTRACAO PUBLICA","E","NORTE","baixo","alto","baixo",NA,"medio","baixo","medio","alto","alto","baixo"
2269783,200702,2007-02-01,2007,"02",0,0,0,"UERJ HOSPITAL UNIV PEDRO ERNESTO","ADMINISTRACAO PUBLICA","E","NORTE","baixo","alto","medio",NA,"alto","baixo","medio","baixo","baixo","baixo"
2269783,200703,2007-03-01,2007,"03",12.8205128205128,0,12.8205128205128,"UERJ HOSPITAL UNIV PEDRO ERNESTO","ADMINISTRACAO PUBLICA","E","NORTE","baixo","alto","baixo",NA,"alto","baixo","alto","alto","baixo","alto"
2269783,200704,2007-04-01,2007,"04",0,0,0,"UERJ HOSPITAL UNIV PEDRO ERNESTO","ADMINISTRACAO PUBLICA","E","NORTE","baixo","alto","medio",NA,"alto","baixo","alto","baixo","baixo","baixo"
2269783,200705,2007-05-01,2007,"05",23.5294117647059,11.7647058823529,11.7647058823529,"UERJ HOSPITAL UNIV PEDRO ERNESTO","ADMINISTRACAO PUBLICA","E","NORTE","baixo","alto","baixo",NA,"medio","alto","alto","alto","alto","alto"
2269783,200706,2007-06-01,2007,"06",12.0481927710843,12.0481927710843,0,"UERJ HOSPITAL UNIV PEDRO ERNESTO","ADMINISTRACAO PUBLICA","E","NORTE","baixo","alto","baixo",NA,"medio","medio","alto","alto","alto","baixo"
2269783,200707,2007-07-01,2007,"07",70.1754385964912,52.6315789473684,17.5438596491228,"UERJ HOSPITAL UNIV PEDRO ERNESTO","ADMINISTRACAO PUBLICA","E","NORTE","baixo","alto","baixo",NA,"alto","alto","medio","alto","alto","alto"
2269783,200708,2007-08-01,2007,"08",0,0,0,"UERJ HOSPITAL UNIV PEDRO ERNESTO","ADMINISTRACAO PUBLICA","E","NORTE","baixo","alto","medio",NA,"alto","baixo","alto","baixo","baixo","baixo"
2269783,200709,2007-09-01,2007,"09",16.9491525423729,16.9491525423729,0,"UERJ HOSPITAL UNIV PEDRO ERNESTO","ADMINISTRACAO PUBLICA","E","NORTE","baixo","alto","baixo",NA,"alto","medio","medio","alto","alto","baixo"
2269783,200710,2007-10-01,2007,"10",35.7142857142857,35.7142857142857,0,"UERJ HOSPITAL UNIV PEDRO ERNESTO","ADMINISTRACAO PUBLICA","E","NORTE","baixo","alto","medio",NA,"alto","alto","alto","alto","alto","baixo"
2269783,200711,2007-11-01,2007,"11",0,0,0,"UERJ HOSPITAL UNIV PEDRO ERNESTO","ADMINISTRACAO PUBLICA","E","NORTE","baixo","alto","medio",NA,"alto","baixo","alto","baixo","baixo","baixo"
2269783,200712,2007-12-01,2007,"12",18.8679245283019,18.8679245283019,0,"UERJ HOSPITAL UNIV PEDRO ERNESTO","ADMINISTRACAO PUBLICA","E","NORTE","baixo","alto","medio",NA,"alto","baixo","alto","alto","alto","baixo"
2269783,200801,2008-01-01,2008,"01",35.0877192982456,17.5438596491228,17.5438596491228,"UERJ HOSPITAL UNIV PEDRO ERNESTO","ADMINISTRACAO PUBLICA","E","NORTE","baixo","alto","baixo","alto","alto","medio","alto","alto","alto","alto"
2269783,200802,2008-02-01,2008,"02",64.5161290322581,16.1290322580645,48.3870967741935,"UERJ HOSPITAL UNIV PEDRO ERNESTO","ADMINISTRACAO PUBLICA","E","NORTE","baixo","alto","baixo","alto","medio","medio","alto","alto","alto","alto"
2269783,200803,2008-03-01,2008,"03",26.3157894736842,26.3157894736842,0,"UERJ HOSPITAL UNIV PEDRO ERNESTO","ADMINISTRACAO PUBLICA","E","NORTE","baixo","alto","medio","alto","medio","medio","alto","alto","alto","baixo"
2269783,200804,2008-04-01,2008,"04",24.390243902439,24.390243902439,0,"UERJ HOSPITAL UNIV PEDRO ERNESTO","ADMINISTRACAO PUBLICA","E","NORTE","baixo","alto","baixo","alto","alto","alto","alto","alto","alto","baixo"
2269783,200805,2008-05-01,2008,"05",62.5,31.25,31.25,"UERJ HOSPITAL UNIV PEDRO ERNESTO","ADMINISTRACAO PUBLICA","E","NORTE","baixo","alto","baixo","alto","alto","alto","alto","alto","alto","alto"
2269783,200806,2008-06-01,2008,"06",59.7014925373134,44.7761194029851,14.9253731343284,"UERJ HOSPITAL UNIV PEDRO ERNESTO","ADMINISTRACAO PUBLICA","E","NORTE","baixo","alto","baixo","medio","alto","alto","alto","alto","alto","alto"
2269783,200807,2008-07-01,2008,"07",43.4782608695652,14.4927536231884,28.9855072463768,"UERJ HOSPITAL UNIV PEDRO ERNESTO","ADMINISTRACAO PUBLICA","E","NORTE","baixo","alto","medio","alto","medio","medio","alto","alto","alto","alto"
2269783,200808,2008-08-01,2008,"08",15.3846153846154,15.3846153846154,0,"UERJ HOSPITAL UNIV PEDRO ERNESTO","ADMINISTRACAO PUBLICA","E","NORTE","baixo","alto","baixo","alto","alto","medio","alto","alto","alto","baixo"
2269783,200809,2008-09-01,2008,"09",47.6190476190476,47.6190476190476,0,"UERJ HOSPITAL UNIV PEDRO ERNESTO","ADMINISTRACAO PUBLICA","E","NORTE","baixo","alto","medio","alto","alto","medio","alto","alto","alto","baixo"
2269783,200810,2008-10-01,2008,"10",16.6666666666667,16.6666666666667,0,"UERJ HOSPITAL UNIV PEDRO ERNESTO","ADMINISTRACAO PUBLICA","E","NORTE","baixo","alto","baixo","medio","baixo","medio","alto","alto","alto","baixo"
2269783,200811,2008-11-01,2008,"11",15.8730158730159,15.8730158730159,0,"UERJ HOSPITAL UNIV PEDRO ERNESTO","ADMINISTRACAO PUBLICA","E","NORTE","baixo","alto","baixo","alto","medio","baixo","alto","alto","alto","baixo"
2269783,200812,2008-12-01,2008,"12",35.7142857142857,11.9047619047619,23.8095238095238,"UERJ HOSPITAL UNIV PEDRO ERNESTO","ADMINISTRACAO PUBLICA","E","NORTE","baixo","alto","baixo","alto","medio","medio","alto","alto","alto","alto"
2269783,200901,2009-01-01,2009,"01",46.1538461538462,15.3846153846154,30.7692307692308,"UERJ HOSPITAL UNIV PEDRO ERNESTO","ADMINISTRACAO PUBLICA","E","NORTE","baixo","alto","baixo",NA,"medio","medio","alto","alto","alto","alto"
2269783,200902,2009-02-01,2009,"02",53.3333333333333,53.3333333333333,0,"UERJ HOSPITAL UNIV PEDRO ERNESTO","ADMINISTRACAO PUBLICA","E","NORTE","baixo","alto","baixo",NA,"medio","alto","alto","alto","alto","baixo"
2269783,200903,2009-03-01,2009,"03",15.3846153846154,0,15.3846153846154,"UERJ HOSPITAL UNIV PEDRO ERNESTO","ADMINISTRACAO PUBLICA","E","NORTE","baixo","alto","medio",NA,"medio","alto","alto","alto","baixo","alto"
2269783,200904,2009-04-01,2009,"04",14.9253731343284,14.9253731343284,0,"UERJ HOSPITAL UNIV PEDRO ERNESTO","ADMINISTRACAO PUBLICA","E","NORTE","baixo","alto","baixo",NA,"medio","alto","alto","alto","alto","baixo"
2269783,200905,2009-05-01,2009,"05",0,0,0,"UERJ HOSPITAL UNIV PEDRO ERNESTO","ADMINISTRACAO PUBLICA","E","NORTE","baixo","alto","medio",NA,"medio","baixo","alto","baixo","baixo","baixo"
2269783,200906,2009-06-01,2009,"06",0,0,0,"UERJ HOSPITAL UNIV PEDRO ERNESTO","ADMINISTRACAO PUBLICA","E","NORTE","baixo","alto","baixo",NA,"baixo","medio","alto","baixo","baixo","baixo"
2269783,200907,2009-07-01,2009,"07",26.6666666666667,26.6666666666667,0,"UERJ HOSPITAL UNIV PEDRO ERNESTO","ADMINISTRACAO PUBLICA","E","NORTE","baixo","alto","medio",NA,"medio","alto","alto","alto","alto","baixo"
2269783,200908,2009-08-01,2009,"08",0,0,0,"UERJ HOSPITAL UNIV PEDRO ERNESTO","ADMINISTRACAO PUBLICA","E","NORTE","baixo","alto","baixo",NA,"alto","medio","alto","baixo","baixo","baixo"
2269783,200909,2009-09-01,2009,"09",29.4117647058824,14.7058823529412,14.7058823529412,"UERJ HOSPITAL UNIV PEDRO ERNESTO","ADMINISTRACAO PUBLICA","E","NORTE","baixo","alto","baixo",NA,"medio","baixo","alto","alto","alto","alto"
2269783,200910,2009-10-01,2009,"10",0,0,0,"UERJ HOSPITAL UNIV PEDRO ERNESTO","ADMINISTRACAO PUBLICA","E","NORTE","baixo","medio","baixo",NA,"alto","alto","alto","baixo","baixo","baixo"
2269783,200911,2009-11-01,2009,"11",0,0,0,"UERJ HOSPITAL UNIV PEDRO ERNESTO","ADMINISTRACAO PUBLICA","E","NORTE","baixo","alto","baixo",NA,"medio","baixo","alto","baixo","baixo","baixo"
2269783,200912,2009-12-01,2009,"12",0,0,0,"UERJ HOSPITAL UNIV PEDRO ERNESTO","ADMINISTRACAO PUBLICA","E","NORTE","baixo","alto","baixo",NA,"baixo","alto","alto","baixo","baixo","baixo"
2269783,201001,2010-01-01,2010,"01",14.9253731343284,14.9253731343284,0,"UERJ HOSPITAL UNIV PEDRO ERNESTO","ADMINISTRACAO PUBLICA","E","NORTE","baixo","alto","baixo",NA,"alto","medio","alto","alto","alto","baixo"
2269783,201002,2010-02-01,2010,"02",12.8205128205128,12.8205128205128,0,"UERJ HOSPITAL UNIV PEDRO ERNESTO","ADMINISTRACAO PUBLICA","E","NORTE","baixo","alto","baixo",NA,"alto","alto","alto","alto","alto","baixo"
2269783,201003,2010-03-01,2010,"03",55.5555555555556,55.5555555555556,0,"UERJ HOSPITAL UNIV PEDRO ERNESTO","ADMINISTRACAO PUBLICA","E","NORTE","baixo","alto","medio",NA,"medio","alto","alto","alto","alto","baixo"
2269783,201004,2010-04-01,2010,"04",18.8679245283019,18.8679245283019,0,"UERJ HOSPITAL UNIV PEDRO ERNESTO","ADMINISTRACAO PUBLICA","E","NORTE","baixo","alto","medio",NA,"alto","alto","alto","alto","alto","baixo"
2269783,201005,2010-05-01,2010,"05",15.3846153846154,0,15.3846153846154,"UERJ HOSPITAL UNIV PEDRO ERNESTO","ADMINISTRACAO PUBLICA","E","NORTE","baixo","medio","baixo",NA,"alto","baixo","alto","alto","baixo","alto"
2269783,201006,2010-06-01,2010,"06",0,0,0,"UERJ HOSPITAL UNIV PEDRO ERNESTO","ADMINISTRACAO PUBLICA","E","NORTE","baixo","alto","baixo",NA,"medio","baixo","alto","baixo","baixo","baixo"
2269783,201007,2010-07-01,2010,"07",0,0,0,"UERJ HOSPITAL UNIV PEDRO ERNESTO","ADMINISTRACAO PUBLICA","E","NORTE","baixo","medio","baixo",NA,"alto","medio","alto","baixo","baixo","baixo"
2269783,201008,2010-08-01,2010,"08",35.7142857142857,17.8571428571429,17.8571428571429,"UERJ HOSPITAL UNIV PEDRO ERNESTO","ADMINISTRACAO PUBLICA","E","NORTE","baixo","alto","baixo",NA,"medio","baixo","alto","alto","alto","alto"
2269783,201009,2010-09-01,2010,"09",0,0,0,"UERJ HOSPITAL UNIV PEDRO ERNESTO","ADMINISTRACAO PUBLICA","E","NORTE","baixo","medio","baixo",NA,"medio","medio","alto","baixo","baixo","baixo"
2269783,201010,2010-10-01,2010,"10",0,0,0,"UERJ HOSPITAL UNIV PEDRO ERNESTO","ADMINISTRACAO PUBLICA","E","NORTE","baixo","medio","baixo",NA,"medio","baixo","alto","baixo","baixo","baixo"
2269783,201011,2010-11-01,2010,"11",15.1515151515152,0,15.1515151515152,"UERJ HOSPITAL UNIV PEDRO ERNESTO","ADMINISTRACAO PUBLICA","E","NORTE","baixo","medio","baixo",NA,"baixo","alto","alto","alto","baixo","alto"
2269783,201012,2010-12-01,2010,"12",0,0,0,"UERJ HOSPITAL UNIV PEDRO ERNESTO","ADMINISTRACAO PUBLICA","E","NORTE","baixo","medio","baixo",NA,"medio","alto","alto","baixo","baixo","baixo"
2269783,201101,2011-01-01,2011,"01",41.6666666666667,27.7777777777778,13.8888888888889,"UERJ HOSPITAL UNIV PEDRO ERNESTO","ADMINISTRACAO PUBLICA","E","NORTE","baixo","alto","baixo","alto","medio","alto","alto","alto","alto","alto"
2269783,201102,2011-02-01,2011,"02",0,0,0,"UERJ HOSPITAL UNIV PEDRO ERNESTO","ADMINISTRACAO PUBLICA","E","NORTE","baixo","alto","baixo","alto","medio","alto","alto","baixo","baixo","baixo"
2269783,201103,2011-03-01,2011,"03",0,0,0,"UERJ HOSPITAL UNIV PEDRO ERNESTO","ADMINISTRACAO PUBLICA","E","NORTE","baixo","alto","baixo","alto","medio","baixo","alto","baixo","baixo","baixo"
2269783,201104,2011-04-01,2011,"04",0,0,0,"UERJ HOSPITAL UNIV PEDRO ERNESTO","ADMINISTRACAO PUBLICA","E","NORTE","baixo","alto","medio","alto","alto","medio","alto","baixo","baixo","baixo"
2269783,201105,2011-05-01,2011,"05",0,0,0,"UERJ HOSPITAL UNIV PEDRO ERNESTO","ADMINISTRACAO PUBLICA","E","NORTE","baixo","alto","medio","alto","alto","alto","alto","baixo","baixo","baixo"
2269783,201106,2011-06-01,2011,"06",14.9253731343284,14.9253731343284,0,"UERJ HOSPITAL UNIV PEDRO ERNESTO","ADMINISTRACAO PUBLICA","E","NORTE","baixo","alto","medio","alto","alto","baixo","alto","alto","alto","baixo"
2269783,201107,2011-07-01,2011,"07",16.1290322580645,16.1290322580645,0,"UERJ HOSPITAL UNIV PEDRO ERNESTO","ADMINISTRACAO PUBLICA","E","NORTE","baixo","alto","medio","alto","medio","baixo","alto","alto","alto","baixo"
2269783,201108,2011-08-01,2011,"08",16.6666666666667,16.6666666666667,0,"UERJ HOSPITAL UNIV PEDRO ERNESTO","ADMINISTRACAO PUBLICA","E","NORTE","baixo","alto","baixo","medio","medio","alto","alto","alto","alto","baixo"
2269783,201109,2011-09-01,2011,"09",13.6986301369863,13.6986301369863,0,"UERJ HOSPITAL UNIV PEDRO ERNESTO","ADMINISTRACAO PUBLICA","E","NORTE","baixo","alto","baixo","alto","medio","baixo","alto","alto","alto","baixo"
2269783,201110,2011-10-01,2011,"10",0,0,0,"UERJ HOSPITAL UNIV PEDRO ERNESTO","ADMINISTRACAO PUBLICA","E","NORTE","baixo","alto","baixo","alto","medio","medio","alto","baixo","baixo","baixo"
2269783,201111,2011-11-01,2011,"11",14.7058823529412,14.7058823529412,0,"UERJ HOSPITAL UNIV PEDRO ERNESTO","ADMINISTRACAO PUBLICA","E","NORTE","baixo","alto","baixo","alto","medio","medio","medio","alto","alto","baixo"
2269783,201112,2011-12-01,2011,"12",14.9253731343284,14.9253731343284,0,"UERJ HOSPITAL UNIV PEDRO ERNESTO","ADMINISTRACAO PUBLICA","E","NORTE","baixo","alto","baixo","alto","medio","alto","alto","alto","alto","baixo"
2269783,201201,2012-01-01,2012,"01",14.9253731343284,14.9253731343284,0,"UERJ HOSPITAL UNIV PEDRO ERNESTO","ADMINISTRACAO PUBLICA","E","NORTE","baixo","alto","baixo",NA,"medio","baixo","alto","alto","alto","baixo"
2269783,201202,2012-02-01,2012,"02",0,0,0,"UERJ HOSPITAL UNIV PEDRO ERNESTO","ADMINISTRACAO PUBLICA","E","NORTE","baixo","alto","medio",NA,"baixo","alto","alto","baixo","baixo","baixo"
2269783,201203,2012-03-01,2012,"03",12.987012987013,12.987012987013,0,"UERJ HOSPITAL UNIV PEDRO ERNESTO","ADMINISTRACAO PUBLICA","E","NORTE","baixo","alto","baixo",NA,"medio","alto","alto","alto","alto","baixo"
2269783,201204,2012-04-01,2012,"04",15.3846153846154,0,15.3846153846154,"UERJ HOSPITAL UNIV PEDRO ERNESTO","ADMINISTRACAO PUBLICA","E","NORTE","baixo","alto","baixo",NA,"medio","baixo","alto","alto","baixo","alto"
2269783,201205,2012-05-01,2012,"05",28.5714285714286,28.5714285714286,0,"UERJ HOSPITAL UNIV PEDRO ERNESTO","ADMINISTRACAO PUBLICA","E","NORTE","baixo","alto","baixo",NA,"baixo","alto","alto","alto","alto","baixo"
2269783,201206,2012-06-01,2012,"06",0,0,0,"UERJ HOSPITAL UNIV PEDRO ERNESTO","ADMINISTRACAO PUBLICA","E","NORTE","baixo","alto","medio",NA,"medio","baixo","alto","baixo","baixo","baixo"
2269783,201207,2012-07-01,2012,"07",32.258064516129,16.1290322580645,16.1290322580645,"UERJ HOSPITAL UNIV PEDRO ERNESTO","ADMINISTRACAO PUBLICA","E","NORTE","baixo","alto","baixo",NA,"medio","medio","alto","alto","alto","alto"
2269783,201208,2012-08-01,2012,"08",25.974025974026,12.987012987013,12.987012987013,"UERJ HOSPITAL UNIV PEDRO ERNESTO","ADMINISTRACAO PUBLICA","E","NORTE","baixo","alto","baixo",NA,"baixo","alto","alto","alto","alto","alto"
2269783,201209,2012-09-01,2012,"09",0,0,0,"UERJ HOSPITAL UNIV PEDRO ERNESTO","ADMINISTRACAO PUBLICA","E","NORTE","baixo","alto","baixo",NA,"baixo","alto","alto","baixo","baixo","baixo"
2269783,201210,2012-10-01,2012,"10",61.5384615384615,46.1538461538462,15.3846153846154,"UERJ HOSPITAL UNIV PEDRO ERNESTO","ADMINISTRACAO PUBLICA","E","NORTE","baixo","alto","baixo",NA,"medio","alto","alto","alto","alto","alto"
2269783,201211,2012-11-01,2012,"11",0,0,0,"UERJ HOSPITAL UNIV PEDRO ERNESTO","ADMINISTRACAO PUBLICA","E","NORTE","baixo","alto","baixo",NA,"medio","baixo","alto","baixo","baixo","baixo"
2269783,201212,2012-12-01,2012,"12",0,0,0,"UERJ HOSPITAL UNIV PEDRO ERNESTO","ADMINISTRACAO PUBLICA","E","NORTE","baixo","medio","baixo",NA,"medio","baixo","alto","baixo","baixo","baixo"
2269783,201301,2013-01-01,2013,"01",30.3030303030303,30.3030303030303,0,"UERJ HOSPITAL UNIV PEDRO ERNESTO","ADMINISTRACAO PUBLICA","E","NORTE","baixo","alto","baixo","medio","medio","alto","alto","alto","alto","baixo"
2269783,201302,2013-02-01,2013,"02",0,0,0,"UERJ HOSPITAL UNIV PEDRO ERNESTO","ADMINISTRACAO PUBLICA","E","NORTE","baixo","alto","baixo","alto","baixo","alto","alto","baixo","baixo","baixo"
2269783,201303,2013-03-01,2013,"03",25,25,0,"UERJ HOSPITAL UNIV PEDRO ERNESTO","ADMINISTRACAO PUBLICA","E","NORTE","baixo","alto","baixo","alto","medio","alto","alto","alto","alto","baixo"
2269783,201304,2013-04-01,2013,"04",17.2413793103448,17.2413793103448,0,"UERJ HOSPITAL UNIV PEDRO ERNESTO","ADMINISTRACAO PUBLICA","E","NORTE","baixo","alto","baixo","alto","medio","medio","alto","alto","alto","baixo"
2269783,201305,2013-05-01,2013,"05",54.5454545454545,36.3636363636364,18.1818181818182,"UERJ HOSPITAL UNIV PEDRO ERNESTO","ADMINISTRACAO PUBLICA","E","NORTE","baixo","alto","baixo","alto","medio","alto","alto","alto","alto","alto"
2269783,201306,2013-06-01,2013,"06",0,0,0,"UERJ HOSPITAL UNIV PEDRO ERNESTO","ADMINISTRACAO PUBLICA","E","NORTE","baixo","alto","baixo","alto","baixo","baixo","alto","baixo","baixo","baixo"
2269783,201307,2013-07-01,2013,"07",14.4927536231884,14.4927536231884,0,"UERJ HOSPITAL UNIV PEDRO ERNESTO","ADMINISTRACAO PUBLICA","E","NORTE","baixo","medio","baixo","alto","medio","baixo","alto","alto","alto","baixo"
2269783,201308,2013-08-01,2013,"08",17.8571428571429,17.8571428571429,0,"UERJ HOSPITAL UNIV PEDRO ERNESTO","ADMINISTRACAO PUBLICA","E","NORTE","baixo","alto","baixo","alto","baixo","alto","alto","alto","alto","baixo"
2269783,201309,2013-09-01,2013,"09",19.6078431372549,19.6078431372549,0,"UERJ HOSPITAL UNIV PEDRO ERNESTO","ADMINISTRACAO PUBLICA","E","NORTE","baixo","alto","baixo","alto","medio","baixo","alto","alto","alto","baixo"
2269783,201310,2013-10-01,2013,"10",22.7272727272727,22.7272727272727,0,"UERJ HOSPITAL UNIV PEDRO ERNESTO","ADMINISTRACAO PUBLICA","E","NORTE","baixo","alto","medio","alto","medio","alto","alto","alto","alto","baixo"
2269783,201311,2013-11-01,2013,"11",83.3333333333333,41.6666666666667,41.6666666666667,"UERJ HOSPITAL UNIV PEDRO ERNESTO","ADMINISTRACAO PUBLICA","E","NORTE","baixo","alto","baixo","alto","medio","baixo","alto","alto","alto","alto"
2269783,201312,2013-12-01,2013,"12",0,0,0,"UERJ HOSPITAL UNIV PEDRO ERNESTO","ADMINISTRACAO PUBLICA","E","NORTE","baixo","alto","baixo","medio","medio","alto","alto","baixo","baixo","baixo"
2269783,201401,2014-01-01,2014,"01",15.625,15.625,0,"UERJ HOSPITAL UNIV PEDRO ERNESTO","ADMINISTRACAO PUBLICA","E","NORTE","baixo","alto","baixo","alto","medio","medio","alto","alto","alto","baixo"
2269783,201402,2014-02-01,2014,"02",48.780487804878,24.390243902439,24.390243902439,"UERJ HOSPITAL UNIV PEDRO ERNESTO","ADMINISTRACAO PUBLICA","E","NORTE","baixo","alto","baixo","alto","medio","alto","alto","alto","alto","alto"
2269783,201403,2014-03-01,2014,"03",0,0,0,"UERJ HOSPITAL UNIV PEDRO ERNESTO","ADMINISTRACAO PUBLICA","E","NORTE","baixo","alto","baixo","medio","medio","baixo","alto","baixo","baixo","baixo"
2269783,201404,2014-04-01,2014,"04",0,0,0,"UERJ HOSPITAL UNIV PEDRO ERNESTO","ADMINISTRACAO PUBLICA","E","NORTE","baixo","alto","baixo","alto","medio","medio","alto","baixo","baixo","baixo"
2269783,201405,2014-05-01,2014,"05",0,0,0,"UERJ HOSPITAL UNIV PEDRO ERNESTO","ADMINISTRACAO PUBLICA","E","NORTE","baixo","alto","medio","alto","medio","alto","alto","baixo","baixo","baixo"
2269783,201406,2014-06-01,2014,"06",0,0,0,"UERJ HOSPITAL UNIV PEDRO ERNESTO","ADMINISTRACAO PUBLICA","E","NORTE","baixo","alto","medio","alto","baixo","baixo","alto","baixo","baixo","baixo"
2269783,201407,2014-07-01,2014,"07",40.8163265306122,40.8163265306122,0,"UERJ HOSPITAL UNIV PEDRO ERNESTO","ADMINISTRACAO PUBLICA","E","NORTE","baixo","alto","baixo","alto","medio","alto","alto","alto","alto","baixo"
2269783,201408,2014-08-01,2014,"08",0,0,0,"UERJ HOSPITAL UNIV PEDRO ERNESTO","ADMINISTRACAO PUBLICA","E","NORTE","baixo","alto","baixo","alto","medio","baixo","alto","baixo","baixo","baixo"
2269783,201409,2014-09-01,2014,"09",34.4827586206897,34.4827586206897,0,"UERJ HOSPITAL UNIV PEDRO ERNESTO","ADMINISTRACAO PUBLICA","E","NORTE","baixo","alto","baixo","alto","baixo","alto","alto","alto","alto","baixo"
2269783,201410,2014-10-01,2014,"10",26.3157894736842,26.3157894736842,0,"UERJ HOSPITAL UNIV PEDRO ERNESTO","ADMINISTRACAO PUBLICA","E","NORTE","baixo","alto","baixo","medio","medio","alto","alto","alto","alto","baixo"
2269783,201411,2014-11-01,2014,"11",0,0,0,"UERJ HOSPITAL UNIV PEDRO ERNESTO","ADMINISTRACAO PUBLICA","E","NORTE","baixo","alto","baixo","alto","baixo","alto","alto","baixo","baixo","baixo"
2269783,201412,2014-12-01,2014,"12",0,0,0,"UERJ HOSPITAL UNIV PEDRO ERNESTO","ADMINISTRACAO PUBLICA","E","NORTE","baixo","alto","baixo","medio","baixo","alto","alto","baixo","baixo","baixo"
2269783,201501,2015-01-01,2015,"01",45.4545454545455,22.7272727272727,22.7272727272727,"UERJ HOSPITAL UNIV PEDRO ERNESTO","ADMINISTRACAO PUBLICA","E","NORTE","baixo","alto","medio","alto","medio","alto","alto","alto","alto","alto"
2269783,201502,2015-02-01,2015,"02",23.2558139534884,0,23.2558139534884,"UERJ HOSPITAL UNIV PEDRO ERNESTO","ADMINISTRACAO PUBLICA","E","NORTE","baixo","alto","baixo","alto","baixo","alto","alto","alto","baixo","alto"
2269783,201503,2015-03-01,2015,"03",0,0,0,"UERJ HOSPITAL UNIV PEDRO ERNESTO","ADMINISTRACAO PUBLICA","E","NORTE","baixo","medio","baixo","alto","baixo","baixo","alto","baixo","baixo","baixo"
2269783,201504,2015-04-01,2015,"04",18.1818181818182,0,18.1818181818182,"UERJ HOSPITAL UNIV PEDRO ERNESTO","ADMINISTRACAO PUBLICA","E","NORTE","baixo","alto","baixo","alto","baixo","alto","alto","alto","baixo","alto"
2269783,201505,2015-05-01,2015,"05",20,0,20,"UERJ HOSPITAL UNIV PEDRO ERNESTO","ADMINISTRACAO PUBLICA","E","NORTE","baixo","alto","baixo","alto","baixo","alto","alto","alto","baixo","alto"
2269783,201506,2015-06-01,2015,"06",0,0,0,"UERJ HOSPITAL UNIV PEDRO ERNESTO","ADMINISTRACAO PUBLICA","E","NORTE","baixo","alto","baixo","alto","baixo","alto","alto","baixo","baixo","baixo"
2269783,201507,2015-07-01,2015,"07",27.7777777777778,27.7777777777778,0,"UERJ HOSPITAL UNIV PEDRO ERNESTO","ADMINISTRACAO PUBLICA","E","NORTE","baixo","alto","baixo","alto","baixo","alto","alto","alto","alto","baixo"
2269783,201508,2015-08-01,2015,"08",25,25,0,"UERJ HOSPITAL UNIV PEDRO ERNESTO","ADMINISTRACAO PUBLICA","E","NORTE","baixo","medio","baixo","alto","baixo","alto","alto","alto","alto","baixo"
2269783,201509,2015-09-01,2015,"09",0,0,0,"UERJ HOSPITAL UNIV PEDRO ERNESTO","ADMINISTRACAO PUBLICA","E","NORTE","baixo","alto","baixo","alto","alto","alto","alto","baixo","baixo","baixo"
2269783,201510,2015-10-01,2015,"10",71.4285714285714,47.6190476190476,23.8095238095238,"UERJ HOSPITAL UNIV PEDRO ERNESTO","ADMINISTRACAO PUBLICA","E","NORTE","baixo","alto","baixo","medio","medio","alto","alto","alto","alto","alto"
2269783,201511,2015-11-01,2015,"11",47.6190476190476,23.8095238095238,23.8095238095238,"UERJ HOSPITAL UNIV PEDRO ERNESTO","ADMINISTRACAO PUBLICA","E","NORTE","baixo","medio","baixo","alto","medio","alto","alto","alto","alto","alto"
2269783,201512,2015-12-01,2015,"12",0,0,0,"UERJ HOSPITAL UNIV PEDRO ERNESTO","ADMINISTRACAO PUBLICA","E","NORTE","baixo","medio","medio","alto","baixo","baixo","alto","baixo","baixo","baixo"
2269783,201601,2016-01-01,2016,"01",29.4117647058824,0,29.4117647058824,"UERJ HOSPITAL UNIV PEDRO ERNESTO","ADMINISTRACAO PUBLICA","E","NORTE","baixo","alto","baixo","alto","alto","alto","alto","alto","baixo","alto"
2269783,201602,2016-02-01,2016,"02",0,0,0,"UERJ HOSPITAL UNIV PEDRO ERNESTO","ADMINISTRACAO PUBLICA","E","NORTE","baixo","alto","baixo","medio","baixo","alto","alto","baixo","baixo","baixo"
2269783,201603,2016-03-01,2016,"03",25.6410256410256,25.6410256410256,0,"UERJ HOSPITAL UNIV PEDRO ERNESTO","ADMINISTRACAO PUBLICA","E","NORTE","baixo","alto","baixo","alto","baixo","alto","alto","alto","alto","baixo"
2269783,201604,2016-04-01,2016,"04",0,0,0,"UERJ HOSPITAL UNIV PEDRO ERNESTO","ADMINISTRACAO PUBLICA","E","NORTE","baixo","alto","baixo","alto","baixo","alto","alto","baixo","baixo","baixo"
2269783,201605,2016-05-01,2016,"05",114.285714285714,85.7142857142857,28.5714285714286,"UERJ HOSPITAL UNIV PEDRO ERNESTO","ADMINISTRACAO PUBLICA","E","NORTE","baixo","alto","medio","alto","baixo","alto","alto","alto","alto","alto"
2269783,201606,2016-06-01,2016,"06",0,0,0,"UERJ HOSPITAL UNIV PEDRO ERNESTO","ADMINISTRACAO PUBLICA","E","NORTE","baixo","alto","baixo","alto","medio","alto","alto","baixo","baixo","baixo"
2269783,201607,2016-07-01,2016,"07",83.3333333333333,41.6666666666667,41.6666666666667,"UERJ HOSPITAL UNIV PEDRO ERNESTO","ADMINISTRACAO PUBLICA","E","NORTE","baixo","alto","medio","alto","medio","alto","alto","alto","alto","alto"
2269783,201608,2016-08-01,2016,"08",0,0,0,"UERJ HOSPITAL UNIV PEDRO ERNESTO","ADMINISTRACAO PUBLICA","E","NORTE","baixo","alto","alto","alto","medio","alto","alto","baixo","baixo","baixo"
2269783,201609,2016-09-01,2016,"09",0,0,0,"UERJ HOSPITAL UNIV PEDRO ERNESTO","ADMINISTRACAO PUBLICA","E","NORTE","baixo","baixo","baixo","alto","baixo","alto","alto","baixo","baixo","baixo"
2269783,201610,2016-10-01,2016,"10",0,0,0,"UERJ HOSPITAL UNIV PEDRO ERNESTO","ADMINISTRACAO PUBLICA","E","NORTE","baixo","alto","baixo","alto","baixo","alto","alto","baixo","baixo","baixo"
2269783,201611,2016-11-01,2016,"11",68.9655172413793,68.9655172413793,0,"UERJ HOSPITAL UNIV PEDRO ERNESTO","ADMINISTRACAO PUBLICA","E","NORTE","baixo","alto","baixo","alto","medio","alto","alto","alto","alto","baixo"
2269783,201612,2016-12-01,2016,"12",34.4827586206897,0,34.4827586206897,"UERJ HOSPITAL UNIV PEDRO ERNESTO","ADMINISTRACAO PUBLICA","E","NORTE","baixo","baixo","baixo","alto","baixo","baixo","alto","alto","baixo","alto"
2269783,201701,2017-01-01,2017,"01",29.4117647058824,0,29.4117647058824,"UERJ HOSPITAL UNIV PEDRO ERNESTO","ADMINISTRACAO PUBLICA","E","NORTE","baixo","alto","baixo","alto","baixo","baixo","alto","alto","baixo","alto"
2269783,201702,2017-02-01,2017,"02",0,0,0,"UERJ HOSPITAL UNIV PEDRO ERNESTO","ADMINISTRACAO PUBLICA","E","NORTE","baixo","alto","baixo","alto","baixo","baixo","alto","baixo","baixo","baixo"
2269783,201703,2017-03-01,2017,"03",0,0,0,"UERJ HOSPITAL UNIV PEDRO ERNESTO","ADMINISTRACAO PUBLICA","E","NORTE","baixo","alto","baixo","alto","medio","alto","alto","baixo","baixo","baixo"
2269783,201704,2017-04-01,2017,"04",0,0,0,"UERJ HOSPITAL UNIV PEDRO ERNESTO","ADMINISTRACAO PUBLICA","E","NORTE","baixo","alto","baixo","baixo","baixo","alto","alto","baixo","baixo","baixo"
2269783,201705,2017-05-01,2017,"05",57.1428571428571,57.1428571428571,0,"UERJ HOSPITAL UNIV PEDRO ERNESTO","ADMINISTRACAO PUBLICA","E","NORTE","baixo","alto","baixo","alto","baixo","alto","alto","alto","alto","baixo"
2269783,201706,2017-06-01,2017,"06",34.4827586206897,34.4827586206897,0,"UERJ HOSPITAL UNIV PEDRO ERNESTO","ADMINISTRACAO PUBLICA","E","NORTE","baixo","alto","baixo","alto","baixo","alto","alto","alto","alto","baixo"
2269783,201707,2017-07-01,2017,"07",0,0,0,"UERJ HOSPITAL UNIV PEDRO ERNESTO","ADMINISTRACAO PUBLICA","E","NORTE","baixo","alto","baixo","alto","medio","baixo","alto","baixo","baixo","baixo"
2269783,201708,2017-08-01,2017,"08",0,0,0,"UERJ HOSPITAL UNIV PEDRO ERNESTO","ADMINISTRACAO PUBLICA","E","NORTE","baixo","alto","baixo","alto","baixo","alto","alto","baixo","baixo","baixo"
2269783,201709,2017-09-01,2017,"09",90.9090909090909,45.4545454545455,45.4545454545455,"UERJ HOSPITAL UNIV PEDRO ERNESTO","ADMINISTRACAO PUBLICA","E","NORTE","baixo","alto","baixo","baixo","baixo","alto","medio","alto","alto","alto"
2269783,201710,2017-10-01,2017,"10",0,0,0,"UERJ HOSPITAL UNIV PEDRO ERNESTO","ADMINISTRACAO PUBLICA","E","NORTE","baixo","alto","medio","medio","baixo","alto","alto","baixo","baixo","baixo"
2269783,201711,2017-11-01,2017,"11",0,0,0,"UERJ HOSPITAL UNIV PEDRO ERNESTO","ADMINISTRACAO PUBLICA","E","NORTE","baixo","medio","baixo","alto","medio","baixo","alto","baixo","baixo","baixo"
2269783,201712,2017-12-01,2017,"12",37.037037037037,37.037037037037,0,"UERJ HOSPITAL UNIV PEDRO ERNESTO","ADMINISTRACAO PUBLICA","E","NORTE","baixo","alto","baixo","alto","medio","alto","alto","alto","alto","baixo"
2269880,200908,2009-08-01,2009,"08",0,0,0,"MS HGB HOSPITAL GERAL DE BONSUCESSO","ADMINISTRACAO PUBLICA","M","NORTE","baixo","alto","alto",NA,"medio","baixo","medio","baixo","baixo","baixo"
2269880,200909,2009-09-01,2009,"09",0,0,0,"MS HGB HOSPITAL GERAL DE BONSUCESSO","ADMINISTRACAO PUBLICA","M","NORTE","baixo","baixo","baixo",NA,"baixo","baixo","alto","baixo","baixo","baixo"
2269880,201001,2010-01-01,2010,"01",1000,1000,0,"MS HGB HOSPITAL GERAL DE BONSUCESSO","ADMINISTRACAO PUBLICA","M","NORTE","baixo","baixo","alto",NA,"alto","baixo","baixo","alto","alto","baixo"
2269880,201004,2010-04-01,2010,"04",1000,1000,0,"MS HGB HOSPITAL GERAL DE BONSUCESSO","ADMINISTRACAO PUBLICA","M","NORTE","baixo","baixo","alto",NA,"alto","baixo","baixo","alto","alto","baixo"
2269880,201006,2010-06-01,2010,"06",1000,500,500,"MS HGB HOSPITAL GERAL DE BONSUCESSO","ADMINISTRACAO PUBLICA","M","NORTE","baixo","baixo","alto",NA,"baixo","baixo","alto","alto","alto","alto"
2269880,201007,2010-07-01,2010,"07",14.6341463414634,4.8780487804878,9.75609756097561,"MS HGB HOSPITAL GERAL DE BONSUCESSO","ADMINISTRACAO PUBLICA","M","NORTE","medio","alto","alto",NA,"alto","medio","medio","alto","medio","alto"
2269880,201008,2010-08-01,2010,"08",11.6279069767442,11.6279069767442,0,"MS HGB HOSPITAL GERAL DE BONSUCESSO","ADMINISTRACAO PUBLICA","M","NORTE","medio","medio","alto",NA,"alto","baixo","medio","alto","alto","baixo"
2269880,201009,2010-09-01,2010,"09",6.25,6.25,0,"MS HGB HOSPITAL GERAL DE BONSUCESSO","ADMINISTRACAO PUBLICA","M","NORTE","medio","alto","alto",NA,"alto","medio","medio","medio","medio","baixo"
2269880,201010,2010-10-01,2010,"10",11.3636363636364,5.68181818181818,5.68181818181818,"MS HGB HOSPITAL GERAL DE BONSUCESSO","ADMINISTRACAO PUBLICA","M","NORTE","medio","alto","alto",NA,"alto","alto","alto","alto","medio","alto"
2269880,201011,2010-11-01,2010,"11",11.9047619047619,5.95238095238095,5.95238095238095,"MS HGB HOSPITAL GERAL DE BONSUCESSO","ADMINISTRACAO PUBLICA","M","NORTE","medio","alto","alto",NA,"alto","alto","medio","alto","medio","alto"
2269880,201012,2010-12-01,2010,"12",4.8780487804878,4.8780487804878,0,"MS HGB HOSPITAL GERAL DE BONSUCESSO","ADMINISTRACAO PUBLICA","M","NORTE","medio","alto","alto",NA,"alto","medio","medio","medio","medio","baixo"
2269880,201101,2011-01-01,2011,"01",12.448132780083,4.149377593361,8.29875518672199,"MS HGB HOSPITAL GERAL DE BONSUCESSO","ADMINISTRACAO PUBLICA","M","NORTE","medio","alto","alto","medio","medio","alto","medio","alto","medio","alto"
2269880,201102,2011-02-01,2011,"02",0,0,0,"MS HGB HOSPITAL GERAL DE BONSUCESSO","ADMINISTRACAO PUBLICA","M","NORTE","medio","alto","alto","baixo","alto","baixo","medio","baixo","baixo","baixo"
2269880,201103,2011-03-01,2011,"03",16.9491525423729,12.7118644067797,4.23728813559322,"MS HGB HOSPITAL GERAL DE BONSUCESSO","ADMINISTRACAO PUBLICA","M","NORTE","medio","alto","alto","medio","alto","baixo","baixo","alto","alto","alto"
2269880,201104,2011-04-01,2011,"04",18.6915887850467,4.67289719626168,14.018691588785,"MS HGB HOSPITAL GERAL DE BONSUCESSO","ADMINISTRACAO PUBLICA","M","NORTE","medio","alto","alto","medio","alto","medio","baixo","alto","medio","alto"
2269880,201105,2011-05-01,2011,"05",18.018018018018,9.00900900900901,9.00900900900901,"MS HGB HOSPITAL GERAL DE BONSUCESSO","ADMINISTRACAO PUBLICA","M","NORTE","medio","alto","alto","medio","alto","medio","baixo","alto","alto","alto"
2269880,201106,2011-06-01,2011,"06",15.3061224489796,10.2040816326531,5.10204081632653,"MS HGB HOSPITAL GERAL DE BONSUCESSO","ADMINISTRACAO PUBLICA","M","NORTE","medio","alto","alto","medio","alto","baixo","medio","alto","alto","alto"
2269880,201107,2011-07-01,2011,"07",16.0427807486631,10.6951871657754,5.3475935828877,"MS HGB HOSPITAL GERAL DE BONSUCESSO","ADMINISTRACAO PUBLICA","M","NORTE","medio","alto","alto","baixo","alto","medio","baixo","alto","alto","alto"
2269880,201108,2011-08-01,2011,"08",4.76190476190476,0,4.76190476190476,"MS HGB HOSPITAL GERAL DE BONSUCESSO","ADMINISTRACAO PUBLICA","M","NORTE","medio","alto","alto","medio","alto","baixo","medio","medio","baixo","alto"
2269880,201109,2011-09-01,2011,"09",12.1951219512195,12.1951219512195,0,"MS HGB HOSPITAL GERAL DE BONSUCESSO","ADMINISTRACAO PUBLICA","M","NORTE","medio","alto","alto","medio","alto","medio","medio","alto","alto","baixo"
2269880,201110,2011-10-01,2011,"10",23.121387283237,17.3410404624277,5.78034682080925,"MS HGB HOSPITAL GERAL DE BONSUCESSO","ADMINISTRACAO PUBLICA","M","NORTE","medio","alto","alto","medio","alto","alto","medio","alto","alto","alto"
2269880,201111,2011-11-01,2011,"11",11.3636363636364,5.68181818181818,5.68181818181818,"MS HGB HOSPITAL GERAL DE BONSUCESSO","ADMINISTRACAO PUBLICA","M","NORTE","medio","alto","alto","baixo","alto","medio","medio","alto","medio","alto"
2269880,201112,2011-12-01,2011,"12",5.64971751412429,5.64971751412429,0,"MS HGB HOSPITAL GERAL DE BONSUCESSO","ADMINISTRACAO PUBLICA","M","NORTE","medio","alto","alto","medio","alto","medio","medio","medio","medio","baixo"
2269880,201201,2012-01-01,2012,"01",0,0,0,"MS HGB HOSPITAL GERAL DE BONSUCESSO","ADMINISTRACAO PUBLICA","M","NORTE","medio","alto","alto",NA,"alto","baixo","medio","baixo","baixo","baixo"
2269880,201202,2012-02-01,2012,"02",4.95049504950495,0,4.95049504950495,"MS HGB HOSPITAL GERAL DE BONSUCESSO","ADMINISTRACAO PUBLICA","M","NORTE","medio","alto","alto",NA,"alto","baixo","medio","medio","baixo","alto"
2269880,201203,2012-03-01,2012,"03",4.52488687782806,4.52488687782806,0,"MS HGB HOSPITAL GERAL DE BONSUCESSO","ADMINISTRACAO PUBLICA","M","NORTE","medio","alto","alto",NA,"alto","medio","baixo","medio","medio","baixo"
2269880,201204,2012-04-01,2012,"04",13.8248847926267,4.60829493087558,9.21658986175115,"MS HGB HOSPITAL GERAL DE BONSUCESSO","ADMINISTRACAO PUBLICA","M","NORTE","medio","alto","alto",NA,"alto","baixo","medio","alto","medio","alto"
2269880,201205,2012-05-01,2012,"05",15.9574468085106,10.6382978723404,5.31914893617021,"MS HGB HOSPITAL GERAL DE BONSUCESSO","ADMINISTRACAO PUBLICA","M","NORTE","medio","alto","alto",NA,"alto","baixo","medio","alto","alto","alto"
2269880,201206,2012-06-01,2012,"06",26.8817204301075,16.1290322580645,10.752688172043,"MS HGB HOSPITAL GERAL DE BONSUCESSO","ADMINISTRACAO PUBLICA","M","NORTE","medio","alto","alto",NA,"alto","medio","medio","alto","alto","alto"
2269880,201207,2012-07-01,2012,"07",11.6959064327485,11.6959064327485,0,"MS HGB HOSPITAL GERAL DE BONSUCESSO","ADMINISTRACAO PUBLICA","M","NORTE","medio","alto","alto",NA,"alto","medio","baixo","alto","alto","baixo"
2269880,201208,2012-08-01,2012,"08",6.89655172413793,0,6.89655172413793,"MS HGB HOSPITAL GERAL DE BONSUCESSO","ADMINISTRACAO PUBLICA","M","NORTE","medio","alto","alto",NA,"alto","baixo","medio","medio","baixo","alto"
2269880,201209,2012-09-01,2012,"09",12.1212121212121,6.06060606060606,6.06060606060606,"MS HGB HOSPITAL GERAL DE BONSUCESSO","ADMINISTRACAO PUBLICA","M","NORTE","medio","alto","alto",NA,"alto","alto","medio","alto","medio","alto"
2269880,201210,2012-10-01,2012,"10",13.1578947368421,6.57894736842105,6.57894736842105,"MS HGB HOSPITAL GERAL DE BONSUCESSO","ADMINISTRACAO PUBLICA","M","NORTE","medio","alto","alto",NA,"alto","medio","alto","alto","medio","alto"
2269880,201211,2012-11-01,2012,"11",8.06451612903226,0,8.06451612903226,"MS HGB HOSPITAL GERAL DE BONSUCESSO","ADMINISTRACAO PUBLICA","M","NORTE","medio","alto","alto",NA,"alto","baixo","medio","medio","baixo","alto"
2269880,201212,2012-12-01,2012,"12",7.2992700729927,7.2992700729927,0,"MS HGB HOSPITAL GERAL DE BONSUCESSO","ADMINISTRACAO PUBLICA","M","NORTE","medio","alto","alto",NA,"alto","medio","medio","medio","medio","baixo"
2269880,201301,2013-01-01,2013,"01",18.2926829268293,12.1951219512195,6.09756097560976,"MS HGB HOSPITAL GERAL DE BONSUCESSO","ADMINISTRACAO PUBLICA","M","NORTE","medio","alto","alto","alto","alto","alto","medio","alto","alto","alto"
2269880,201302,2013-02-01,2013,"02",5.52486187845304,0,5.52486187845304,"MS HGB HOSPITAL GERAL DE BONSUCESSO","ADMINISTRACAO PUBLICA","M","NORTE","medio","alto","alto","alto","alto","baixo","medio","medio","baixo","alto"
2269880,201303,2013-03-01,2013,"03",25.1256281407035,15.0753768844221,10.0502512562814,"MS HGB HOSPITAL GERAL DE BONSUCESSO","ADMINISTRACAO PUBLICA","M","NORTE","medio","alto","alto","medio","alto","alto","baixo","alto","alto","alto"
2269880,201304,2013-04-01,2013,"04",11.6959064327485,11.6959064327485,0,"MS HGB HOSPITAL GERAL DE BONSUCESSO","ADMINISTRACAO PUBLICA","M","NORTE","medio","alto","alto","medio","alto","alto","medio","alto","alto","baixo"
2269880,201305,2013-05-01,2013,"05",21.6216216216216,21.6216216216216,0,"MS HGB HOSPITAL GERAL DE BONSUCESSO","ADMINISTRACAO PUBLICA","M","NORTE","medio","alto","alto","baixo","medio","alto","medio","alto","alto","baixo"
2269880,201306,2013-06-01,2013,"06",41.1764705882353,23.5294117647059,17.6470588235294,"MS HGB HOSPITAL GERAL DE BONSUCESSO","ADMINISTRACAO PUBLICA","M","NORTE","medio","alto","alto","medio","alto","medio","baixo","alto","alto","alto"
2269880,201307,2013-07-01,2013,"07",11.0497237569061,5.52486187845304,5.52486187845304,"MS HGB HOSPITAL GERAL DE BONSUCESSO","ADMINISTRACAO PUBLICA","M","NORTE","medio","alto","alto","alto","alto","baixo","medio","medio","medio","alto"
2269880,201308,2013-08-01,2013,"08",0,0,0,"MS HGB HOSPITAL GERAL DE BONSUCESSO","ADMINISTRACAO PUBLICA","M","NORTE","medio","alto","alto","alto","medio","baixo","medio","baixo","baixo","baixo"
2269880,201309,2013-09-01,2013,"09",0,0,0,"MS HGB HOSPITAL GERAL DE BONSUCESSO","ADMINISTRACAO PUBLICA","M","NORTE","medio","alto","alto","alto","medio","baixo","alto","baixo","baixo","baixo"
2269880,201310,2013-10-01,2013,"10",7.19424460431655,0,7.19424460431655,"MS HGB HOSPITAL GERAL DE BONSUCESSO","ADMINISTRACAO PUBLICA","M","NORTE","medio","alto","alto","alto","alto","medio","medio","medio","baixo","alto"
2269880,201311,2013-11-01,2013,"11",17.6991150442478,17.6991150442478,0,"MS HGB HOSPITAL GERAL DE BONSUCESSO","ADMINISTRACAO PUBLICA","M","NORTE","medio","alto","alto","alto","alto","baixo","baixo","alto","alto","baixo"
2269880,201312,2013-12-01,2013,"12",6.5359477124183,6.5359477124183,0,"MS HGB HOSPITAL GERAL DE BONSUCESSO","ADMINISTRACAO PUBLICA","M","NORTE","medio","alto","alto","medio","alto","alto","baixo","medio","medio","baixo"
2269880,201401,2014-01-01,2014,"01",22.2222222222222,7.40740740740741,14.8148148148148,"MS HGB HOSPITAL GERAL DE BONSUCESSO","ADMINISTRACAO PUBLICA","M","NORTE","medio","alto","alto","alto","medio","medio","medio","alto","medio","alto"
2269880,201402,2014-02-01,2014,"02",7.93650793650794,7.93650793650794,0,"MS HGB HOSPITAL GERAL DE BONSUCESSO","ADMINISTRACAO PUBLICA","M","NORTE","medio","alto","alto","medio","alto","alto","medio","medio","medio","baixo"
2269880,201403,2014-03-01,2014,"03",34.0136054421769,27.2108843537415,6.80272108843537,"MS HGB HOSPITAL GERAL DE BONSUCESSO","ADMINISTRACAO PUBLICA","M","NORTE","medio","alto","alto","medio","alto","alto","baixo","alto","alto","alto"
2269880,201404,2014-04-01,2014,"04",12.7388535031847,6.36942675159236,6.36942675159236,"MS HGB HOSPITAL GERAL DE BONSUCESSO","ADMINISTRACAO PUBLICA","M","NORTE","medio","alto","alto","alto","medio","alto","medio","alto","medio","alto"
2269880,201405,2014-05-01,2014,"05",7.93650793650794,0,7.93650793650794,"MS HGB HOSPITAL GERAL DE BONSUCESSO","ADMINISTRACAO PUBLICA","M","NORTE","medio","alto","alto","alto","medio","baixo","medio","medio","baixo","alto"
2269880,201406,2014-06-01,2014,"06",7.40740740740741,0,7.40740740740741,"MS HGB HOSPITAL GERAL DE BONSUCESSO","ADMINISTRACAO PUBLICA","M","NORTE","medio","alto","alto","baixo","medio","medio","medio","medio","baixo","alto"
2269880,201407,2014-07-01,2014,"07",14.5985401459854,14.5985401459854,0,"MS HGB HOSPITAL GERAL DE BONSUCESSO","ADMINISTRACAO PUBLICA","M","NORTE","medio","alto","alto","medio","alto","baixo","medio","alto","alto","baixo"
2269880,201408,2014-08-01,2014,"08",7.63358778625954,7.63358778625954,0,"MS HGB HOSPITAL GERAL DE BONSUCESSO","ADMINISTRACAO PUBLICA","M","NORTE","medio","alto","alto","alto","alto","baixo","medio","medio","medio","baixo"
2269880,201409,2014-09-01,2014,"09",35.7142857142857,26.7857142857143,8.92857142857143,"MS HGB HOSPITAL GERAL DE BONSUCESSO","ADMINISTRACAO PUBLICA","M","NORTE","medio","alto","medio","medio","alto","medio","baixo","alto","alto","alto"
2269880,201410,2014-10-01,2014,"10",18.6915887850467,18.6915887850467,0,"MS HGB HOSPITAL GERAL DE BONSUCESSO","ADMINISTRACAO PUBLICA","M","NORTE","baixo","alto","alto","alto","alto","medio","medio","alto","alto","baixo"
2269880,201411,2014-11-01,2014,"11",29.6296296296296,29.6296296296296,0,"MS HGB HOSPITAL GERAL DE BONSUCESSO","ADMINISTRACAO PUBLICA","M","NORTE","medio","alto","alto","alto","alto","alto","alto","alto","alto","baixo"
2269880,201412,2014-12-01,2014,"12",14.2857142857143,7.14285714285714,7.14285714285714,"MS HGB HOSPITAL GERAL DE BONSUCESSO","ADMINISTRACAO PUBLICA","M","NORTE","medio","medio","medio","alto","medio","alto","medio","alto","medio","alto"
2269880,201501,2015-01-01,2015,"01",65.6934306569343,65.6934306569343,0,"MS HGB HOSPITAL GERAL DE BONSUCESSO","ADMINISTRACAO PUBLICA","M","NORTE","medio","alto","alto","alto","alto","alto","medio","alto","alto","baixo"
2269880,201502,2015-02-01,2015,"02",23.0769230769231,23.0769230769231,0,"MS HGB HOSPITAL GERAL DE BONSUCESSO","ADMINISTRACAO PUBLICA","M","NORTE","medio","alto","alto","alto","medio","alto","medio","alto","alto","baixo"
2269880,201503,2015-03-01,2015,"03",16.6666666666667,0,16.6666666666667,"MS HGB HOSPITAL GERAL DE BONSUCESSO","ADMINISTRACAO PUBLICA","M","NORTE","medio","alto","alto","medio","medio","medio","medio","alto","baixo","alto"
2269880,201504,2015-04-01,2015,"04",27.7777777777778,6.94444444444444,20.8333333333333,"MS HGB HOSPITAL GERAL DE BONSUCESSO","ADMINISTRACAO PUBLICA","M","NORTE","medio","alto","alto","alto","medio","alto","medio","alto","medio","alto"
2269880,201505,2015-05-01,2015,"05",19.7368421052632,13.1578947368421,6.57894736842105,"MS HGB HOSPITAL GERAL DE BONSUCESSO","ADMINISTRACAO PUBLICA","M","NORTE","medio","alto","medio","medio","baixo","baixo","medio","alto","alto","alto"
2269880,201506,2015-06-01,2015,"06",26.3157894736842,19.7368421052632,6.57894736842105,"MS HGB HOSPITAL GERAL DE BONSUCESSO","ADMINISTRACAO PUBLICA","M","NORTE","medio","alto","medio","medio","medio","medio","medio","alto","alto","alto"
2269880,201507,2015-07-01,2015,"07",22.0588235294118,7.35294117647059,14.7058823529412,"MS HGB HOSPITAL GERAL DE BONSUCESSO","ADMINISTRACAO PUBLICA","M","NORTE","medio","alto","alto","alto","medio","medio","medio","alto","medio","alto"
2269880,201508,2015-08-01,2015,"08",34.7222222222222,20.8333333333333,13.8888888888889,"MS HGB HOSPITAL GERAL DE BONSUCESSO","ADMINISTRACAO PUBLICA","M","NORTE","medio","alto","alto","medio","medio","alto","medio","alto","alto","alto"
2269880,201509,2015-09-01,2015,"09",21.4285714285714,14.2857142857143,7.14285714285714,"MS HGB HOSPITAL GERAL DE BONSUCESSO","ADMINISTRACAO PUBLICA","M","NORTE","medio","alto","medio","medio","medio","baixo","medio","alto","alto","alto"
2269880,201510,2015-10-01,2015,"10",8.06451612903226,8.06451612903226,0,"MS HGB HOSPITAL GERAL DE BONSUCESSO","ADMINISTRACAO PUBLICA","M","NORTE","medio","alto","alto","medio","medio","baixo","medio","medio","medio","baixo"
2269880,201511,2015-11-01,2015,"11",16.6666666666667,8.33333333333333,8.33333333333333,"MS HGB HOSPITAL GERAL DE BONSUCESSO","ADMINISTRACAO PUBLICA","M","NORTE","medio","alto","alto","medio","medio","baixo","medio","alto","medio","alto"
2269880,201512,2015-12-01,2015,"12",0,0,0,"MS HGB HOSPITAL GERAL DE BONSUCESSO","ADMINISTRACAO PUBLICA","M","NORTE","medio","alto","alto","baixo","medio","baixo","medio","baixo","baixo","baixo"
2269880,201601,2016-01-01,2016,"01",21.8978102189781,21.8978102189781,0,"MS HGB HOSPITAL GERAL DE BONSUCESSO","ADMINISTRACAO PUBLICA","M","NORTE","medio","alto","alto","alto","medio","alto","medio","alto","alto","baixo"
2269880,201602,2016-02-01,2016,"02",0,0,0,"MS HGB HOSPITAL GERAL DE BONSUCESSO","ADMINISTRACAO PUBLICA","M","NORTE","medio","alto","alto","alto","medio","baixo","medio","baixo","baixo","baixo"
2269880,201603,2016-03-01,2016,"03",7.40740740740741,7.40740740740741,0,"MS HGB HOSPITAL GERAL DE BONSUCESSO","ADMINISTRACAO PUBLICA","M","NORTE","medio","alto","alto","medio","medio","baixo","medio","medio","medio","baixo"
2269880,201604,2016-04-01,2016,"04",14.1843971631206,7.09219858156028,7.09219858156028,"MS HGB HOSPITAL GERAL DE BONSUCESSO","ADMINISTRACAO PUBLICA","M","NORTE","medio","alto","medio","alto","medio","medio","medio","alto","medio","alto"
2269880,201605,2016-05-01,2016,"05",21.5827338129496,7.19424460431655,14.3884892086331,"MS HGB HOSPITAL GERAL DE BONSUCESSO","ADMINISTRACAO PUBLICA","M","NORTE","medio","alto","medio","medio","medio","medio","medio","alto","medio","alto"
2269880,201606,2016-06-01,2016,"06",22.7272727272727,15.1515151515152,7.57575757575758,"MS HGB HOSPITAL GERAL DE BONSUCESSO","ADMINISTRACAO PUBLICA","M","NORTE","medio","alto","alto","baixo","medio","medio","medio","alto","alto","alto"
2269880,201607,2016-07-01,2016,"07",8.33333333333333,8.33333333333333,0,"MS HGB HOSPITAL GERAL DE BONSUCESSO","ADMINISTRACAO PUBLICA","M","NORTE","medio","alto","alto","baixo","medio","medio","medio","medio","medio","baixo"
2269880,201608,2016-08-01,2016,"08",7.35294117647059,7.35294117647059,0,"MS HGB HOSPITAL GERAL DE BONSUCESSO","ADMINISTRACAO PUBLICA","M","NORTE","medio","alto","medio","alto","medio","baixo","medio","medio","medio","baixo"
2269880,201609,2016-09-01,2016,"09",32.7868852459016,16.3934426229508,16.3934426229508,"MS HGB HOSPITAL GERAL DE BONSUCESSO","ADMINISTRACAO PUBLICA","M","NORTE","medio","alto","medio","alto","medio","alto","medio","alto","alto","alto"
2269880,201610,2016-10-01,2016,"10",30.6122448979592,30.6122448979592,0,"MS HGB HOSPITAL GERAL DE BONSUCESSO","ADMINISTRACAO PUBLICA","M","NORTE","baixo","alto","medio","medio","baixo","medio","alto","alto","alto","baixo"
2269880,201611,2016-11-01,2016,"11",8.69565217391304,8.69565217391304,0,"MS HGB HOSPITAL GERAL DE BONSUCESSO","ADMINISTRACAO PUBLICA","M","NORTE","medio","alto","medio","medio","baixo","medio","medio","medio","alto","baixo"
2269880,201612,2016-12-01,2016,"12",39.0625,39.0625,0,"MS HGB HOSPITAL GERAL DE BONSUCESSO","ADMINISTRACAO PUBLICA","M","NORTE","medio","alto","medio","medio","baixo","alto","medio","alto","alto","baixo"
2269880,201701,2017-01-01,2017,"01",18.4049079754601,18.4049079754601,0,"MS HGB HOSPITAL GERAL DE BONSUCESSO","ADMINISTRACAO PUBLICA","M","NORTE","medio","alto","alto","medio","medio","medio","medio","alto","alto","baixo"
2269880,201702,2017-02-01,2017,"02",21.2765957446809,21.2765957446809,0,"MS HGB HOSPITAL GERAL DE BONSUCESSO","ADMINISTRACAO PUBLICA","M","NORTE","medio","alto","alto","alto","medio","medio","medio","alto","alto","baixo"
2269880,201703,2017-03-01,2017,"03",5.52486187845304,5.52486187845304,0,"MS HGB HOSPITAL GERAL DE BONSUCESSO","ADMINISTRACAO PUBLICA","M","NORTE","medio","alto","medio","medio","medio","baixo","medio","medio","medio","baixo"
2269880,201704,2017-04-01,2017,"04",19.7368421052632,13.1578947368421,6.57894736842105,"MS HGB HOSPITAL GERAL DE BONSUCESSO","ADMINISTRACAO PUBLICA","M","NORTE","medio","alto","medio","alto","medio","baixo","medio","alto","alto","alto"
2269880,201705,2017-05-01,2017,"05",40.6976744186047,40.6976744186047,0,"MS HGB HOSPITAL GERAL DE BONSUCESSO","ADMINISTRACAO PUBLICA","M","NORTE","medio","alto","medio","alto","medio","medio","alto","alto","alto","baixo"
2269880,201706,2017-06-01,2017,"06",13.6054421768707,0,13.6054421768707,"MS HGB HOSPITAL GERAL DE BONSUCESSO","ADMINISTRACAO PUBLICA","M","NORTE","medio","alto","medio","alto","medio","baixo","medio","alto","baixo","alto"
2269880,201707,2017-07-01,2017,"07",14.9253731343284,14.9253731343284,0,"MS HGB HOSPITAL GERAL DE BONSUCESSO","ADMINISTRACAO PUBLICA","M","NORTE","medio","alto","medio","alto","baixo","medio","alto","alto","alto","baixo"
2269880,201708,2017-08-01,2017,"08",15.748031496063,7.8740157480315,7.8740157480315,"MS HGB HOSPITAL GERAL DE BONSUCESSO","ADMINISTRACAO PUBLICA","M","NORTE","medio","alto","baixo","alto","baixo","alto","alto","alto","medio","alto"
2269880,201709,2017-09-01,2017,"09",21.1267605633803,21.1267605633803,0,"MS HGB HOSPITAL GERAL DE BONSUCESSO","ADMINISTRACAO PUBLICA","M","NORTE","medio","alto","baixo","alto","baixo","baixo","medio","alto","alto","baixo"
2269880,201710,2017-10-01,2017,"10",21.7391304347826,14.4927536231884,7.2463768115942,"MS HGB HOSPITAL GERAL DE BONSUCESSO","ADMINISTRACAO PUBLICA","M","NORTE","medio","alto","medio","alto","baixo","medio","alto","alto","alto","alto"
2269880,201711,2017-11-01,2017,"11",30.4878048780488,24.390243902439,6.09756097560976,"MS HGB HOSPITAL GERAL DE BONSUCESSO","ADMINISTRACAO PUBLICA","M","NORTE","medio","alto","medio","alto","medio","medio","alto","alto","alto","alto"
2269880,201712,2017-12-01,2017,"12",5.64971751412429,5.64971751412429,0,"MS HGB HOSPITAL GERAL DE BONSUCESSO","ADMINISTRACAO PUBLICA","M","NORTE","medio","alto","medio","medio","baixo","baixo","medio","medio","medio","baixo"
2269945,200601,2006-01-01,2006,"01",15.1228733459357,13.2325141776938,1.89035916824197,"SMS RIO HOSPITAL MATERNIDADE ALEXANDER FLEMING","ADMINISTRACAO PUBLICA","M","NORTE","alto","alto","alto","baixo","alto","alto","medio","alto","alto","medio"
2269945,200602,2006-02-01,2006,"02",11.3122171945701,9.04977375565611,2.26244343891403,"SMS RIO HOSPITAL MATERNIDADE ALEXANDER FLEMING","ADMINISTRACAO PUBLICA","M","NORTE","alto","alto","alto","baixo","alto","alto","medio","medio","alto","medio"
2269945,200603,2006-03-01,2006,"03",14.7058823529412,12.8676470588235,1.83823529411765,"SMS RIO HOSPITAL MATERNIDADE ALEXANDER FLEMING","ADMINISTRACAO PUBLICA","M","NORTE","alto","alto","alto","baixo","alto","alto","medio","alto","alto","medio"
2269945,200604,2006-04-01,2006,"04",14.760147601476,12.9151291512915,1.8450184501845,"SMS RIO HOSPITAL MATERNIDADE ALEXANDER FLEMING","ADMINISTRACAO PUBLICA","M","NORTE","alto","medio","alto","medio","alto","alto","medio","alto","alto","medio"
2269945,200605,2006-05-01,2006,"05",5.61797752808989,3.74531835205992,1.87265917602996,"SMS RIO HOSPITAL MATERNIDADE ALEXANDER FLEMING","ADMINISTRACAO PUBLICA","M","NORTE","alto","medio","alto","baixo","alto","alto","medio","medio","medio","medio"
2269945,200606,2006-06-01,2006,"06",2.16450216450216,2.16450216450216,0,"SMS RIO HOSPITAL MATERNIDADE ALEXANDER FLEMING","ADMINISTRACAO PUBLICA","M","NORTE","alto","alto","alto","medio","alto","alto","medio","baixo","medio","baixo"
2269945,200607,2006-07-01,2006,"07",9.29368029739777,9.29368029739777,0,"SMS RIO HOSPITAL MATERNIDADE ALEXANDER FLEMING","ADMINISTRACAO PUBLICA","M","NORTE","alto","alto","alto","medio","alto","alto","medio","medio","alto","baixo"
2269945,200608,2006-08-01,2006,"08",14.6750524109015,8.38574423480084,6.28930817610063,"SMS RIO HOSPITAL MATERNIDADE ALEXANDER FLEMING","ADMINISTRACAO PUBLICA","M","NORTE","alto","alto","alto","medio","alto","alto","medio","alto","alto","alto"
2269945,200609,2006-09-01,2006,"09",14.1987829614604,12.1703853955375,2.02839756592292,"SMS RIO HOSPITAL MATERNIDADE ALEXANDER FLEMING","ADMINISTRACAO PUBLICA","M","NORTE","alto","medio","alto","baixo","alto","alto","medio","alto","alto","medio"
2269945,200610,2006-10-01,2006,"10",16.2932790224033,10.183299389002,6.10997963340122,"SMS RIO HOSPITAL MATERNIDADE ALEXANDER FLEMING","ADMINISTRACAO PUBLICA","M","NORTE","alto","medio","alto","baixo","alto","medio","medio","alto","alto","alto"
2269945,200611,2006-11-01,2006,"11",6.23700623700624,2.07900207900208,4.15800415800416,"SMS RIO HOSPITAL MATERNIDADE ALEXANDER FLEMING","ADMINISTRACAO PUBLICA","M","NORTE","alto","medio","alto","baixo","alto","medio","medio","medio","medio","alto"
2269945,200612,2006-12-01,2006,"12",27.7185501066098,23.454157782516,4.26439232409382,"SMS RIO HOSPITAL MATERNIDADE ALEXANDER FLEMING","ADMINISTRACAO PUBLICA","M","NORTE","alto","alto","alto","baixo","alto","alto","baixo","alto","alto","alto"
2269945,200701,2007-01-01,2007,"01",21.0084033613445,16.8067226890756,4.20168067226891,"SMS RIO HOSPITAL MATERNIDADE ALEXANDER FLEMING","ADMINISTRACAO PUBLICA","M","NORTE","alto","alto","alto",NA,"alto","alto","medio","alto","alto","alto"
2269945,200702,2007-02-01,2007,"02",9.84251968503937,7.8740157480315,1.96850393700787,"SMS RIO HOSPITAL MATERNIDADE ALEXANDER FLEMING","ADMINISTRACAO PUBLICA","M","NORTE","alto","alto","baixo",NA,"alto","alto","medio","medio","medio","medio"
2269945,200703,2007-03-01,2007,"03",16.6666666666667,12.962962962963,3.7037037037037,"SMS RIO HOSPITAL MATERNIDADE ALEXANDER FLEMING","ADMINISTRACAO PUBLICA","M","NORTE","alto","alto","medio",NA,"alto","alto","medio","alto","alto","alto"
2269945,200704,2007-04-01,2007,"04",15.3846153846154,9.61538461538462,5.76923076923077,"SMS RIO HOSPITAL MATERNIDADE ALEXANDER FLEMING","ADMINISTRACAO PUBLICA","M","NORTE","alto","alto","medio",NA,"medio","alto","medio","alto","alto","alto"
2269945,200705,2007-05-01,2007,"05",5.74712643678161,3.83141762452107,1.91570881226054,"SMS RIO HOSPITAL MATERNIDADE ALEXANDER FLEMING","ADMINISTRACAO PUBLICA","M","NORTE","alto","medio","medio",NA,"medio","medio","medio","medio","medio","medio"
2269945,200706,2007-06-01,2007,"06",7.98403193612774,3.99201596806387,3.99201596806387,"SMS RIO HOSPITAL MATERNIDADE ALEXANDER FLEMING","ADMINISTRACAO PUBLICA","M","NORTE","alto","alto","baixo",NA,"medio","baixo","medio","medio","medio","alto"
2269945,200707,2007-07-01,2007,"07",13.1004366812227,4.36681222707424,8.73362445414847,"SMS RIO HOSPITAL MATERNIDADE ALEXANDER FLEMING","ADMINISTRACAO PUBLICA","M","NORTE","alto","medio","baixo",NA,"medio","medio","medio","alto","medio","alto"
2269945,200708,2007-08-01,2007,"08",21.0772833723653,16.3934426229508,4.68384074941452,"SMS RIO HOSPITAL MATERNIDADE ALEXANDER FLEMING","ADMINISTRACAO PUBLICA","M","NORTE","alto","alto","baixo",NA,"medio","medio","medio","alto","alto","alto"
2269945,200709,2007-09-01,2007,"09",7.14285714285714,4.76190476190476,2.38095238095238,"SMS RIO HOSPITAL MATERNIDADE ALEXANDER FLEMING","ADMINISTRACAO PUBLICA","M","NORTE","alto","alto","medio",NA,"medio","alto","medio","medio","medio","alto"
2269945,200710,2007-10-01,2007,"10",18.6915887850467,18.6915887850467,0,"SMS RIO HOSPITAL MATERNIDADE ALEXANDER FLEMING","ADMINISTRACAO PUBLICA","M","NORTE","alto","alto","medio",NA,"medio","alto","medio","alto","alto","baixo"
2269945,200711,2007-11-01,2007,"11",16.6666666666667,11.9047619047619,4.76190476190476,"SMS RIO HOSPITAL MATERNIDADE ALEXANDER FLEMING","ADMINISTRACAO PUBLICA","M","NORTE","alto","alto","medio",NA,"alto","alto","alto","alto","alto","alto"
2269945,200712,2007-12-01,2007,"12",15.1898734177215,10.126582278481,5.06329113924051,"SMS RIO HOSPITAL MATERNIDADE ALEXANDER FLEMING","ADMINISTRACAO PUBLICA","M","NORTE","alto","alto","medio",NA,"medio","alto","medio","alto","alto","alto"
2269945,200801,2008-01-01,2008,"01",28.2352941176471,18.8235294117647,9.41176470588235,"SMS RIO HOSPITAL MATERNIDADE ALEXANDER FLEMING","ADMINISTRACAO PUBLICA","M","NORTE","alto","alto","medio","baixo","alto","medio","medio","alto","alto","alto"
2269945,200802,2008-02-01,2008,"02",19.8511166253102,12.4069478908189,7.44416873449132,"SMS RIO HOSPITAL MATERNIDADE ALEXANDER FLEMING","ADMINISTRACAO PUBLICA","M","NORTE","alto","alto","baixo","medio","medio","alto","medio","alto","alto","alto"
2269945,200803,2008-03-01,2008,"03",28.1329923273657,20.460358056266,7.67263427109974,"SMS RIO HOSPITAL MATERNIDADE ALEXANDER FLEMING","ADMINISTRACAO PUBLICA","M","NORTE","alto","alto","alto","baixo","alto","alto","medio","alto","alto","alto"
2269945,200804,2008-04-01,2008,"04",12.6582278481013,10.126582278481,2.53164556962025,"SMS RIO HOSPITAL MATERNIDADE ALEXANDER FLEMING","ADMINISTRACAO PUBLICA","M","NORTE","alto","alto","alto","baixo","medio","alto","medio","alto","alto","alto"
2269945,200805,2008-05-01,2008,"05",15.8371040723982,11.3122171945701,4.52488687782806,"SMS RIO HOSPITAL MATERNIDADE ALEXANDER FLEMING","ADMINISTRACAO PUBLICA","M","NORTE","alto","alto","alto","medio","medio","alto","medio","alto","alto","alto"
2269945,200806,2008-06-01,2008,"06",21.0772833723653,21.0772833723653,0,"SMS RIO HOSPITAL MATERNIDADE ALEXANDER FLEMING","ADMINISTRACAO PUBLICA","M","NORTE","alto","alto","alto","baixo","medio","alto","medio","alto","alto","baixo"
2269945,200807,2008-07-01,2008,"07",16.0183066361556,16.0183066361556,0,"SMS RIO HOSPITAL MATERNIDADE ALEXANDER FLEMING","ADMINISTRACAO PUBLICA","M","NORTE","alto","alto","alto","baixo","medio","alto","medio","alto","alto","baixo"
2269945,200808,2008-08-01,2008,"08",21.0843373493976,12.0481927710843,9.03614457831325,"SMS RIO HOSPITAL MATERNIDADE ALEXANDER FLEMING","ADMINISTRACAO PUBLICA","M","NORTE","medio","alto","alto","medio","medio","alto","medio","alto","alto","alto"
2269945,200809,2008-09-01,2008,"09",8.4985835694051,8.4985835694051,0,"SMS RIO HOSPITAL MATERNIDADE ALEXANDER FLEMING","ADMINISTRACAO PUBLICA","M","NORTE","alto","medio","alto","baixo","medio","alto","medio","medio","alto","baixo"
2269945,200810,2008-10-01,2008,"10",12.5,2.5,10,"SMS RIO HOSPITAL MATERNIDADE ALEXANDER FLEMING","ADMINISTRACAO PUBLICA","M","NORTE","alto","medio","alto","medio","alto","alto","medio","alto","medio","alto"
2269945,200811,2008-11-01,2008,"11",16.0857908847185,10.7238605898123,5.36193029490617,"SMS RIO HOSPITAL MATERNIDADE ALEXANDER FLEMING","ADMINISTRACAO PUBLICA","M","NORTE","alto","alto","alto","baixo","medio","alto","medio","alto","alto","alto"
2269945,200812,2008-12-01,2008,"12",14.5278450363196,12.1065375302663,2.42130750605327,"SMS RIO HOSPITAL MATERNIDADE ALEXANDER FLEMING","ADMINISTRACAO PUBLICA","M","NORTE","alto","alto","alto","medio","medio","alto","medio","alto","alto","alto"
2269945,200901,2009-01-01,2009,"01",14.3198090692124,9.54653937947494,4.77326968973747,"SMS RIO HOSPITAL MATERNIDADE ALEXANDER FLEMING","ADMINISTRACAO PUBLICA","M","NORTE","alto","alto","alto",NA,"medio","alto","medio","alto","alto","alto"
2269945,200902,2009-02-01,2009,"02",19.3370165745856,16.5745856353591,2.76243093922652,"SMS RIO HOSPITAL MATERNIDADE ALEXANDER FLEMING","ADMINISTRACAO PUBLICA","M","NORTE","alto","alto","alto",NA,"alto","alto","medio","alto","alto","alto"
2269945,200903,2009-03-01,2009,"03",18.957345971564,16.5876777251185,2.3696682464455,"SMS RIO HOSPITAL MATERNIDADE ALEXANDER FLEMING","ADMINISTRACAO PUBLICA","M","NORTE","alto","alto","alto",NA,"medio","medio","medio","alto","alto","alto"
2269945,200904,2009-04-01,2009,"04",13.2275132275132,7.93650793650794,5.29100529100529,"SMS RIO HOSPITAL MATERNIDADE ALEXANDER FLEMING","ADMINISTRACAO PUBLICA","M","NORTE","alto","medio","alto",NA,"medio","alto","medio","alto","medio","alto"
2269945,200905,2009-05-01,2009,"05",25.8620689655172,22.9885057471264,2.8735632183908,"SMS RIO HOSPITAL MATERNIDADE ALEXANDER FLEMING","ADMINISTRACAO PUBLICA","M","NORTE","alto","alto","alto",NA,"alto","alto","medio","alto","alto","alto"
2269945,200906,2009-06-01,2009,"06",25.6410256410256,19.9430199430199,5.6980056980057,"SMS RIO HOSPITAL MATERNIDADE ALEXANDER FLEMING","ADMINISTRACAO PUBLICA","M","NORTE","alto","alto","alto",NA,"medio","alto","medio","alto","alto","alto"
2269945,200907,2009-07-01,2009,"07",33.2326283987915,30.2114803625378,3.02114803625378,"SMS RIO HOSPITAL MATERNIDADE ALEXANDER FLEMING","ADMINISTRACAO PUBLICA","M","NORTE","medio","alto","alto",NA,"medio","alto","medio","alto","alto","alto"
2269945,200908,2009-08-01,2009,"08",29.2397660818713,26.3157894736842,2.92397660818713,"SMS RIO HOSPITAL MATERNIDADE ALEXANDER FLEMING","ADMINISTRACAO PUBLICA","M","NORTE","medio","alto","alto",NA,"medio","alto","medio","alto","alto","alto"
2269945,200909,2009-09-01,2009,"09",13.4680134680135,13.4680134680135,0,"SMS RIO HOSPITAL MATERNIDADE ALEXANDER FLEMING","ADMINISTRACAO PUBLICA","M","NORTE","medio","medio","alto",NA,"medio","alto","medio","alto","alto","baixo"
2269945,200910,2009-10-01,2009,"10",32.1428571428571,28.5714285714286,3.57142857142857,"SMS RIO HOSPITAL MATERNIDADE ALEXANDER FLEMING","ADMINISTRACAO PUBLICA","M","NORTE","medio","alto","alto",NA,"medio","alto","alto","alto","alto","alto"
2269945,200911,2009-11-01,2009,"11",17.3010380622837,13.840830449827,3.46020761245675,"SMS RIO HOSPITAL MATERNIDADE ALEXANDER FLEMING","ADMINISTRACAO PUBLICA","M","NORTE","medio","alto","alto",NA,"medio","alto","medio","alto","alto","alto"
2269945,200912,2009-12-01,2009,"12",14.4404332129964,10.8303249097473,3.6101083032491,"SMS RIO HOSPITAL MATERNIDADE ALEXANDER FLEMING","ADMINISTRACAO PUBLICA","M","NORTE","medio","alto","alto",NA,"medio","alto","alto","alto","alto","alto"
2269945,201001,2010-01-01,2010,"01",21.2121212121212,12.1212121212121,9.09090909090909,"SMS RIO HOSPITAL MATERNIDADE ALEXANDER FLEMING","ADMINISTRACAO PUBLICA","M","NORTE","medio","alto","alto",NA,"medio","alto","alto","alto","alto","alto"
2269945,201002,2010-02-01,2010,"02",12.987012987013,9.74025974025974,3.24675324675325,"SMS RIO HOSPITAL MATERNIDADE ALEXANDER FLEMING","ADMINISTRACAO PUBLICA","M","NORTE","medio","alto","alto",NA,"medio","alto","alto","alto","alto","alto"
2269945,201003,2010-03-01,2010,"03",13.262599469496,13.262599469496,0,"SMS RIO HOSPITAL MATERNIDADE ALEXANDER FLEMING","ADMINISTRACAO PUBLICA","M","NORTE","alto","medio","alto",NA,"medio","alto","medio","alto","alto","baixo"
2269945,201004,2010-04-01,2010,"04",19.6629213483146,19.6629213483146,0,"SMS RIO HOSPITAL MATERNIDADE ALEXANDER FLEMING","ADMINISTRACAO PUBLICA","M","NORTE","alto","alto","alto",NA,"medio","alto","alto","alto","alto","baixo"
2269945,201005,2010-05-01,2010,"05",8.42696629213483,5.61797752808989,2.80898876404494,"SMS RIO HOSPITAL MATERNIDADE ALEXANDER FLEMING","ADMINISTRACAO PUBLICA","M","NORTE","alto","alto","alto",NA,"medio","alto","medio","medio","medio","alto"
2269945,201006,2010-06-01,2010,"06",20.2020202020202,16.8350168350168,3.36700336700337,"SMS RIO HOSPITAL MATERNIDADE ALEXANDER FLEMING","ADMINISTRACAO PUBLICA","M","NORTE","medio","alto","alto",NA,"baixo","alto","medio","alto","alto","alto"
2269945,201007,2010-07-01,2010,"07",17.6678445229682,17.6678445229682,0,"SMS RIO HOSPITAL MATERNIDADE ALEXANDER FLEMING","ADMINISTRACAO PUBLICA","M","NORTE","medio","alto","alto",NA,"medio","alto","medio","alto","alto","baixo"
2269945,201008,2010-08-01,2010,"08",30.3030303030303,26.5151515151515,3.78787878787879,"SMS RIO HOSPITAL MATERNIDADE ALEXANDER FLEMING","ADMINISTRACAO PUBLICA","M","NORTE","medio","alto","alto",NA,"medio","alto","medio","alto","alto","alto"
2269945,201009,2010-09-01,2010,"09",6.43086816720257,6.43086816720257,0,"SMS RIO HOSPITAL MATERNIDADE ALEXANDER FLEMING","ADMINISTRACAO PUBLICA","M","NORTE","medio","alto","alto",NA,"medio","alto","medio","medio","medio","baixo"
2269945,201010,2010-10-01,2010,"10",12.8617363344051,9.64630225080386,3.21543408360129,"SMS RIO HOSPITAL MATERNIDADE ALEXANDER FLEMING","ADMINISTRACAO PUBLICA","M","NORTE","medio","alto","alto",NA,"medio","medio","alto","alto","alto","alto"
2269945,201011,2010-11-01,2010,"11",9.23076923076923,6.15384615384615,3.07692307692308,"SMS RIO HOSPITAL MATERNIDADE ALEXANDER FLEMING","ADMINISTRACAO PUBLICA","M","NORTE","medio","medio","alto",NA,"medio","medio","alto","medio","medio","alto"
2269945,201012,2010-12-01,2010,"12",16,13.3333333333333,2.66666666666667,"SMS RIO HOSPITAL MATERNIDADE ALEXANDER FLEMING","ADMINISTRACAO PUBLICA","M","NORTE","alto","alto","alto",NA,"medio","medio","alto","alto","alto","alto"
2269945,201101,2011-01-01,2011,"01",12.987012987013,12.987012987013,0,"SMS RIO HOSPITAL MATERNIDADE ALEXANDER FLEMING","ADMINISTRACAO PUBLICA","M","NORTE","alto","alto","alto","medio","medio","medio","medio","alto","alto","baixo"
2269945,201102,2011-02-01,2011,"02",17.910447761194,14.9253731343284,2.98507462686567,"SMS RIO HOSPITAL MATERNIDADE ALEXANDER FLEMING","ADMINISTRACAO PUBLICA","M","NORTE","medio","medio","alto","medio","medio","alto","medio","alto","alto","alto"
2269945,201103,2011-03-01,2011,"03",9.9009900990099,9.9009900990099,0,"SMS RIO HOSPITAL MATERNIDADE ALEXANDER FLEMING","ADMINISTRACAO PUBLICA","M","NORTE","alto","alto","alto","baixo","medio","alto","alto","medio","alto","baixo"
2269945,201104,2011-04-01,2011,"04",5.249343832021,5.249343832021,0,"SMS RIO HOSPITAL MATERNIDADE ALEXANDER FLEMING","ADMINISTRACAO PUBLICA","M","NORTE","alto","alto","alto","baixo","medio","medio","medio","medio","medio","baixo"
2269945,201105,2011-05-01,2011,"05",15.6657963446475,13.0548302872063,2.61096605744125,"SMS RIO HOSPITAL MATERNIDADE ALEXANDER FLEMING","ADMINISTRACAO PUBLICA","M","NORTE","alto","alto","alto","medio","medio","alto","medio","alto","alto","alto"
2269945,201106,2011-06-01,2011,"06",20.3488372093023,17.4418604651163,2.90697674418605,"SMS RIO HOSPITAL MATERNIDADE ALEXANDER FLEMING","ADMINISTRACAO PUBLICA","M","NORTE","medio","alto","alto","baixo","medio","alto","medio","alto","alto","alto"
2269945,201107,2011-07-01,2011,"07",6.73400673400673,6.73400673400673,0,"SMS RIO HOSPITAL MATERNIDADE ALEXANDER FLEMING","ADMINISTRACAO PUBLICA","M","NORTE","medio","medio","alto","baixo","medio","medio","medio","medio","medio","baixo"
2269945,201108,2011-08-01,2011,"08",19.2307692307692,11.5384615384615,7.69230769230769,"SMS RIO HOSPITAL MATERNIDADE ALEXANDER FLEMING","ADMINISTRACAO PUBLICA","M","NORTE","medio","alto","alto","baixo","medio","alto","alto","alto","alto","alto"
2269945,201109,2011-09-01,2011,"09",12.0967741935484,8.06451612903226,4.03225806451613,"SMS RIO HOSPITAL MATERNIDADE ALEXANDER FLEMING","ADMINISTRACAO PUBLICA","M","NORTE","medio","alto","alto","baixo","medio","medio","alto","alto","medio","alto"
2269945,201110,2011-10-01,2011,"10",4.08163265306122,4.08163265306122,0,"SMS RIO HOSPITAL MATERNIDADE ALEXANDER FLEMING","ADMINISTRACAO PUBLICA","M","NORTE","medio","alto","medio","baixo","baixo","alto","alto","medio","medio","baixo"
2269945,201111,2011-11-01,2011,"11",0,0,0,"SMS RIO HOSPITAL MATERNIDADE ALEXANDER FLEMING","ADMINISTRACAO PUBLICA","M","NORTE","medio","alto","alto","medio","medio","medio","alto","baixo","baixo","baixo"
2269945,201112,2011-12-01,2011,"12",17.8571428571429,17.8571428571429,0,"SMS RIO HOSPITAL MATERNIDADE ALEXANDER FLEMING","ADMINISTRACAO PUBLICA","M","NORTE","medio","alto","alto","medio","medio","alto","medio","alto","alto","baixo"
2269945,201201,2012-01-01,2012,"01",10.5633802816901,10.5633802816901,0,"SMS RIO HOSPITAL MATERNIDADE ALEXANDER FLEMING","ADMINISTRACAO PUBLICA","M","NORTE","medio","medio","alto",NA,"medio","medio","medio","medio","alto","baixo"
2269945,201202,2012-02-01,2012,"02",8.62068965517241,5.74712643678161,2.8735632183908,"SMS RIO HOSPITAL MATERNIDADE ALEXANDER FLEMING","ADMINISTRACAO PUBLICA","M","NORTE","alto","alto","alto",NA,"medio","medio","medio","medio","medio","alto"
2269945,201203,2012-03-01,2012,"03",10.4712041884817,7.85340314136126,2.61780104712042,"SMS RIO HOSPITAL MATERNIDADE ALEXANDER FLEMING","ADMINISTRACAO PUBLICA","M","NORTE","alto","medio","alto",NA,"medio","medio","medio","medio","medio","alto"
2269945,201204,2012-04-01,2012,"04",2.91545189504373,2.91545189504373,0,"SMS RIO HOSPITAL MATERNIDADE ALEXANDER FLEMING","ADMINISTRACAO PUBLICA","M","NORTE","medio","medio","alto",NA,"medio","alto","medio","baixo","medio","baixo"
2269945,201205,2012-05-01,2012,"05",8.88888888888889,4.44444444444444,4.44444444444444,"SMS RIO HOSPITAL MATERNIDADE ALEXANDER FLEMING","ADMINISTRACAO PUBLICA","M","NORTE","medio","medio","alto",NA,"alto","alto","medio","medio","medio","alto"
2269945,201206,2012-06-01,2012,"06",8.36820083682008,8.36820083682008,0,"SMS RIO HOSPITAL MATERNIDADE ALEXANDER FLEMING","ADMINISTRACAO PUBLICA","M","NORTE","medio","medio","alto",NA,"medio","alto","medio","medio","alto","baixo"
2269945,201207,2012-07-01,2012,"07",20.4081632653061,6.80272108843537,13.6054421768707,"SMS RIO HOSPITAL MATERNIDADE ALEXANDER FLEMING","ADMINISTRACAO PUBLICA","M","NORTE","medio","medio","alto",NA,"medio","alto","medio","alto","medio","alto"
2269945,201208,2012-08-01,2012,"08",9.80392156862745,0,9.80392156862745,"SMS RIO HOSPITAL MATERNIDADE ALEXANDER FLEMING","ADMINISTRACAO PUBLICA","M","NORTE","baixo","alto","alto",NA,"medio","medio","medio","medio","baixo","alto"
2269945,201209,2012-09-01,2012,"09",0,0,0,"SMS RIO HOSPITAL MATERNIDADE ALEXANDER FLEMING","ADMINISTRACAO PUBLICA","M","NORTE","medio","medio","alto",NA,"medio","medio","medio","baixo","baixo","baixo"
2269945,201210,2012-10-01,2012,"10",7.57575757575758,7.57575757575758,0,"SMS RIO HOSPITAL MATERNIDADE ALEXANDER FLEMING","ADMINISTRACAO PUBLICA","M","NORTE","medio","medio","alto",NA,"medio","baixo","medio","medio","medio","baixo"
2269945,201211,2012-11-01,2012,"11",29.4117647058824,29.4117647058824,0,"SMS RIO HOSPITAL MATERNIDADE ALEXANDER FLEMING","ADMINISTRACAO PUBLICA","M","NORTE","medio","medio","medio",NA,"medio","alto","medio","alto","alto","baixo"
2269945,201212,2012-12-01,2012,"12",17.8571428571429,17.8571428571429,0,"SMS RIO HOSPITAL MATERNIDADE ALEXANDER FLEMING","ADMINISTRACAO PUBLICA","M","NORTE","medio","alto","medio",NA,"medio","alto","medio","alto","alto","baixo"
2269945,201301,2013-01-01,2013,"01",11.1731843575419,11.1731843575419,0,"SMS RIO HOSPITAL MATERNIDADE ALEXANDER FLEMING","ADMINISTRACAO PUBLICA","M","NORTE","medio","alto","alto","medio","medio","alto","medio","medio","alto","baixo"
2269945,201302,2013-02-01,2013,"02",18.8679245283019,12.5786163522013,6.28930817610063,"SMS RIO HOSPITAL MATERNIDADE ALEXANDER FLEMING","ADMINISTRACAO PUBLICA","M","NORTE","medio","alto","alto","baixo","medio","alto","medio","alto","alto","alto"
2269945,201303,2013-03-01,2013,"03",26.0416666666667,20.8333333333333,5.20833333333333,"SMS RIO HOSPITAL MATERNIDADE ALEXANDER FLEMING","ADMINISTRACAO PUBLICA","M","NORTE","medio","medio","alto","baixo","medio","alto","medio","alto","alto","alto"
2269945,201304,2013-04-01,2013,"04",4.42477876106195,4.42477876106195,0,"SMS RIO HOSPITAL MATERNIDADE ALEXANDER FLEMING","ADMINISTRACAO PUBLICA","M","NORTE","medio","alto","alto","baixo","medio","baixo","medio","medio","medio","baixo"
2269945,201305,2013-05-01,2013,"05",16.8067226890756,16.8067226890756,0,"SMS RIO HOSPITAL MATERNIDADE ALEXANDER FLEMING","ADMINISTRACAO PUBLICA","M","NORTE","medio","alto","medio","baixo","medio","baixo","medio","alto","alto","baixo"
2269945,201306,2013-06-01,2013,"06",9.85221674876847,0,9.85221674876847,"SMS RIO HOSPITAL MATERNIDADE ALEXANDER FLEMING","ADMINISTRACAO PUBLICA","M","NORTE","medio","alto","alto","baixo","medio","alto","medio","medio","baixo","alto"
2269945,201307,2013-07-01,2013,"07",0,0,0,"SMS RIO HOSPITAL MATERNIDADE ALEXANDER FLEMING","ADMINISTRACAO PUBLICA","M","NORTE","medio","medio","medio","baixo","medio","baixo","medio","baixo","baixo","baixo"
2269945,201308,2013-08-01,2013,"08",11.2359550561798,11.2359550561798,0,"SMS RIO HOSPITAL MATERNIDADE ALEXANDER FLEMING","ADMINISTRACAO PUBLICA","M","NORTE","medio","medio","medio","medio","alto","medio","medio","medio","alto","baixo"
2269945,201309,2013-09-01,2013,"09",11.4285714285714,11.4285714285714,0,"SMS RIO HOSPITAL MATERNIDADE ALEXANDER FLEMING","ADMINISTRACAO PUBLICA","M","NORTE","medio","baixo","medio","baixo","medio","baixo","medio","alto","alto","baixo"
2269945,201310,2013-10-01,2013,"10",5.26315789473684,5.26315789473684,0,"SMS RIO HOSPITAL MATERNIDADE ALEXANDER FLEMING","ADMINISTRACAO PUBLICA","M","NORTE","medio","medio","medio","baixo","medio","medio","medio","medio","medio","baixo"
2269945,201311,2013-11-01,2013,"11",0,0,0,"SMS RIO HOSPITAL MATERNIDADE ALEXANDER FLEMING","ADMINISTRACAO PUBLICA","M","NORTE","medio","baixo","medio","baixo","medio","medio","medio","baixo","baixo","baixo"
2269945,201312,2013-12-01,2013,"12",11.3636363636364,5.68181818181818,5.68181818181818,"SMS RIO HOSPITAL MATERNIDADE ALEXANDER FLEMING","ADMINISTRACAO PUBLICA","M","NORTE","medio","alto","alto","baixo","alto","medio","medio","alto","medio","alto"
2269945,201401,2014-01-01,2014,"01",0,0,0,"SMS RIO HOSPITAL MATERNIDADE ALEXANDER FLEMING","ADMINISTRACAO PUBLICA","M","NORTE","medio","alto","alto","baixo","baixo","medio","alto","baixo","baixo","baixo"
2269945,201402,2014-02-01,2014,"02",18.0722891566265,18.0722891566265,0,"SMS RIO HOSPITAL MATERNIDADE ALEXANDER FLEMING","ADMINISTRACAO PUBLICA","M","NORTE","medio","alto","alto","baixo","medio","alto","medio","alto","alto","baixo"
2269945,201403,2014-03-01,2014,"03",0,0,0,"SMS RIO HOSPITAL MATERNIDADE ALEXANDER FLEMING","ADMINISTRACAO PUBLICA","M","NORTE","medio","alto","medio","medio","medio","medio","medio","baixo","baixo","baixo"
2269945,201404,2014-04-01,2014,"04",0,0,0,"SMS RIO HOSPITAL MATERNIDADE ALEXANDER FLEMING","ADMINISTRACAO PUBLICA","M","NORTE","medio","alto","alto","baixo","medio","alto","medio","baixo","baixo","baixo"
2269945,201405,2014-05-01,2014,"05",4.48430493273543,0,4.48430493273543,"SMS RIO HOSPITAL MATERNIDADE ALEXANDER FLEMING","ADMINISTRACAO PUBLICA","M","NORTE","medio","medio","alto","baixo","alto","alto","medio","medio","baixo","alto"
2269945,201406,2014-06-01,2014,"06",11.5606936416185,5.78034682080925,5.78034682080925,"SMS RIO HOSPITAL MATERNIDADE ALEXANDER FLEMING","ADMINISTRACAO PUBLICA","M","NORTE","medio","alto","alto","baixo","medio","baixo","baixo","alto","medio","alto"
2269945,201407,2014-07-01,2014,"07",14.2857142857143,14.2857142857143,0,"SMS RIO HOSPITAL MATERNIDADE ALEXANDER FLEMING","ADMINISTRACAO PUBLICA","M","NORTE","medio","medio","medio","baixo","medio","medio","medio","alto","alto","baixo"
2269945,201408,2014-08-01,2014,"08",4.67289719626168,4.67289719626168,0,"SMS RIO HOSPITAL MATERNIDADE ALEXANDER FLEMING","ADMINISTRACAO PUBLICA","M","NORTE","medio","medio","medio","baixo","alto","baixo","medio","medio","medio","baixo"
2269945,201409,2014-09-01,2014,"09",5.91715976331361,5.91715976331361,0,"SMS RIO HOSPITAL MATERNIDADE ALEXANDER FLEMING","ADMINISTRACAO PUBLICA","M","NORTE","medio","medio","medio","baixo","medio","medio","medio","medio","medio","baixo"
2269945,201410,2014-10-01,2014,"10",5.91715976331361,5.91715976331361,0,"SMS RIO HOSPITAL MATERNIDADE ALEXANDER FLEMING","ADMINISTRACAO PUBLICA","M","NORTE","medio","medio","medio","baixo","medio","medio","medio","medio","medio","baixo"
2269945,201411,2014-11-01,2014,"11",12.9032258064516,12.9032258064516,0,"SMS RIO HOSPITAL MATERNIDADE ALEXANDER FLEMING","ADMINISTRACAO PUBLICA","M","NORTE","medio","baixo","alto","baixo","alto","alto","baixo","alto","alto","baixo"
2269945,201412,2014-12-01,2014,"12",12.1951219512195,12.1951219512195,0,"SMS RIO HOSPITAL MATERNIDADE ALEXANDER FLEMING","ADMINISTRACAO PUBLICA","M","NORTE","medio","medio","medio","baixo","medio","alto","baixo","alto","alto","baixo"
2269945,201501,2015-01-01,2015,"01",11.2359550561798,0,11.2359550561798,"SMS RIO HOSPITAL MATERNIDADE ALEXANDER FLEMING","ADMINISTRACAO PUBLICA","M","NORTE","medio","medio","medio","baixo","alto","alto","baixo","medio","baixo","alto"
2269945,201502,2015-02-01,2015,"02",12.1212121212121,6.06060606060606,6.06060606060606,"SMS RIO HOSPITAL MATERNIDADE ALEXANDER FLEMING","ADMINISTRACAO PUBLICA","M","NORTE","medio","alto","medio","baixo","medio","alto","medio","alto","medio","alto"
2269945,201503,2015-03-01,2015,"03",18.8679245283019,14.1509433962264,4.71698113207547,"SMS RIO HOSPITAL MATERNIDADE ALEXANDER FLEMING","ADMINISTRACAO PUBLICA","M","NORTE","medio","medio","medio","medio","medio","medio","medio","alto","alto","alto"
2269945,201504,2015-04-01,2015,"04",8.69565217391304,4.34782608695652,4.34782608695652,"SMS RIO HOSPITAL MATERNIDADE ALEXANDER FLEMING","ADMINISTRACAO PUBLICA","M","NORTE","medio","alto","medio","baixo","medio","alto","medio","medio","medio","alto"
2269945,201505,2015-05-01,2015,"05",9.38967136150235,4.69483568075117,4.69483568075117,"SMS RIO HOSPITAL MATERNIDADE ALEXANDER FLEMING","ADMINISTRACAO PUBLICA","M","NORTE","medio","baixo","medio","baixo","medio","medio","medio","medio","medio","alto"
2269945,201506,2015-06-01,2015,"06",4.52488687782806,4.52488687782806,0,"SMS RIO HOSPITAL MATERNIDADE ALEXANDER FLEMING","ADMINISTRACAO PUBLICA","M","NORTE","medio","baixo","medio","medio","medio","alto","medio","medio","medio","baixo"
2269945,201507,2015-07-01,2015,"07",14.6341463414634,4.8780487804878,9.75609756097561,"SMS RIO HOSPITAL MATERNIDADE ALEXANDER FLEMING","ADMINISTRACAO PUBLICA","M","NORTE","medio","alto","medio","baixo","medio","medio","baixo","alto","medio","alto"
2269945,201508,2015-08-01,2015,"08",0,0,0,"SMS RIO HOSPITAL MATERNIDADE ALEXANDER FLEMING","ADMINISTRACAO PUBLICA","M","NORTE","medio","medio","medio","baixo","medio","medio","medio","baixo","baixo","baixo"
2269945,201509,2015-09-01,2015,"09",4.65116279069767,4.65116279069767,0,"SMS RIO HOSPITAL MATERNIDADE ALEXANDER FLEMING","ADMINISTRACAO PUBLICA","M","NORTE","medio","medio","medio","baixo","baixo","medio","medio","medio","medio","baixo"
2269945,201510,2015-10-01,2015,"10",9.30232558139535,9.30232558139535,0,"SMS RIO HOSPITAL MATERNIDADE ALEXANDER FLEMING","ADMINISTRACAO PUBLICA","M","NORTE","medio","alto","medio","baixo","medio","medio","medio","medio","alto","baixo"
2269945,201511,2015-11-01,2015,"11",9.25925925925926,4.62962962962963,4.62962962962963,"SMS RIO HOSPITAL MATERNIDADE ALEXANDER FLEMING","ADMINISTRACAO PUBLICA","M","NORTE","medio","medio","medio","baixo","baixo","medio","medio","medio","medio","alto"
2269945,201512,2015-12-01,2015,"12",9.43396226415094,9.43396226415094,0,"SMS RIO HOSPITAL MATERNIDADE ALEXANDER FLEMING","ADMINISTRACAO PUBLICA","M","NORTE","medio","medio","medio","baixo","medio","baixo","medio","medio","alto","baixo"
2269945,201601,2016-01-01,2016,"01",3.71747211895911,3.71747211895911,0,"SMS RIO HOSPITAL MATERNIDADE ALEXANDER FLEMING","ADMINISTRACAO PUBLICA","M","NORTE","medio","medio","medio","baixo","medio","baixo","medio","medio","medio","baixo"
2269945,201602,2016-02-01,2016,"02",11.8110236220472,11.8110236220472,0,"SMS RIO HOSPITAL MATERNIDADE ALEXANDER FLEMING","ADMINISTRACAO PUBLICA","M","NORTE","medio","medio","alto","medio","medio","alto","medio","alto","alto","baixo"
2269945,201603,2016-03-01,2016,"03",3.89105058365759,3.89105058365759,0,"SMS RIO HOSPITAL MATERNIDADE ALEXANDER FLEMING","ADMINISTRACAO PUBLICA","M","NORTE","medio","medio","alto","medio","baixo","baixo","medio","medio","medio","baixo"
2269945,201604,2016-04-01,2016,"04",11.8577075098814,11.8577075098814,0,"SMS RIO HOSPITAL MATERNIDADE ALEXANDER FLEMING","ADMINISTRACAO PUBLICA","M","NORTE","medio","medio","medio","baixo","baixo","medio","medio","alto","alto","baixo"
2269945,201605,2016-05-01,2016,"05",8.26446280991736,4.13223140495868,4.13223140495868,"SMS RIO HOSPITAL MATERNIDADE ALEXANDER FLEMING","ADMINISTRACAO PUBLICA","M","NORTE","medio","alto","alto","baixo","baixo","medio","medio","medio","medio","alto"
2269945,201606,2016-06-01,2016,"06",0,0,0,"SMS RIO HOSPITAL MATERNIDADE ALEXANDER FLEMING","ADMINISTRACAO PUBLICA","M","NORTE","medio","medio","medio","baixo","baixo","medio","medio","baixo","baixo","baixo"
2269945,201607,2016-07-01,2016,"07",10.3626943005181,10.3626943005181,0,"SMS RIO HOSPITAL MATERNIDADE ALEXANDER FLEMING","ADMINISTRACAO PUBLICA","M","NORTE","medio","medio","medio","baixo","baixo","alto","medio","medio","alto","baixo"
2269945,201608,2016-08-01,2016,"08",9.25925925925926,9.25925925925926,0,"SMS RIO HOSPITAL MATERNIDADE ALEXANDER FLEMING","ADMINISTRACAO PUBLICA","M","NORTE","medio","medio","medio","baixo","baixo","alto","medio","medio","alto","baixo"
2269945,201609,2016-09-01,2016,"09",0,0,0,"SMS RIO HOSPITAL MATERNIDADE ALEXANDER FLEMING","ADMINISTRACAO PUBLICA","M","NORTE","medio","baixo","medio","baixo","baixo","alto","medio","baixo","baixo","baixo"
2269945,201610,2016-10-01,2016,"10",5.12820512820513,5.12820512820513,0,"SMS RIO HOSPITAL MATERNIDADE ALEXANDER FLEMING","ADMINISTRACAO PUBLICA","M","NORTE","medio","medio","alto","baixo","medio","alto","medio","medio","medio","baixo"
2269945,201611,2016-11-01,2016,"11",0,0,0,"SMS RIO HOSPITAL MATERNIDADE ALEXANDER FLEMING","ADMINISTRACAO PUBLICA","M","NORTE","medio","baixo","medio","baixo","baixo","baixo","medio","baixo","baixo","baixo"
2269945,201612,2016-12-01,2016,"12",0,0,0,"SMS RIO HOSPITAL MATERNIDADE ALEXANDER FLEMING","ADMINISTRACAO PUBLICA","M","NORTE","medio","medio","medio","baixo","baixo","baixo","medio","baixo","baixo","baixo"
2269945,201701,2017-01-01,2017,"01",17.1673819742489,12.8755364806867,4.29184549356223,"SMS RIO HOSPITAL MATERNIDADE ALEXANDER FLEMING","ADMINISTRACAO PUBLICA","M","NORTE","medio","medio","medio","medio","baixo","alto","medio","alto","alto","alto"
2269945,201702,2017-02-01,2017,"02",20.746887966805,12.448132780083,8.29875518672199,"SMS RIO HOSPITAL MATERNIDADE ALEXANDER FLEMING","ADMINISTRACAO PUBLICA","M","NORTE","medio","alto","alto","medio","medio","alto","medio","alto","alto","alto"
2269945,201703,2017-03-01,2017,"03",13.5135135135135,13.5135135135135,0,"SMS RIO HOSPITAL MATERNIDADE ALEXANDER FLEMING","ADMINISTRACAO PUBLICA","M","NORTE","medio","medio","medio","baixo","medio","medio","medio","alto","alto","baixo"
2269945,201704,2017-04-01,2017,"04",6.62251655629139,6.62251655629139,0,"SMS RIO HOSPITAL MATERNIDADE ALEXANDER FLEMING","ADMINISTRACAO PUBLICA","M","NORTE","medio","medio","medio","baixo","baixo","alto","baixo","medio","medio","baixo"
2269945,201705,2017-05-01,2017,"05",3.67647058823529,3.67647058823529,0,"SMS RIO HOSPITAL MATERNIDADE ALEXANDER FLEMING","ADMINISTRACAO PUBLICA","M","NORTE","medio","medio","medio","baixo","baixo","alto","medio","medio","medio","baixo"
2269945,201706,2017-06-01,2017,"06",10.5633802816901,10.5633802816901,0,"SMS RIO HOSPITAL MATERNIDADE ALEXANDER FLEMING","ADMINISTRACAO PUBLICA","M","NORTE","medio","baixo","medio","baixo","baixo","alto","medio","medio","alto","baixo"
2269945,201707,2017-07-01,2017,"07",8.84955752212389,0,8.84955752212389,"SMS RIO HOSPITAL MATERNIDADE ALEXANDER FLEMING","ADMINISTRACAO PUBLICA","M","NORTE","medio","medio","medio","medio","baixo","medio","baixo","medio","baixo","alto"
2269945,201708,2017-08-01,2017,"08",15.4440154440154,11.5830115830116,3.86100386100386,"SMS RIO HOSPITAL MATERNIDADE ALEXANDER FLEMING","ADMINISTRACAO PUBLICA","M","NORTE","medio","medio","medio","medio","baixo","alto","baixo","alto","alto","alto"
2269945,201709,2017-09-01,2017,"09",0,0,0,"SMS RIO HOSPITAL MATERNIDADE ALEXANDER FLEMING","ADMINISTRACAO PUBLICA","M","NORTE","medio","medio","medio","baixo","baixo","alto","medio","baixo","baixo","baixo"
2269945,201710,2017-10-01,2017,"10",0,0,0,"SMS RIO HOSPITAL MATERNIDADE ALEXANDER FLEMING","ADMINISTRACAO PUBLICA","M","NORTE","medio","baixo","medio","medio","baixo","medio","medio","baixo","baixo","baixo"
2269945,201711,2017-11-01,2017,"11",12.5523012552301,12.5523012552301,0,"SMS RIO HOSPITAL MATERNIDADE ALEXANDER FLEMING","ADMINISTRACAO PUBLICA","M","NORTE","medio","medio","medio","medio","medio","alto","baixo","alto","alto","baixo"
2269945,201712,2017-12-01,2017,"12",0,0,0,"SMS RIO HOSPITAL MATERNIDADE ALEXANDER FLEMING","ADMINISTRACAO PUBLICA","M","NORTE","medio","medio","medio","baixo","baixo","medio","baixo","baixo","baixo","baixo"
2269988,200601,2006-01-01,2006,"01",0,0,0,"MS HSE HOSPITAL DOS SERVIDORES DO ESTADO","ADMINISTRACAO PUBLICA","M","CENTRO","baixo","alto","baixo","alto","alto","baixo","alto","baixo","baixo","baixo"
2269988,200602,2006-02-01,2006,"02",13.8888888888889,0,13.8888888888889,"MS HSE HOSPITAL DOS SERVIDORES DO ESTADO","ADMINISTRACAO PUBLICA","M","CENTRO","baixo","alto","baixo","alto","alto","medio","alto","alto","baixo","alto"
2269988,200603,2006-03-01,2006,"03",14.4927536231884,14.4927536231884,0,"MS HSE HOSPITAL DOS SERVIDORES DO ESTADO","ADMINISTRACAO PUBLICA","M","CENTRO","baixo","alto","baixo","alto","alto","alto","alto","alto","alto","baixo"
2269988,200604,2006-04-01,2006,"04",10.989010989011,10.989010989011,0,"MS HSE HOSPITAL DOS SERVIDORES DO ESTADO","ADMINISTRACAO PUBLICA","M","CENTRO","baixo","alto","baixo","alto","alto","medio","alto","medio","alto","baixo"
2269988,200605,2006-05-01,2006,"05",24.0963855421687,12.0481927710843,12.0481927710843,"MS HSE HOSPITAL DOS SERVIDORES DO ESTADO","ADMINISTRACAO PUBLICA","M","CENTRO","baixo","alto","baixo","alto","alto","medio","alto","alto","alto","alto"
2269988,200606,2006-06-01,2006,"06",16.3934426229508,16.3934426229508,0,"MS HSE HOSPITAL DOS SERVIDORES DO ESTADO","ADMINISTRACAO PUBLICA","M","CENTRO","baixo","alto","baixo","alto","alto","alto","alto","alto","alto","baixo"
2269988,200607,2006-07-01,2006,"07",0,0,0,"MS HSE HOSPITAL DOS SERVIDORES DO ESTADO","ADMINISTRACAO PUBLICA","M","CENTRO","baixo","alto","baixo","alto","alto","baixo","alto","baixo","baixo","baixo"
2269988,200608,2006-08-01,2006,"08",35.7142857142857,35.7142857142857,0,"MS HSE HOSPITAL DOS SERVIDORES DO ESTADO","ADMINISTRACAO PUBLICA","M","CENTRO","baixo","alto","medio","alto","alto","alto","alto","alto","alto","baixo"
2269988,200609,2006-09-01,2006,"09",14.7058823529412,0,14.7058823529412,"MS HSE HOSPITAL DOS SERVIDORES DO ESTADO","ADMINISTRACAO PUBLICA","M","CENTRO","baixo","alto","medio","medio","alto","baixo","alto","alto","baixo","alto"
2269988,200610,2006-10-01,2006,"10",0,0,0,"MS HSE HOSPITAL DOS SERVIDORES DO ESTADO","ADMINISTRACAO PUBLICA","M","CENTRO","baixo","alto","medio","alto","alto","alto","alto","baixo","baixo","baixo"
2269988,200611,2006-11-01,2006,"11",11.4942528735632,11.4942528735632,0,"MS HSE HOSPITAL DOS SERVIDORES DO ESTADO","ADMINISTRACAO PUBLICA","M","CENTRO","baixo","medio","baixo","alto","alto","medio","alto","alto","alto","baixo"
2269988,200612,2006-12-01,2006,"12",0,0,0,"MS HSE HOSPITAL DOS SERVIDORES DO ESTADO","ADMINISTRACAO PUBLICA","M","CENTRO","baixo","alto","baixo","alto","alto","alto","alto","baixo","baixo","baixo"
2269988,200701,2007-01-01,2007,"01",0,0,0,"MS HSE HOSPITAL DOS SERVIDORES DO ESTADO","ADMINISTRACAO PUBLICA","M","CENTRO","baixo","alto","baixo",NA,"alto","medio","alto","baixo","baixo","baixo"
2269988,200702,2007-02-01,2007,"02",23.8095238095238,11.9047619047619,11.9047619047619,"MS HSE HOSPITAL DOS SERVIDORES DO ESTADO","ADMINISTRACAO PUBLICA","M","CENTRO","baixo","alto","baixo",NA,"alto","alto","alto","alto","alto","alto"
2269988,200703,2007-03-01,2007,"03",10.3092783505155,0,10.3092783505155,"MS HSE HOSPITAL DOS SERVIDORES DO ESTADO","ADMINISTRACAO PUBLICA","M","CENTRO","baixo","medio","baixo",NA,"alto","baixo","alto","medio","baixo","alto"
2269988,200704,2007-04-01,2007,"04",13.5135135135135,0,13.5135135135135,"MS HSE HOSPITAL DOS SERVIDORES DO ESTADO","ADMINISTRACAO PUBLICA","M","CENTRO","baixo","alto","baixo",NA,"alto","medio","alto","alto","baixo","alto"
2269988,200705,2007-05-01,2007,"05",0,0,0,"MS HSE HOSPITAL DOS SERVIDORES DO ESTADO","ADMINISTRACAO PUBLICA","M","CENTRO","baixo","medio","baixo",NA,"alto","baixo","alto","baixo","baixo","baixo"
2269988,200706,2007-06-01,2007,"06",12.8205128205128,0,12.8205128205128,"MS HSE HOSPITAL DOS SERVIDORES DO ESTADO","ADMINISTRACAO PUBLICA","M","CENTRO","baixo","alto","medio",NA,"alto","medio","alto","alto","baixo","alto"
2269988,200707,2007-07-01,2007,"07",49.3827160493827,37.037037037037,12.3456790123457,"MS HSE HOSPITAL DOS SERVIDORES DO ESTADO","ADMINISTRACAO PUBLICA","M","CENTRO","baixo","alto","medio",NA,"alto","medio","alto","alto","alto","alto"
2269988,200708,2007-08-01,2007,"08",12.6582278481013,12.6582278481013,0,"MS HSE HOSPITAL DOS SERVIDORES DO ESTADO","ADMINISTRACAO PUBLICA","M","CENTRO","baixo","alto","baixo",NA,"alto","medio","alto","alto","alto","baixo"
2269988,200709,2007-09-01,2007,"09",0,0,0,"MS HSE HOSPITAL DOS SERVIDORES DO ESTADO","ADMINISTRACAO PUBLICA","M","CENTRO","baixo","alto","baixo",NA,"alto","baixo","alto","baixo","baixo","baixo"
2269988,200710,2007-10-01,2007,"10",12.3456790123457,12.3456790123457,0,"MS HSE HOSPITAL DOS SERVIDORES DO ESTADO","ADMINISTRACAO PUBLICA","M","CENTRO","baixo","alto","baixo",NA,"alto","alto","alto","alto","alto","baixo"
2269988,200711,2007-11-01,2007,"11",61.5384615384615,46.1538461538462,15.3846153846154,"MS HSE HOSPITAL DOS SERVIDORES DO ESTADO","ADMINISTRACAO PUBLICA","M","CENTRO","baixo","alto","medio",NA,"alto","medio","alto","alto","alto","alto"
2269988,200712,2007-12-01,2007,"12",24.0963855421687,24.0963855421687,0,"MS HSE HOSPITAL DOS SERVIDORES DO ESTADO","ADMINISTRACAO PUBLICA","M","CENTRO","baixo","alto","medio",NA,"alto","alto","alto","alto","alto","baixo"
2269988,200801,2008-01-01,2008,"01",20.8333333333333,20.8333333333333,0,"MS HSE HOSPITAL DOS SERVIDORES DO ESTADO","ADMINISTRACAO PUBLICA","M","CENTRO","baixo","alto","baixo","alto","medio","alto","alto","alto","alto","baixo"
2269988,200802,2008-02-01,2008,"02",40,13.3333333333333,26.6666666666667,"MS HSE HOSPITAL DOS SERVIDORES DO ESTADO","ADMINISTRACAO PUBLICA","M","CENTRO","baixo","alto","medio","alto","alto","alto","alto","alto","alto","alto"
2269988,200803,2008-03-01,2008,"03",24.6913580246914,0,24.6913580246914,"MS HSE HOSPITAL DOS SERVIDORES DO ESTADO","ADMINISTRACAO PUBLICA","M","CENTRO","baixo","alto","medio","alto","alto","medio","alto","alto","baixo","alto"
2269988,200804,2008-04-01,2008,"04",0,0,0,"MS HSE HOSPITAL DOS SERVIDORES DO ESTADO","ADMINISTRACAO PUBLICA","M","CENTRO","baixo","alto","baixo","alto","alto","alto","alto","baixo","baixo","baixo"
2269988,200805,2008-05-01,2008,"05",13.8888888888889,0,13.8888888888889,"MS HSE HOSPITAL DOS SERVIDORES DO ESTADO","ADMINISTRACAO PUBLICA","M","CENTRO","baixo","alto","medio","alto","alto","medio","alto","alto","baixo","alto"
2269988,200806,2008-06-01,2008,"06",13.3333333333333,0,13.3333333333333,"MS HSE HOSPITAL DOS SERVIDORES DO ESTADO","ADMINISTRACAO PUBLICA","M","CENTRO","baixo","alto","medio","alto","alto","baixo","alto","alto","baixo","alto"
2269988,200807,2008-07-01,2008,"07",25,25,0,"MS HSE HOSPITAL DOS SERVIDORES DO ESTADO","ADMINISTRACAO PUBLICA","M","CENTRO","baixo","alto","baixo","medio","alto","alto","alto","alto","alto","baixo"
2269988,200808,2008-08-01,2008,"08",26.3157894736842,0,26.3157894736842,"MS HSE HOSPITAL DOS SERVIDORES DO ESTADO","ADMINISTRACAO PUBLICA","M","CENTRO","baixo","alto","baixo","alto","medio","medio","alto","alto","baixo","alto"
2269988,200809,2008-09-01,2008,"09",12.5,12.5,0,"MS HSE HOSPITAL DOS SERVIDORES DO ESTADO","ADMINISTRACAO PUBLICA","M","CENTRO","baixo","alto","baixo","alto","alto","medio","alto","alto","alto","baixo"
2269988,200810,2008-10-01,2008,"10",23.5294117647059,23.5294117647059,0,"MS HSE HOSPITAL DOS SERVIDORES DO ESTADO","ADMINISTRACAO PUBLICA","M","CENTRO","baixo","alto","baixo","alto","medio","baixo","alto","alto","alto","baixo"
2269988,200811,2008-11-01,2008,"11",63.2911392405063,37.9746835443038,25.3164556962025,"MS HSE HOSPITAL DOS SERVIDORES DO ESTADO","ADMINISTRACAO PUBLICA","M","CENTRO","baixo","alto","baixo","alto","alto","alto","alto","alto","alto","alto"
2269988,200812,2008-12-01,2008,"12",26.3157894736842,13.1578947368421,13.1578947368421,"MS HSE HOSPITAL DOS SERVIDORES DO ESTADO","ADMINISTRACAO PUBLICA","M","CENTRO","baixo","alto","baixo","alto","alto","baixo","alto","alto","alto","alto"
2269988,200901,2009-01-01,2009,"01",11.4942528735632,11.4942528735632,0,"MS HSE HOSPITAL DOS SERVIDORES DO ESTADO","ADMINISTRACAO PUBLICA","M","CENTRO","baixo","alto","medio",NA,"medio","alto","alto","alto","alto","baixo"
2269988,200902,2009-02-01,2009,"02",22.9885057471264,22.9885057471264,0,"MS HSE HOSPITAL DOS SERVIDORES DO ESTADO","ADMINISTRACAO PUBLICA","M","CENTRO","baixo","alto","baixo",NA,"alto","alto","alto","alto","alto","baixo"
2269988,200903,2009-03-01,2009,"03",50.6329113924051,50.6329113924051,0,"MS HSE HOSPITAL DOS SERVIDORES DO ESTADO","ADMINISTRACAO PUBLICA","M","CENTRO","baixo","alto","baixo",NA,"alto","alto","alto","alto","alto","baixo"
2269988,200904,2009-04-01,2009,"04",39.6039603960396,39.6039603960396,0,"MS HSE HOSPITAL DOS SERVIDORES DO ESTADO","ADMINISTRACAO PUBLICA","M","CENTRO","baixo","alto","medio",NA,"medio","alto","alto","alto","alto","baixo"
2269988,200905,2009-05-01,2009,"05",25.974025974026,12.987012987013,12.987012987013,"MS HSE HOSPITAL DOS SERVIDORES DO ESTADO","ADMINISTRACAO PUBLICA","M","CENTRO","baixo","alto","medio",NA,"medio","baixo","alto","alto","alto","alto"
2269988,200906,2009-06-01,2009,"06",27.7777777777778,27.7777777777778,0,"MS HSE HOSPITAL DOS SERVIDORES DO ESTADO","ADMINISTRACAO PUBLICA","M","CENTRO","baixo","alto","medio",NA,"medio","baixo","alto","alto","alto","baixo"
2269988,200907,2009-07-01,2009,"07",12.8205128205128,12.8205128205128,0,"MS HSE HOSPITAL DOS SERVIDORES DO ESTADO","ADMINISTRACAO PUBLICA","M","CENTRO","baixo","medio","medio",NA,"medio","medio","alto","alto","alto","baixo"
2269988,200908,2009-08-01,2009,"08",23.2558139534884,11.6279069767442,11.6279069767442,"MS HSE HOSPITAL DOS SERVIDORES DO ESTADO","ADMINISTRACAO PUBLICA","M","CENTRO","baixo","alto","alto",NA,"alto","medio","alto","alto","alto","alto"
2269988,200909,2009-09-01,2009,"09",0,0,0,"MS HSE HOSPITAL DOS SERVIDORES DO ESTADO","ADMINISTRACAO PUBLICA","M","CENTRO","baixo","medio","medio",NA,"medio","alto","alto","baixo","baixo","baixo"
2269988,200910,2009-10-01,2009,"10",47.0588235294118,11.7647058823529,35.2941176470588,"MS HSE HOSPITAL DOS SERVIDORES DO ESTADO","ADMINISTRACAO PUBLICA","M","CENTRO","baixo","alto","alto",NA,"alto","alto","alto","alto","alto","alto"
2269988,200911,2009-11-01,2009,"11",0,0,0,"MS HSE HOSPITAL DOS SERVIDORES DO ESTADO","ADMINISTRACAO PUBLICA","M","CENTRO","baixo","alto","medio",NA,"alto","medio","alto","baixo","baixo","baixo"
2269988,200912,2009-12-01,2009,"12",30.3030303030303,0,30.3030303030303,"MS HSE HOSPITAL DOS SERVIDORES DO ESTADO","ADMINISTRACAO PUBLICA","M","CENTRO","baixo","alto","alto",NA,"medio","baixo","alto","alto","baixo","alto"
2269988,201001,2010-01-01,2010,"01",21.7391304347826,10.8695652173913,10.8695652173913,"MS HSE HOSPITAL DOS SERVIDORES DO ESTADO","ADMINISTRACAO PUBLICA","M","CENTRO","baixo","alto","medio",NA,"medio","alto","alto","alto","alto","alto"
2269988,201002,2010-02-01,2010,"02",0,0,0,"MS HSE HOSPITAL DOS SERVIDORES DO ESTADO","ADMINISTRACAO PUBLICA","M","CENTRO","baixo","alto","alto",NA,"alto","baixo","alto","baixo","baixo","baixo"
2269988,201003,2010-03-01,2010,"03",24.6913580246914,12.3456790123457,12.3456790123457,"MS HSE HOSPITAL DOS SERVIDORES DO ESTADO","ADMINISTRACAO PUBLICA","M","CENTRO","baixo","alto","medio",NA,"medio","baixo","alto","alto","alto","alto"
2269988,201004,2010-04-01,2010,"04",14.9253731343284,14.9253731343284,0,"MS HSE HOSPITAL DOS SERVIDORES DO ESTADO","ADMINISTRACAO PUBLICA","M","CENTRO","baixo","alto","medio",NA,"alto","alto","alto","alto","alto","baixo"
2269988,201005,2010-05-01,2010,"05",13.1578947368421,13.1578947368421,0,"MS HSE HOSPITAL DOS SERVIDORES DO ESTADO","ADMINISTRACAO PUBLICA","M","CENTRO","baixo","alto","medio",NA,"alto","medio","alto","alto","alto","baixo"
2269988,201006,2010-06-01,2010,"06",0,0,0,"MS HSE HOSPITAL DOS SERVIDORES DO ESTADO","ADMINISTRACAO PUBLICA","M","CENTRO","baixo","medio","medio",NA,"alto","baixo","alto","baixo","baixo","baixo"
2269988,201007,2010-07-01,2010,"07",18.1818181818182,18.1818181818182,0,"MS HSE HOSPITAL DOS SERVIDORES DO ESTADO","ADMINISTRACAO PUBLICA","M","CENTRO","baixo","medio","medio",NA,"alto","baixo","alto","alto","alto","baixo"
2269988,201008,2010-08-01,2010,"08",15.1515151515152,15.1515151515152,0,"MS HSE HOSPITAL DOS SERVIDORES DO ESTADO","ADMINISTRACAO PUBLICA","M","CENTRO","baixo","alto","medio",NA,"alto","medio","alto","alto","alto","baixo"
2269988,201009,2010-09-01,2010,"09",18.5185185185185,18.5185185185185,0,"MS HSE HOSPITAL DOS SERVIDORES DO ESTADO","ADMINISTRACAO PUBLICA","M","CENTRO","baixo","medio","alto",NA,"medio","baixo","alto","alto","alto","baixo"
2269988,201010,2010-10-01,2010,"10",0,0,0,"MS HSE HOSPITAL DOS SERVIDORES DO ESTADO","ADMINISTRACAO PUBLICA","M","CENTRO","baixo","alto","alto",NA,"medio","baixo","alto","baixo","baixo","baixo"
2269988,201011,2010-11-01,2010,"11",14.4927536231884,14.4927536231884,0,"MS HSE HOSPITAL DOS SERVIDORES DO ESTADO","ADMINISTRACAO PUBLICA","M","CENTRO","baixo","alto","medio",NA,"alto","medio","alto","alto","alto","baixo"
2269988,201012,2010-12-01,2010,"12",0,0,0,"MS HSE HOSPITAL DOS SERVIDORES DO ESTADO","ADMINISTRACAO PUBLICA","M","CENTRO","baixo","alto","alto",NA,"medio","baixo","alto","baixo","baixo","baixo"
2269988,201101,2011-01-01,2011,"01",13.8888888888889,13.8888888888889,0,"MS HSE HOSPITAL DOS SERVIDORES DO ESTADO","ADMINISTRACAO PUBLICA","M","CENTRO","baixo","medio","baixo","alto","medio","medio","alto","alto","alto","baixo"
2269988,201102,2011-02-01,2011,"02",30.7692307692308,15.3846153846154,15.3846153846154,"MS HSE HOSPITAL DOS SERVIDORES DO ESTADO","ADMINISTRACAO PUBLICA","M","CENTRO","baixo","alto","medio","alto","medio","alto","alto","alto","alto","alto"
2269988,201103,2011-03-01,2011,"03",12.0481927710843,12.0481927710843,0,"MS HSE HOSPITAL DOS SERVIDORES DO ESTADO","ADMINISTRACAO PUBLICA","M","CENTRO","baixo","alto","medio","alto","medio","alto","alto","alto","alto","baixo"
2269988,201104,2011-04-01,2011,"04",0,0,0,"MS HSE HOSPITAL DOS SERVIDORES DO ESTADO","ADMINISTRACAO PUBLICA","M","CENTRO","baixo","alto","baixo","alto","alto","medio","alto","baixo","baixo","baixo"
2269988,201105,2011-05-01,2011,"05",0,0,0,"MS HSE HOSPITAL DOS SERVIDORES DO ESTADO","ADMINISTRACAO PUBLICA","M","CENTRO","baixo","alto","medio","alto","medio","medio","alto","baixo","baixo","baixo"
2269988,201106,2011-06-01,2011,"06",18.8679245283019,0,18.8679245283019,"MS HSE HOSPITAL DOS SERVIDORES DO ESTADO","ADMINISTRACAO PUBLICA","M","CENTRO","baixo","alto","baixo","medio","medio","alto","alto","alto","baixo","alto"
2269988,201107,2011-07-01,2011,"07",0,0,0,"MS HSE HOSPITAL DOS SERVIDORES DO ESTADO","ADMINISTRACAO PUBLICA","M","CENTRO","baixo","alto","medio","alto","alto","baixo","alto","baixo","baixo","baixo"
2269988,201108,2011-08-01,2011,"08",42.5531914893617,21.2765957446809,21.2765957446809,"MS HSE HOSPITAL DOS SERVIDORES DO ESTADO","ADMINISTRACAO PUBLICA","M","CENTRO","baixo","baixo","baixo","alto","alto","alto","alto","alto","alto","alto"
2269988,201109,2011-09-01,2011,"09",20.8333333333333,20.8333333333333,0,"MS HSE HOSPITAL DOS SERVIDORES DO ESTADO","ADMINISTRACAO PUBLICA","M","CENTRO","baixo","alto","baixo","alto","alto","baixo","alto","alto","alto","baixo"
2269988,201110,2011-10-01,2011,"10",19.6078431372549,19.6078431372549,0,"MS HSE HOSPITAL DOS SERVIDORES DO ESTADO","ADMINISTRACAO PUBLICA","M","CENTRO","baixo","alto","medio","alto","alto","alto","alto","alto","alto","baixo"
2269988,201111,2011-11-01,2011,"11",17.8571428571429,17.8571428571429,0,"MS HSE HOSPITAL DOS SERVIDORES DO ESTADO","ADMINISTRACAO PUBLICA","M","CENTRO","baixo","alto","baixo","alto","alto","baixo","alto","alto","alto","baixo"
2269988,201112,2011-12-01,2011,"12",19.6078431372549,0,19.6078431372549,"MS HSE HOSPITAL DOS SERVIDORES DO ESTADO","ADMINISTRACAO PUBLICA","M","CENTRO","baixo","alto","medio","alto","alto","baixo","alto","alto","baixo","alto"
2269988,201201,2012-01-01,2012,"01",0,0,0,"MS HSE HOSPITAL DOS SERVIDORES DO ESTADO","ADMINISTRACAO PUBLICA","M","CENTRO","baixo","alto","baixo",NA,"medio","alto","alto","baixo","baixo","baixo"
2269988,201202,2012-02-01,2012,"02",27.3972602739726,27.3972602739726,0,"MS HSE HOSPITAL DOS SERVIDORES DO ESTADO","ADMINISTRACAO PUBLICA","M","CENTRO","baixo","alto","medio",NA,"medio","alto","alto","alto","alto","baixo"
2269988,201203,2012-03-01,2012,"03",0,0,0,"MS HSE HOSPITAL DOS SERVIDORES DO ESTADO","ADMINISTRACAO PUBLICA","M","CENTRO","baixo","alto","baixo",NA,"medio","medio","alto","baixo","baixo","baixo"
2269988,201204,2012-04-01,2012,"04",47.6190476190476,47.6190476190476,0,"MS HSE HOSPITAL DOS SERVIDORES DO ESTADO","ADMINISTRACAO PUBLICA","M","CENTRO","baixo","alto","baixo",NA,"medio","alto","alto","alto","alto","baixo"
2269988,201205,2012-05-01,2012,"05",0,0,0,"MS HSE HOSPITAL DOS SERVIDORES DO ESTADO","ADMINISTRACAO PUBLICA","M","CENTRO","baixo","alto","baixo",NA,"baixo","alto","alto","baixo","baixo","baixo"
2269988,201206,2012-06-01,2012,"06",55.5555555555556,37.037037037037,18.5185185185185,"MS HSE HOSPITAL DOS SERVIDORES DO ESTADO","ADMINISTRACAO PUBLICA","M","CENTRO","baixo","alto","medio",NA,"alto","alto","alto","alto","alto","alto"
2269988,201207,2012-07-01,2012,"07",15.8730158730159,15.8730158730159,0,"MS HSE HOSPITAL DOS SERVIDORES DO ESTADO","ADMINISTRACAO PUBLICA","M","CENTRO","baixo","alto","baixo",NA,"medio","medio","alto","alto","alto","baixo"
2269988,201208,2012-08-01,2012,"08",0,0,0,"MS HSE HOSPITAL DOS SERVIDORES DO ESTADO","ADMINISTRACAO PUBLICA","M","CENTRO","baixo","medio","baixo",NA,"baixo","baixo","alto","baixo","baixo","baixo"
2269988,201209,2012-09-01,2012,"09",0,0,0,"MS HSE HOSPITAL DOS SERVIDORES DO ESTADO","ADMINISTRACAO PUBLICA","M","CENTRO","baixo","medio","baixo",NA,"medio","alto","alto","baixo","baixo","baixo"
2269988,201210,2012-10-01,2012,"10",23.2558139534884,23.2558139534884,0,"MS HSE HOSPITAL DOS SERVIDORES DO ESTADO","ADMINISTRACAO PUBLICA","M","CENTRO","baixo","alto","baixo",NA,"baixo","baixo","alto","alto","alto","baixo"
2269988,201211,2012-11-01,2012,"11",27.7777777777778,27.7777777777778,0,"MS HSE HOSPITAL DOS SERVIDORES DO ESTADO","ADMINISTRACAO PUBLICA","M","CENTRO","baixo","alto","medio",NA,"medio","alto","alto","alto","alto","baixo"
2269988,201212,2012-12-01,2012,"12",0,0,0,"MS HSE HOSPITAL DOS SERVIDORES DO ESTADO","ADMINISTRACAO PUBLICA","M","CENTRO","baixo","alto","baixo",NA,"alto","alto","alto","baixo","baixo","baixo"
2269988,201301,2013-01-01,2013,"01",37.037037037037,37.037037037037,0,"MS HSE HOSPITAL DOS SERVIDORES DO ESTADO","ADMINISTRACAO PUBLICA","M","CENTRO","baixo","medio","baixo","alto","baixo","alto","alto","alto","alto","baixo"
2269988,201302,2013-02-01,2013,"02",24.390243902439,24.390243902439,0,"MS HSE HOSPITAL DOS SERVIDORES DO ESTADO","ADMINISTRACAO PUBLICA","M","CENTRO","baixo","alto","baixo","alto","medio","baixo","alto","alto","alto","baixo"
2269988,201303,2013-03-01,2013,"03",0,0,0,"MS HSE HOSPITAL DOS SERVIDORES DO ESTADO","ADMINISTRACAO PUBLICA","M","CENTRO","baixo","alto","medio","alto","baixo","baixo","alto","baixo","baixo","baixo"
2269988,201304,2013-04-01,2013,"04",20.8333333333333,0,20.8333333333333,"MS HSE HOSPITAL DOS SERVIDORES DO ESTADO","ADMINISTRACAO PUBLICA","M","CENTRO","baixo","alto","alto","alto","medio","baixo","alto","alto","baixo","alto"
2269988,201305,2013-05-01,2013,"05",0,0,0,"MS HSE HOSPITAL DOS SERVIDORES DO ESTADO","ADMINISTRACAO PUBLICA","M","CENTRO","baixo","alto","baixo","alto","baixo","alto","alto","baixo","baixo","baixo"
2269988,201306,2013-06-01,2013,"06",0,0,0,"MS HSE HOSPITAL DOS SERVIDORES DO ESTADO","ADMINISTRACAO PUBLICA","M","CENTRO","baixo","alto","medio","alto","medio","baixo","alto","baixo","baixo","baixo"
2269988,201307,2013-07-01,2013,"07",18.8679245283019,18.8679245283019,0,"MS HSE HOSPITAL DOS SERVIDORES DO ESTADO","ADMINISTRACAO PUBLICA","M","CENTRO","baixo","alto","medio","alto","baixo","baixo","alto","alto","alto","baixo"
2269988,201308,2013-08-01,2013,"08",0,0,0,"MS HSE HOSPITAL DOS SERVIDORES DO ESTADO","ADMINISTRACAO PUBLICA","M","CENTRO","baixo","alto","baixo","alto","baixo","baixo","alto","baixo","baixo","baixo"
2269988,201309,2013-09-01,2013,"09",27.027027027027,27.027027027027,0,"MS HSE HOSPITAL DOS SERVIDORES DO ESTADO","ADMINISTRACAO PUBLICA","M","CENTRO","baixo","alto","alto","medio","medio","baixo","alto","alto","alto","baixo"
2269988,201310,2013-10-01,2013,"10",0,0,0,"MS HSE HOSPITAL DOS SERVIDORES DO ESTADO","ADMINISTRACAO PUBLICA","M","CENTRO","baixo","alto","medio","medio","medio","medio","alto","baixo","baixo","baixo"
2269988,201311,2013-11-01,2013,"11",27.027027027027,27.027027027027,0,"MS HSE HOSPITAL DOS SERVIDORES DO ESTADO","ADMINISTRACAO PUBLICA","M","CENTRO","baixo","alto","medio","alto","medio","baixo","alto","alto","alto","baixo"
2269988,201312,2013-12-01,2013,"12",0,0,0,"MS HSE HOSPITAL DOS SERVIDORES DO ESTADO","ADMINISTRACAO PUBLICA","M","CENTRO","baixo","alto","medio","alto","medio","baixo","alto","baixo","baixo","baixo"
2269988,201401,2014-01-01,2014,"01",0,0,0,"MS HSE HOSPITAL DOS SERVIDORES DO ESTADO","ADMINISTRACAO PUBLICA","M","CENTRO","baixo","alto","medio","alto","medio","baixo","alto","baixo","baixo","baixo"
2269988,201402,2014-02-01,2014,"02",0,0,0,"MS HSE HOSPITAL DOS SERVIDORES DO ESTADO","ADMINISTRACAO PUBLICA","M","CENTRO","baixo","alto","baixo","alto","medio","baixo","alto","baixo","baixo","baixo"
2269988,201403,2014-03-01,2014,"03",20,20,0,"MS HSE HOSPITAL DOS SERVIDORES DO ESTADO","ADMINISTRACAO PUBLICA","M","CENTRO","baixo","alto","medio","alto","medio","alto","alto","alto","alto","baixo"
2269988,201404,2014-04-01,2014,"04",0,0,0,"MS HSE HOSPITAL DOS SERVIDORES DO ESTADO","ADMINISTRACAO PUBLICA","M","CENTRO","baixo","alto","alto","medio","medio","baixo","alto","baixo","baixo","baixo"
2269988,201405,2014-05-01,2014,"05",0,0,0,"MS HSE HOSPITAL DOS SERVIDORES DO ESTADO","ADMINISTRACAO PUBLICA","M","CENTRO","baixo","alto","alto","medio","medio","baixo","alto","baixo","baixo","baixo"
2269988,201406,2014-06-01,2014,"06",0,0,0,"MS HSE HOSPITAL DOS SERVIDORES DO ESTADO","ADMINISTRACAO PUBLICA","M","CENTRO","baixo","alto","medio","alto","medio","baixo","alto","baixo","baixo","baixo"
2269988,201407,2014-07-01,2014,"07",0,0,0,"MS HSE HOSPITAL DOS SERVIDORES DO ESTADO","ADMINISTRACAO PUBLICA","M","CENTRO","baixo","alto","medio","alto","medio","baixo","alto","baixo","baixo","baixo"
2269988,201408,2014-08-01,2014,"08",0,0,0,"MS HSE HOSPITAL DOS SERVIDORES DO ESTADO","ADMINISTRACAO PUBLICA","M","CENTRO","baixo","alto","medio","alto","medio","baixo","alto","baixo","baixo","baixo"
2269988,201409,2014-09-01,2014,"09",0,0,0,"MS HSE HOSPITAL DOS SERVIDORES DO ESTADO","ADMINISTRACAO PUBLICA","M","CENTRO","baixo","alto","alto","alto","baixo","alto","alto","baixo","baixo","baixo"
2269988,201410,2014-10-01,2014,"10",44.4444444444444,22.2222222222222,22.2222222222222,"MS HSE HOSPITAL DOS SERVIDORES DO ESTADO","ADMINISTRACAO PUBLICA","M","CENTRO","baixo","baixo","medio","alto","medio","alto","alto","alto","alto","alto"
2269988,201411,2014-11-01,2014,"11",27.027027027027,0,27.027027027027,"MS HSE HOSPITAL DOS SERVIDORES DO ESTADO","ADMINISTRACAO PUBLICA","M","CENTRO","baixo","alto","alto","alto","medio","baixo","alto","alto","baixo","alto"
2269988,201412,2014-12-01,2014,"12",47.6190476190476,47.6190476190476,0,"MS HSE HOSPITAL DOS SERVIDORES DO ESTADO","ADMINISTRACAO PUBLICA","M","CENTRO","baixo","alto","medio","alto","baixo","alto","alto","alto","alto","baixo"
2269988,201501,2015-01-01,2015,"01",0,0,0,"MS HSE HOSPITAL DOS SERVIDORES DO ESTADO","ADMINISTRACAO PUBLICA","M","CENTRO","baixo","alto","alto","alto","baixo","alto","alto","baixo","baixo","baixo"
2269988,201502,2015-02-01,2015,"02",0,0,0,"MS HSE HOSPITAL DOS SERVIDORES DO ESTADO","ADMINISTRACAO PUBLICA","M","CENTRO","baixo","alto","baixo","medio","medio","baixo","alto","baixo","baixo","baixo"
2269988,201503,2015-03-01,2015,"03",60,40,20,"MS HSE HOSPITAL DOS SERVIDORES DO ESTADO","ADMINISTRACAO PUBLICA","M","CENTRO","baixo","alto","medio","alto","medio","alto","alto","alto","alto","alto"
2269988,201504,2015-04-01,2015,"04",37.037037037037,0,37.037037037037,"MS HSE HOSPITAL DOS SERVIDORES DO ESTADO","ADMINISTRACAO PUBLICA","M","CENTRO","baixo","baixo","baixo","alto","baixo","baixo","alto","alto","baixo","alto"
2269988,201505,2015-05-01,2015,"05",18.5185185185185,18.5185185185185,0,"MS HSE HOSPITAL DOS SERVIDORES DO ESTADO","ADMINISTRACAO PUBLICA","M","CENTRO","baixo","alto","medio","alto","baixo","baixo","alto","alto","alto","baixo"
2269988,201506,2015-06-01,2015,"06",17.5438596491228,17.5438596491228,0,"MS HSE HOSPITAL DOS SERVIDORES DO ESTADO","ADMINISTRACAO PUBLICA","M","CENTRO","baixo","alto","medio","alto","medio","baixo","alto","alto","alto","baixo"
2269988,201507,2015-07-01,2015,"07",0,0,0,"MS HSE HOSPITAL DOS SERVIDORES DO ESTADO","ADMINISTRACAO PUBLICA","M","CENTRO","baixo","alto","baixo","alto","baixo","baixo","alto","baixo","baixo","baixo"
2269988,201508,2015-08-01,2015,"08",20.4081632653061,0,20.4081632653061,"MS HSE HOSPITAL DOS SERVIDORES DO ESTADO","ADMINISTRACAO PUBLICA","M","CENTRO","baixo","alto","alto","medio","medio","baixo","alto","alto","baixo","alto"
2269988,201509,2015-09-01,2015,"09",19.6078431372549,19.6078431372549,0,"MS HSE HOSPITAL DOS SERVIDORES DO ESTADO","ADMINISTRACAO PUBLICA","M","CENTRO","baixo","medio","medio","alto","baixo","alto","alto","alto","alto","baixo"
2269988,201510,2015-10-01,2015,"10",23.8095238095238,23.8095238095238,0,"MS HSE HOSPITAL DOS SERVIDORES DO ESTADO","ADMINISTRACAO PUBLICA","M","CENTRO","baixo","medio","baixo","alto","medio","baixo","alto","alto","alto","baixo"
2269988,201511,2015-11-01,2015,"11",0,0,0,"MS HSE HOSPITAL DOS SERVIDORES DO ESTADO","ADMINISTRACAO PUBLICA","M","CENTRO","baixo","alto","alto","alto","baixo","baixo","alto","baixo","baixo","baixo"
2269988,201512,2015-12-01,2015,"12",17.8571428571429,0,17.8571428571429,"MS HSE HOSPITAL DOS SERVIDORES DO ESTADO","ADMINISTRACAO PUBLICA","M","CENTRO","baixo","medio","medio","alto","medio","alto","alto","alto","baixo","alto"
2269988,201601,2016-01-01,2016,"01",0,0,0,"MS HSE HOSPITAL DOS SERVIDORES DO ESTADO","ADMINISTRACAO PUBLICA","M","CENTRO","baixo","alto","medio","alto","medio","baixo","alto","baixo","baixo","baixo"
2269988,201602,2016-02-01,2016,"02",17.8571428571429,17.8571428571429,0,"MS HSE HOSPITAL DOS SERVIDORES DO ESTADO","ADMINISTRACAO PUBLICA","M","CENTRO","baixo","alto","medio","alto","medio","medio","alto","alto","alto","baixo"
2269988,201603,2016-03-01,2016,"03",15.1515151515152,0,15.1515151515152,"MS HSE HOSPITAL DOS SERVIDORES DO ESTADO","ADMINISTRACAO PUBLICA","M","CENTRO","baixo","alto","medio","alto","medio","baixo","alto","alto","baixo","alto"
2269988,201604,2016-04-01,2016,"04",37.037037037037,18.5185185185185,18.5185185185185,"MS HSE HOSPITAL DOS SERVIDORES DO ESTADO","ADMINISTRACAO PUBLICA","M","CENTRO","baixo","medio","baixo","alto","medio","alto","alto","alto","alto","alto"
2269988,201605,2016-05-01,2016,"05",27.7777777777778,27.7777777777778,0,"MS HSE HOSPITAL DOS SERVIDORES DO ESTADO","ADMINISTRACAO PUBLICA","M","CENTRO","baixo","alto","medio","alto","medio","alto","alto","alto","alto","baixo"
2269988,201606,2016-06-01,2016,"06",0,0,0,"MS HSE HOSPITAL DOS SERVIDORES DO ESTADO","ADMINISTRACAO PUBLICA","M","CENTRO","baixo","alto","medio","alto","baixo","baixo","alto","baixo","baixo","baixo"
2269988,201607,2016-07-01,2016,"07",16.6666666666667,16.6666666666667,0,"MS HSE HOSPITAL DOS SERVIDORES DO ESTADO","ADMINISTRACAO PUBLICA","M","CENTRO","baixo","alto","alto","alto","baixo","alto","alto","alto","alto","baixo"
2269988,201608,2016-08-01,2016,"08",35.7142857142857,35.7142857142857,0,"MS HSE HOSPITAL DOS SERVIDORES DO ESTADO","ADMINISTRACAO PUBLICA","M","CENTRO","baixo","alto","medio","alto","baixo","alto","alto","alto","alto","baixo"
2269988,201609,2016-09-01,2016,"09",16.6666666666667,16.6666666666667,0,"MS HSE HOSPITAL DOS SERVIDORES DO ESTADO","ADMINISTRACAO PUBLICA","M","CENTRO","baixo","alto","medio","alto","medio","alto","alto","alto","alto","baixo"
2269988,201610,2016-10-01,2016,"10",0,0,0,"MS HSE HOSPITAL DOS SERVIDORES DO ESTADO","ADMINISTRACAO PUBLICA","M","CENTRO","baixo","medio","medio","alto","baixo","baixo","alto","baixo","baixo","baixo"
2269988,201611,2016-11-01,2016,"11",0,0,0,"MS HSE HOSPITAL DOS SERVIDORES DO ESTADO","ADMINISTRACAO PUBLICA","M","CENTRO","baixo","alto","baixo","alto","medio","baixo","alto","baixo","baixo","baixo"
2269988,201612,2016-12-01,2016,"12",19.2307692307692,19.2307692307692,0,"MS HSE HOSPITAL DOS SERVIDORES DO ESTADO","ADMINISTRACAO PUBLICA","M","CENTRO","baixo","alto","medio","alto","baixo","alto","alto","alto","alto","baixo"
2269988,201701,2017-01-01,2017,"01",0,0,0,"MS HSE HOSPITAL DOS SERVIDORES DO ESTADO","ADMINISTRACAO PUBLICA","M","CENTRO","baixo","alto","alto","alto","baixo","alto","alto","baixo","baixo","baixo"
2269988,201702,2017-02-01,2017,"02",0,0,0,"MS HSE HOSPITAL DOS SERVIDORES DO ESTADO","ADMINISTRACAO PUBLICA","M","CENTRO","baixo","alto","medio","alto","baixo","medio","alto","baixo","baixo","baixo"
2269988,201703,2017-03-01,2017,"03",15.1515151515152,15.1515151515152,0,"MS HSE HOSPITAL DOS SERVIDORES DO ESTADO","ADMINISTRACAO PUBLICA","M","CENTRO","baixo","medio","medio","alto","baixo","alto","alto","alto","alto","baixo"
2269988,201704,2017-04-01,2017,"04",19.2307692307692,0,19.2307692307692,"MS HSE HOSPITAL DOS SERVIDORES DO ESTADO","ADMINISTRACAO PUBLICA","M","CENTRO","baixo","alto","alto","alto","baixo","alto","alto","alto","baixo","alto"
2269988,201705,2017-05-01,2017,"05",0,0,0,"MS HSE HOSPITAL DOS SERVIDORES DO ESTADO","ADMINISTRACAO PUBLICA","M","CENTRO","baixo","alto","medio","alto","medio","alto","alto","baixo","baixo","baixo"
2269988,201706,2017-06-01,2017,"06",0,0,0,"MS HSE HOSPITAL DOS SERVIDORES DO ESTADO","ADMINISTRACAO PUBLICA","M","CENTRO","baixo","alto","medio","alto","baixo","baixo","alto","baixo","baixo","baixo"
2269988,201707,2017-07-01,2017,"07",0,0,0,"MS HSE HOSPITAL DOS SERVIDORES DO ESTADO","ADMINISTRACAO PUBLICA","M","CENTRO","baixo","alto","medio","alto","baixo","alto","alto","baixo","baixo","baixo"
2269988,201708,2017-08-01,2017,"08",0,0,0,"MS HSE HOSPITAL DOS SERVIDORES DO ESTADO","ADMINISTRACAO PUBLICA","M","CENTRO","baixo","alto","medio","alto","baixo","medio","alto","baixo","baixo","baixo"
2269988,201709,2017-09-01,2017,"09",0,0,0,"MS HSE HOSPITAL DOS SERVIDORES DO ESTADO","ADMINISTRACAO PUBLICA","M","CENTRO","baixo","alto","medio","alto","baixo","baixo","alto","baixo","baixo","baixo"
2269988,201710,2017-10-01,2017,"10",0,0,0,"MS HSE HOSPITAL DOS SERVIDORES DO ESTADO","ADMINISTRACAO PUBLICA","M","CENTRO","baixo","alto","alto","alto","baixo","baixo","alto","baixo","baixo","baixo"
2269988,201711,2017-11-01,2017,"11",16.6666666666667,0,16.6666666666667,"MS HSE HOSPITAL DOS SERVIDORES DO ESTADO","ADMINISTRACAO PUBLICA","M","CENTRO","baixo","alto","medio","alto","medio","alto","alto","alto","baixo","alto"
2269988,201712,2017-12-01,2017,"12",0,0,0,"MS HSE HOSPITAL DOS SERVIDORES DO ESTADO","ADMINISTRACAO PUBLICA","M","CENTRO","baixo","alto","baixo","alto","baixo","baixo","alto","baixo","baixo","baixo"
2270021,200601,2006-01-01,2006,"01",16.6666666666667,5.55555555555556,11.1111111111111,"MATERNIDADE ESCOLA DA UFRJ","ADMINISTRACAO PUBLICA","M","SUL","medio","medio","baixo","alto","medio","alto","medio","alto","medio","alto"
2270021,200602,2006-02-01,2006,"02",11.6279069767442,11.6279069767442,0,"MATERNIDADE ESCOLA DA UFRJ","ADMINISTRACAO PUBLICA","M","SUL","medio","alto","baixo","medio","medio","baixo","alto","alto","alto","baixo"
2270021,200603,2006-03-01,2006,"03",9.1324200913242,4.5662100456621,4.5662100456621,"MATERNIDADE ESCOLA DA UFRJ","ADMINISTRACAO PUBLICA","M","SUL","medio","alto","medio","medio","medio","baixo","medio","medio","medio","alto"
2270021,200604,2006-04-01,2006,"04",9.21658986175115,9.21658986175115,0,"MATERNIDADE ESCOLA DA UFRJ","ADMINISTRACAO PUBLICA","M","SUL","medio","medio","medio","medio","medio","baixo","medio","medio","alto","baixo"
2270021,200605,2006-05-01,2006,"05",0,0,0,"MATERNIDADE ESCOLA DA UFRJ","ADMINISTRACAO PUBLICA","M","SUL","medio","alto","medio","medio","medio","baixo","alto","baixo","baixo","baixo"
2270021,200606,2006-06-01,2006,"06",22.5988700564972,22.5988700564972,0,"MATERNIDADE ESCOLA DA UFRJ","ADMINISTRACAO PUBLICA","M","SUL","medio","medio","medio","medio","medio","medio","alto","alto","alto","baixo"
2270021,200607,2006-07-01,2006,"07",9.85221674876847,4.92610837438424,4.92610837438424,"MATERNIDADE ESCOLA DA UFRJ","ADMINISTRACAO PUBLICA","M","SUL","medio","medio","medio","baixo","baixo","medio","medio","medio","medio","alto"
2270021,200608,2006-08-01,2006,"08",0,0,0,"MATERNIDADE ESCOLA DA UFRJ","ADMINISTRACAO PUBLICA","M","SUL","medio","medio","medio","baixo","medio","baixo","medio","baixo","baixo","baixo"
2270021,200609,2006-09-01,2006,"09",11.4942528735632,11.4942528735632,0,"MATERNIDADE ESCOLA DA UFRJ","ADMINISTRACAO PUBLICA","M","SUL","medio","medio","baixo","medio","baixo","baixo","alto","alto","alto","baixo"
2270021,200610,2006-10-01,2006,"10",5.23560209424084,5.23560209424084,0,"MATERNIDADE ESCOLA DA UFRJ","ADMINISTRACAO PUBLICA","M","SUL","medio","medio","medio","alto","medio","baixo","alto","medio","medio","baixo"
2270021,200611,2006-11-01,2006,"11",6.25,6.25,0,"MATERNIDADE ESCOLA DA UFRJ","ADMINISTRACAO PUBLICA","M","SUL","medio","alto","medio","alto","medio","baixo","alto","medio","medio","baixo"
2270021,200612,2006-12-01,2006,"12",44.0251572327044,25.1572327044025,18.8679245283019,"MATERNIDADE ESCOLA DA UFRJ","ADMINISTRACAO PUBLICA","M","SUL","medio","alto","baixo","medio","baixo","medio","alto","alto","alto","alto"
2270021,200701,2007-01-01,2007,"01",8.7719298245614,8.7719298245614,0,"MATERNIDADE ESCOLA DA UFRJ","ADMINISTRACAO PUBLICA","M","SUL","medio","medio","medio",NA,"baixo","medio","alto","medio","alto","baixo"
2270021,200702,2007-02-01,2007,"02",0,0,0,"MATERNIDADE ESCOLA DA UFRJ","ADMINISTRACAO PUBLICA","M","SUL","medio","medio","medio",NA,"medio","baixo","alto","baixo","baixo","baixo"
2270021,200703,2007-03-01,2007,"03",8.65800865800866,4.32900432900433,4.32900432900433,"MATERNIDADE ESCOLA DA UFRJ","ADMINISTRACAO PUBLICA","M","SUL","medio","alto","medio",NA,"baixo","medio","alto","medio","medio","alto"
2270021,200704,2007-04-01,2007,"04",21.0526315789474,15.7894736842105,5.26315789473684,"MATERNIDADE ESCOLA DA UFRJ","ADMINISTRACAO PUBLICA","M","SUL","medio","alto","medio",NA,"baixo","alto","medio","alto","alto","alto"
2270021,200705,2007-05-01,2007,"05",13.6363636363636,4.54545454545454,9.09090909090909,"MATERNIDADE ESCOLA DA UFRJ","ADMINISTRACAO PUBLICA","M","SUL","medio","medio","medio",NA,"medio","medio","medio","alto","medio","alto"
2270021,200706,2007-06-01,2007,"06",5.15463917525773,5.15463917525773,0,"MATERNIDADE ESCOLA DA UFRJ","ADMINISTRACAO PUBLICA","M","SUL","medio","medio","medio",NA,"medio","baixo","medio","medio","medio","baixo"
2270021,200707,2007-07-01,2007,"07",9.66183574879227,9.66183574879227,0,"MATERNIDADE ESCOLA DA UFRJ","ADMINISTRACAO PUBLICA","M","SUL","medio","alto","medio",NA,"baixo","medio","alto","medio","alto","baixo"
2270021,200708,2007-08-01,2007,"08",10.2564102564103,10.2564102564103,0,"MATERNIDADE ESCOLA DA UFRJ","ADMINISTRACAO PUBLICA","M","SUL","medio","alto","medio",NA,"baixo","alto","alto","medio","alto","baixo"
2270021,200709,2007-09-01,2007,"09",5.31914893617021,5.31914893617021,0,"MATERNIDADE ESCOLA DA UFRJ","ADMINISTRACAO PUBLICA","M","SUL","medio","medio","medio",NA,"baixo","medio","alto","medio","medio","baixo"
2270021,200710,2007-10-01,2007,"10",0,0,0,"MATERNIDADE ESCOLA DA UFRJ","ADMINISTRACAO PUBLICA","M","SUL","medio","medio","medio",NA,"medio","baixo","medio","baixo","baixo","baixo"
2270021,200711,2007-11-01,2007,"11",14.7783251231527,4.92610837438424,9.85221674876847,"MATERNIDADE ESCOLA DA UFRJ","ADMINISTRACAO PUBLICA","M","SUL","medio","medio","medio",NA,"medio","medio","alto","alto","medio","alto"
2270021,200712,2007-12-01,2007,"12",0,0,0,"MATERNIDADE ESCOLA DA UFRJ","ADMINISTRACAO PUBLICA","M","SUL","medio","medio","medio",NA,"medio","alto","medio","baixo","baixo","baixo"
2270021,200801,2008-01-01,2008,"01",5.61797752808989,5.61797752808989,0,"MATERNIDADE ESCOLA DA UFRJ","ADMINISTRACAO PUBLICA","M","SUL","medio","medio","medio","medio","baixo","medio","medio","medio","medio","baixo"
2270021,200802,2008-02-01,2008,"02",5.3475935828877,5.3475935828877,0,"MATERNIDADE ESCOLA DA UFRJ","ADMINISTRACAO PUBLICA","M","SUL","medio","medio","baixo","alto","baixo","medio","medio","medio","medio","baixo"
2270021,200803,2008-03-01,2008,"03",22.3214285714286,8.92857142857143,13.3928571428571,"MATERNIDADE ESCOLA DA UFRJ","ADMINISTRACAO PUBLICA","M","SUL","medio","medio","medio","alto","baixo","medio","medio","alto","alto","alto"
2270021,200804,2008-04-01,2008,"04",9.56937799043062,9.56937799043062,0,"MATERNIDADE ESCOLA DA UFRJ","ADMINISTRACAO PUBLICA","M","SUL","medio","medio","medio","alto","medio","alto","medio","medio","alto","baixo"
2270021,200805,2008-05-01,2008,"05",9.1743119266055,4.58715596330275,4.58715596330275,"MATERNIDADE ESCOLA DA UFRJ","ADMINISTRACAO PUBLICA","M","SUL","medio","medio","medio","baixo","medio","medio","medio","medio","medio","alto"
2270021,200806,2008-06-01,2008,"06",4.85436893203883,4.85436893203883,0,"MATERNIDADE ESCOLA DA UFRJ","ADMINISTRACAO PUBLICA","M","SUL","medio","alto","medio","medio","baixo","medio","medio","medio","medio","baixo"
2270021,200807,2008-07-01,2008,"07",14.4927536231884,9.66183574879227,4.83091787439614,"MATERNIDADE ESCOLA DA UFRJ","ADMINISTRACAO PUBLICA","M","SUL","medio","medio","medio","alto","baixo","medio","medio","alto","alto","alto"
2270021,200808,2008-08-01,2008,"08",15.9574468085106,10.6382978723404,5.31914893617021,"MATERNIDADE ESCOLA DA UFRJ","ADMINISTRACAO PUBLICA","M","SUL","medio","medio","baixo","alto","baixo","medio","alto","alto","alto","alto"
2270021,200809,2008-09-01,2008,"09",30.6748466257669,24.5398773006135,6.13496932515337,"MATERNIDADE ESCOLA DA UFRJ","ADMINISTRACAO PUBLICA","M","SUL","medio","alto","medio","medio","baixo","alto","alto","alto","alto","alto"
2270021,200810,2008-10-01,2008,"10",5.37634408602151,0,5.37634408602151,"MATERNIDADE ESCOLA DA UFRJ","ADMINISTRACAO PUBLICA","M","SUL","medio","alto","baixo","medio","baixo","baixo","medio","medio","baixo","alto"
2270021,200811,2008-11-01,2008,"11",10.3092783505155,10.3092783505155,0,"MATERNIDADE ESCOLA DA UFRJ","ADMINISTRACAO PUBLICA","M","SUL","medio","baixo","baixo","medio","baixo","medio","medio","medio","alto","baixo"
2270021,200812,2008-12-01,2008,"12",4.739336492891,0,4.739336492891,"MATERNIDADE ESCOLA DA UFRJ","ADMINISTRACAO PUBLICA","M","SUL","medio","medio","baixo","medio","baixo","medio","alto","medio","baixo","alto"
2270021,200901,2009-01-01,2009,"01",4.97512437810945,4.97512437810945,0,"MATERNIDADE ESCOLA DA UFRJ","ADMINISTRACAO PUBLICA","M","SUL","medio","baixo","medio",NA,"medio","medio","medio","medio","medio","baixo"
2270021,200902,2009-02-01,2009,"02",10.5263157894737,10.5263157894737,0,"MATERNIDADE ESCOLA DA UFRJ","ADMINISTRACAO PUBLICA","M","SUL","medio","baixo","baixo",NA,"baixo","alto","medio","medio","alto","baixo"
2270021,200903,2009-03-01,2009,"03",0,0,0,"MATERNIDADE ESCOLA DA UFRJ","ADMINISTRACAO PUBLICA","M","SUL","medio","medio","medio",NA,"baixo","baixo","alto","baixo","baixo","baixo"
2270021,200904,2009-04-01,2009,"04",4.83091787439614,0,4.83091787439614,"MATERNIDADE ESCOLA DA UFRJ","ADMINISTRACAO PUBLICA","M","SUL","medio","baixo","baixo",NA,"baixo","baixo","alto","medio","baixo","alto"
2270021,200905,2009-05-01,2009,"05",5.15463917525773,0,5.15463917525773,"MATERNIDADE ESCOLA DA UFRJ","ADMINISTRACAO PUBLICA","M","SUL","medio","alto","baixo",NA,"baixo","medio","alto","medio","baixo","alto"
2270021,200906,2009-06-01,2009,"06",16.7597765363128,16.7597765363128,0,"MATERNIDADE ESCOLA DA UFRJ","ADMINISTRACAO PUBLICA","M","SUL","medio","baixo","medio",NA,"baixo","medio","alto","alto","alto","baixo"
2270021,200907,2009-07-01,2009,"07",10.5263157894737,10.5263157894737,0,"MATERNIDADE ESCOLA DA UFRJ","ADMINISTRACAO PUBLICA","M","SUL","medio","baixo","baixo",NA,"baixo","baixo","alto","medio","alto","baixo"
2270021,200908,2009-08-01,2009,"08",19.3236714975845,14.4927536231884,4.83091787439614,"MATERNIDADE ESCOLA DA UFRJ","ADMINISTRACAO PUBLICA","M","SUL","medio","medio","medio",NA,"baixo","alto","medio","alto","alto","alto"
2270021,200909,2009-09-01,2009,"09",20.9424083769634,10.4712041884817,10.4712041884817,"MATERNIDADE ESCOLA DA UFRJ","ADMINISTRACAO PUBLICA","M","SUL","medio","medio","medio",NA,"baixo","medio","medio","alto","alto","alto"
2270021,200910,2009-10-01,2009,"10",9.66183574879227,9.66183574879227,0,"MATERNIDADE ESCOLA DA UFRJ","ADMINISTRACAO PUBLICA","M","SUL","medio","baixo","baixo",NA,"baixo","baixo","alto","medio","alto","baixo"
2270021,200911,2009-11-01,2009,"11",23.6686390532544,5.91715976331361,17.7514792899408,"MATERNIDADE ESCOLA DA UFRJ","ADMINISTRACAO PUBLICA","M","SUL","medio","medio","medio",NA,"baixo","alto","medio","alto","medio","alto"
2270021,200912,2009-12-01,2009,"12",0,0,0,"MATERNIDADE ESCOLA DA UFRJ","ADMINISTRACAO PUBLICA","M","SUL","medio","medio","baixo",NA,"baixo","medio","medio","baixo","baixo","baixo"
2270021,201001,2010-01-01,2010,"01",0,0,0,"MATERNIDADE ESCOLA DA UFRJ","ADMINISTRACAO PUBLICA","M","SUL","medio","medio","baixo",NA,"baixo","medio","medio","baixo","baixo","baixo"
2270021,201002,2010-02-01,2010,"02",8.51063829787234,8.51063829787234,0,"MATERNIDADE ESCOLA DA UFRJ","ADMINISTRACAO PUBLICA","M","SUL","medio","medio","baixo",NA,"baixo","alto","medio","medio","alto","baixo"
2270021,201003,2010-03-01,2010,"03",7.46268656716418,7.46268656716418,0,"MATERNIDADE ESCOLA DA UFRJ","ADMINISTRACAO PUBLICA","M","SUL","medio","medio","medio",NA,"baixo","alto","alto","medio","medio","baixo"
2270021,201004,2010-04-01,2010,"04",0,0,0,"MATERNIDADE ESCOLA DA UFRJ","ADMINISTRACAO PUBLICA","M","SUL","medio","medio","medio",NA,"baixo","baixo","alto","baixo","baixo","baixo"
2270021,201005,2010-05-01,2010,"05",16.9491525423729,12.7118644067797,4.23728813559322,"MATERNIDADE ESCOLA DA UFRJ","ADMINISTRACAO PUBLICA","M","SUL","medio","medio","medio",NA,"baixo","medio","alto","alto","alto","alto"
2270021,201006,2010-06-01,2010,"06",0,0,0,"MATERNIDADE ESCOLA DA UFRJ","ADMINISTRACAO PUBLICA","M","SUL","medio","medio","baixo",NA,"baixo","baixo","medio","baixo","baixo","baixo"
2270021,201007,2010-07-01,2010,"07",14.9253731343284,9.9502487562189,4.97512437810945,"MATERNIDADE ESCOLA DA UFRJ","ADMINISTRACAO PUBLICA","M","SUL","medio","medio","medio",NA,"baixo","baixo","alto","alto","alto","alto"
2270021,201008,2010-08-01,2010,"08",13.5746606334842,9.04977375565611,4.52488687782806,"MATERNIDADE ESCOLA DA UFRJ","ADMINISTRACAO PUBLICA","M","SUL","medio","medio","medio",NA,"baixo","medio","medio","alto","alto","alto"
2270021,201009,2010-09-01,2010,"09",13.7614678899083,13.7614678899083,0,"MATERNIDADE ESCOLA DA UFRJ","ADMINISTRACAO PUBLICA","M","SUL","medio","baixo","medio",NA,"baixo","alto","alto","alto","alto","baixo"
2270021,201010,2010-10-01,2010,"10",5.12820512820513,5.12820512820513,0,"MATERNIDADE ESCOLA DA UFRJ","ADMINISTRACAO PUBLICA","M","SUL","medio","alto","medio",NA,"baixo","medio","alto","medio","medio","baixo"
2270021,201011,2010-11-01,2010,"11",0,0,0,"MATERNIDADE ESCOLA DA UFRJ","ADMINISTRACAO PUBLICA","M","SUL","medio","medio","baixo",NA,"baixo","baixo","alto","baixo","baixo","baixo"
2270021,201012,2010-12-01,2010,"12",8.19672131147541,4.09836065573771,4.09836065573771,"MATERNIDADE ESCOLA DA UFRJ","ADMINISTRACAO PUBLICA","M","SUL","medio","medio","baixo",NA,"baixo","medio","alto","medio","medio","alto"
2270021,201101,2011-01-01,2011,"01",4.11522633744856,0,4.11522633744856,"MATERNIDADE ESCOLA DA UFRJ","ADMINISTRACAO PUBLICA","M","SUL","medio","medio","medio","medio","baixo","baixo","medio","medio","baixo","alto"
2270021,201102,2011-02-01,2011,"02",4.11522633744856,4.11522633744856,0,"MATERNIDADE ESCOLA DA UFRJ","ADMINISTRACAO PUBLICA","M","SUL","medio","medio","medio","medio","baixo","medio","alto","medio","medio","baixo"
2270021,201103,2011-03-01,2011,"03",12.0967741935484,12.0967741935484,0,"MATERNIDADE ESCOLA DA UFRJ","ADMINISTRACAO PUBLICA","M","SUL","medio","medio","medio","baixo","baixo","baixo","medio","alto","alto","baixo"
2270021,201104,2011-04-01,2011,"04",5,5,0,"MATERNIDADE ESCOLA DA UFRJ","ADMINISTRACAO PUBLICA","M","SUL","medio","medio","medio","medio","medio","alto","medio","medio","medio","baixo"
2270021,201105,2011-05-01,2011,"05",0,0,0,"MATERNIDADE ESCOLA DA UFRJ","ADMINISTRACAO PUBLICA","M","SUL","medio","medio","medio","baixo","baixo","medio","alto","baixo","baixo","baixo"
2270021,201106,2011-06-01,2011,"06",5.23560209424084,5.23560209424084,0,"MATERNIDADE ESCOLA DA UFRJ","ADMINISTRACAO PUBLICA","M","SUL","medio","baixo","medio","medio","baixo","medio","medio","medio","medio","baixo"
2270021,201107,2011-07-01,2011,"07",5.84795321637427,5.84795321637427,0,"MATERNIDADE ESCOLA DA UFRJ","ADMINISTRACAO PUBLICA","M","SUL","medio","alto","medio","medio","medio","medio","alto","medio","medio","baixo"
2270021,201108,2011-08-01,2011,"08",0,0,0,"MATERNIDADE ESCOLA DA UFRJ","ADMINISTRACAO PUBLICA","M","SUL","medio","medio","medio","alto","baixo","baixo","medio","baixo","baixo","baixo"
2270021,201109,2011-09-01,2011,"09",18.2926829268293,18.2926829268293,0,"MATERNIDADE ESCOLA DA UFRJ","ADMINISTRACAO PUBLICA","M","SUL","medio","medio","baixo","medio","medio","baixo","alto","alto","alto","baixo"
2270021,201110,2011-10-01,2011,"10",18.4049079754601,6.13496932515337,12.2699386503067,"MATERNIDADE ESCOLA DA UFRJ","ADMINISTRACAO PUBLICA","M","SUL","medio","baixo","medio","medio","medio","baixo","alto","alto","medio","alto"
2270021,201111,2011-11-01,2011,"11",5.43478260869565,5.43478260869565,0,"MATERNIDADE ESCOLA DA UFRJ","ADMINISTRACAO PUBLICA","M","SUL","medio","medio","baixo","medio","baixo","medio","medio","medio","medio","baixo"
2270021,201112,2011-12-01,2011,"12",13.0434782608696,13.0434782608696,0,"MATERNIDADE ESCOLA DA UFRJ","ADMINISTRACAO PUBLICA","M","SUL","medio","medio","baixo","medio","baixo","medio","medio","alto","alto","baixo"
2270021,201201,2012-01-01,2012,"01",4.58715596330275,0,4.58715596330275,"MATERNIDADE ESCOLA DA UFRJ","ADMINISTRACAO PUBLICA","M","SUL","medio","alto","baixo",NA,"baixo","medio","medio","medio","baixo","alto"
2270021,201202,2012-02-01,2012,"02",9.38967136150235,9.38967136150235,0,"MATERNIDADE ESCOLA DA UFRJ","ADMINISTRACAO PUBLICA","M","SUL","medio","alto","medio",NA,"baixo","medio","medio","medio","alto","baixo"
2270021,201203,2012-03-01,2012,"03",0,0,0,"MATERNIDADE ESCOLA DA UFRJ","ADMINISTRACAO PUBLICA","M","SUL","medio","medio","baixo",NA,"baixo","medio","alto","baixo","baixo","baixo"
2270021,201204,2012-04-01,2012,"04",9.34579439252336,4.67289719626168,4.67289719626168,"MATERNIDADE ESCOLA DA UFRJ","ADMINISTRACAO PUBLICA","M","SUL","medio","alto","medio",NA,"medio","medio","medio","medio","medio","alto"
2270021,201205,2012-05-01,2012,"05",10.5263157894737,5.26315789473684,5.26315789473684,"MATERNIDADE ESCOLA DA UFRJ","ADMINISTRACAO PUBLICA","M","SUL","medio","alto","medio",NA,"baixo","alto","medio","medio","medio","alto"
2270021,201206,2012-06-01,2012,"06",0,0,0,"MATERNIDADE ESCOLA DA UFRJ","ADMINISTRACAO PUBLICA","M","SUL","medio","alto","medio",NA,"baixo","baixo","alto","baixo","baixo","baixo"
2270021,201207,2012-07-01,2012,"07",5.84795321637427,0,5.84795321637427,"MATERNIDADE ESCOLA DA UFRJ","ADMINISTRACAO PUBLICA","M","SUL","medio","alto","medio",NA,"medio","baixo","alto","medio","baixo","alto"
2270021,201208,2012-08-01,2012,"08",7.93650793650794,0,7.93650793650794,"MATERNIDADE ESCOLA DA UFRJ","ADMINISTRACAO PUBLICA","M","SUL","medio","alto","baixo",NA,"baixo","baixo","alto","medio","baixo","alto"
2270021,201209,2012-09-01,2012,"09",17.9640718562874,17.9640718562874,0,"MATERNIDADE ESCOLA DA UFRJ","ADMINISTRACAO PUBLICA","M","SUL","medio","alto","baixo",NA,"baixo","baixo","alto","alto","alto","baixo"
2270021,201210,2012-10-01,2012,"10",13.2450331125828,13.2450331125828,0,"MATERNIDADE ESCOLA DA UFRJ","ADMINISTRACAO PUBLICA","M","SUL","medio","alto","medio",NA,"baixo","medio","alto","alto","alto","baixo"
2270021,201211,2012-11-01,2012,"11",12.1951219512195,12.1951219512195,0,"MATERNIDADE ESCOLA DA UFRJ","ADMINISTRACAO PUBLICA","M","SUL","medio","alto","medio",NA,"medio","baixo","alto","alto","alto","baixo"
2270021,201212,2012-12-01,2012,"12",12.5786163522013,12.5786163522013,0,"MATERNIDADE ESCOLA DA UFRJ","ADMINISTRACAO PUBLICA","M","SUL","medio","medio","baixo",NA,"medio","medio","alto","alto","alto","baixo"
2270021,201301,2013-01-01,2013,"01",0,0,0,"MATERNIDADE ESCOLA DA UFRJ","ADMINISTRACAO PUBLICA","M","SUL","medio","alto","baixo","alto","baixo","medio","alto","baixo","baixo","baixo"
2270021,201302,2013-02-01,2013,"02",17.3410404624277,11.5606936416185,5.78034682080925,"MATERNIDADE ESCOLA DA UFRJ","ADMINISTRACAO PUBLICA","M","SUL","medio","alto","baixo","medio","baixo","alto","medio","alto","alto","alto"
2270021,201303,2013-03-01,2013,"03",10,5,5,"MATERNIDADE ESCOLA DA UFRJ","ADMINISTRACAO PUBLICA","M","SUL","medio","medio","baixo","medio","baixo","medio","alto","medio","medio","alto"
2270021,201304,2013-04-01,2013,"04",0,0,0,"MATERNIDADE ESCOLA DA UFRJ","ADMINISTRACAO PUBLICA","M","SUL","medio","alto","baixo","alto","medio","baixo","alto","baixo","baixo","baixo"
2270021,201305,2013-05-01,2013,"05",10.3092783505155,10.3092783505155,0,"MATERNIDADE ESCOLA DA UFRJ","ADMINISTRACAO PUBLICA","M","SUL","medio","medio","baixo","alto","baixo","medio","alto","medio","alto","baixo"
2270021,201306,2013-06-01,2013,"06",5.91715976331361,5.91715976331361,0,"MATERNIDADE ESCOLA DA UFRJ","ADMINISTRACAO PUBLICA","M","SUL","medio","baixo","baixo","alto","baixo","baixo","medio","medio","medio","baixo"
2270021,201307,2013-07-01,2013,"07",7.2992700729927,0,7.2992700729927,"MATERNIDADE ESCOLA DA UFRJ","ADMINISTRACAO PUBLICA","M","SUL","medio","medio","baixo","alto","baixo","baixo","medio","medio","baixo","alto"
2270021,201308,2013-08-01,2013,"08",33.8983050847458,33.8983050847458,0,"MATERNIDADE ESCOLA DA UFRJ","ADMINISTRACAO PUBLICA","M","SUL","medio","alto","medio","medio","medio","alto","medio","alto","alto","baixo"
2270021,201309,2013-09-01,2013,"09",8.92857142857143,8.92857142857143,0,"MATERNIDADE ESCOLA DA UFRJ","ADMINISTRACAO PUBLICA","M","SUL","medio","alto","baixo","alto","baixo","medio","medio","medio","alto","baixo"
2270021,201310,2013-10-01,2013,"10",0,0,0,"MATERNIDADE ESCOLA DA UFRJ","ADMINISTRACAO PUBLICA","M","SUL","medio","medio","baixo","medio","baixo","medio","alto","baixo","baixo","baixo"
2270021,201311,2013-11-01,2013,"11",13.8888888888889,13.8888888888889,0,"MATERNIDADE ESCOLA DA UFRJ","ADMINISTRACAO PUBLICA","M","SUL","medio","baixo","baixo","medio","baixo","medio","alto","alto","alto","baixo"
2270021,201312,2013-12-01,2013,"12",0,0,0,"MATERNIDADE ESCOLA DA UFRJ","ADMINISTRACAO PUBLICA","M","SUL","medio","alto","baixo","alto","baixo","baixo","alto","baixo","baixo","baixo"
2270021,201401,2014-01-01,2014,"01",21.2765957446809,21.2765957446809,0,"MATERNIDADE ESCOLA DA UFRJ","ADMINISTRACAO PUBLICA","M","SUL","medio","alto","baixo","alto","medio","medio","medio","alto","alto","baixo"
2270021,201402,2014-02-01,2014,"02",5.71428571428571,5.71428571428571,0,"MATERNIDADE ESCOLA DA UFRJ","ADMINISTRACAO PUBLICA","M","SUL","medio","alto","baixo","alto","baixo","medio","medio","medio","medio","baixo"
2270021,201403,2014-03-01,2014,"03",0,0,0,"MATERNIDADE ESCOLA DA UFRJ","ADMINISTRACAO PUBLICA","M","SUL","medio","medio","baixo","alto","baixo","alto","medio","baixo","baixo","baixo"
2270021,201404,2014-04-01,2014,"04",12.9032258064516,12.9032258064516,0,"MATERNIDADE ESCOLA DA UFRJ","ADMINISTRACAO PUBLICA","M","SUL","medio","medio","baixo","alto","medio","baixo","alto","alto","alto","baixo"
2270021,201405,2014-05-01,2014,"05",5.49450549450549,0,5.49450549450549,"MATERNIDADE ESCOLA DA UFRJ","ADMINISTRACAO PUBLICA","M","SUL","medio","medio","baixo","medio","baixo","medio","medio","medio","baixo","alto"
2270021,201406,2014-06-01,2014,"06",0,0,0,"MATERNIDADE ESCOLA DA UFRJ","ADMINISTRACAO PUBLICA","M","SUL","medio","medio","baixo","alto","baixo","baixo","alto","baixo","baixo","baixo"
2270021,201407,2014-07-01,2014,"07",12.5,6.25,6.25,"MATERNIDADE ESCOLA DA UFRJ","ADMINISTRACAO PUBLICA","M","SUL","medio","baixo","baixo","alto","medio","baixo","medio","alto","medio","alto"
2270021,201408,2014-08-01,2014,"08",6.28930817610063,6.28930817610063,0,"MATERNIDADE ESCOLA DA UFRJ","ADMINISTRACAO PUBLICA","M","SUL","medio","alto","medio","alto","medio","medio","medio","medio","medio","baixo"
2270021,201409,2014-09-01,2014,"09",6.5359477124183,6.5359477124183,0,"MATERNIDADE ESCOLA DA UFRJ","ADMINISTRACAO PUBLICA","M","SUL","medio","medio","medio","medio","baixo","baixo","alto","medio","medio","baixo"
2270021,201410,2014-10-01,2014,"10",6.36942675159236,6.36942675159236,0,"MATERNIDADE ESCOLA DA UFRJ","ADMINISTRACAO PUBLICA","M","SUL","medio","alto","baixo","alto","baixo","alto","medio","medio","medio","baixo"
2270021,201411,2014-11-01,2014,"11",0,0,0,"MATERNIDADE ESCOLA DA UFRJ","ADMINISTRACAO PUBLICA","M","SUL","medio","medio","baixo","alto","baixo","baixo","alto","baixo","baixo","baixo"
2270021,201412,2014-12-01,2014,"12",0,0,0,"MATERNIDADE ESCOLA DA UFRJ","ADMINISTRACAO PUBLICA","M","SUL","medio","medio","baixo","alto","baixo","baixo","alto","baixo","baixo","baixo"
2270021,201501,2015-01-01,2015,"01",11.6959064327485,11.6959064327485,0,"MATERNIDADE ESCOLA DA UFRJ","ADMINISTRACAO PUBLICA","M","SUL","medio","alto","baixo","alto","medio","medio","alto","alto","alto","baixo"
2270021,201502,2015-02-01,2015,"02",6.02409638554217,6.02409638554217,0,"MATERNIDADE ESCOLA DA UFRJ","ADMINISTRACAO PUBLICA","M","SUL","medio","alto","baixo","alto","baixo","medio","alto","medio","medio","baixo"
2270021,201503,2015-03-01,2015,"03",15.8730158730159,10.5820105820106,5.29100529100529,"MATERNIDADE ESCOLA DA UFRJ","ADMINISTRACAO PUBLICA","M","SUL","medio","alto","baixo","alto","baixo","medio","medio","alto","alto","alto"
2270021,201504,2015-04-01,2015,"04",15.8730158730159,15.8730158730159,0,"MATERNIDADE ESCOLA DA UFRJ","ADMINISTRACAO PUBLICA","M","SUL","medio","alto","baixo","alto","medio","alto","alto","alto","alto","baixo"
2270021,201505,2015-05-01,2015,"05",17.7514792899408,11.8343195266272,5.91715976331361,"MATERNIDADE ESCOLA DA UFRJ","ADMINISTRACAO PUBLICA","M","SUL","medio","medio","baixo","medio","baixo","alto","medio","alto","alto","alto"
2270021,201506,2015-06-01,2015,"06",6.41025641025641,6.41025641025641,0,"MATERNIDADE ESCOLA DA UFRJ","ADMINISTRACAO PUBLICA","M","SUL","medio","medio","baixo","alto","medio","alto","alto","medio","medio","baixo"
2270021,201507,2015-07-01,2015,"07",5.81395348837209,5.81395348837209,0,"MATERNIDADE ESCOLA DA UFRJ","ADMINISTRACAO PUBLICA","M","SUL","medio","alto","baixo","alto","medio","alto","alto","medio","medio","baixo"
2270021,201508,2015-08-01,2015,"08",6.28930817610063,6.28930817610063,0,"MATERNIDADE ESCOLA DA UFRJ","ADMINISTRACAO PUBLICA","M","SUL","medio","alto","baixo","alto","medio","medio","alto","medio","medio","baixo"
2270021,201509,2015-09-01,2015,"09",24.6913580246914,24.6913580246914,0,"MATERNIDADE ESCOLA DA UFRJ","ADMINISTRACAO PUBLICA","M","SUL","medio","alto","baixo","alto","medio","alto","alto","alto","alto","baixo"
2270021,201510,2015-10-01,2015,"10",0,0,0,"MATERNIDADE ESCOLA DA UFRJ","ADMINISTRACAO PUBLICA","M","SUL","medio","alto","baixo","alto","medio","baixo","alto","baixo","baixo","baixo"
2270021,201511,2015-11-01,2015,"11",7.5187969924812,7.5187969924812,0,"MATERNIDADE ESCOLA DA UFRJ","ADMINISTRACAO PUBLICA","M","SUL","medio","alto","baixo","medio","medio","baixo","alto","medio","medio","baixo"
2270021,201512,2015-12-01,2015,"12",14.5985401459854,14.5985401459854,0,"MATERNIDADE ESCOLA DA UFRJ","ADMINISTRACAO PUBLICA","M","SUL","medio","alto","baixo","alto","medio","baixo","alto","alto","alto","baixo"
2270021,201601,2016-01-01,2016,"01",12.987012987013,12.987012987013,0,"MATERNIDADE ESCOLA DA UFRJ","ADMINISTRACAO PUBLICA","M","SUL","medio","alto","baixo","alto","baixo","alto","alto","alto","alto","baixo"
2270021,201602,2016-02-01,2016,"02",6.5359477124183,6.5359477124183,0,"MATERNIDADE ESCOLA DA UFRJ","ADMINISTRACAO PUBLICA","M","SUL","medio","alto","baixo","alto","medio","alto","alto","medio","medio","baixo"
2270021,201603,2016-03-01,2016,"03",5.74712643678161,5.74712643678161,0,"MATERNIDADE ESCOLA DA UFRJ","ADMINISTRACAO PUBLICA","M","SUL","medio","alto","baixo","alto","medio","medio","alto","medio","medio","baixo"
2270021,201604,2016-04-01,2016,"04",19.4805194805195,19.4805194805195,0,"MATERNIDADE ESCOLA DA UFRJ","ADMINISTRACAO PUBLICA","M","SUL","medio","alto","medio","alto","medio","medio","alto","alto","alto","baixo"
2270021,201605,2016-05-01,2016,"05",32.258064516129,21.505376344086,10.752688172043,"MATERNIDADE ESCOLA DA UFRJ","ADMINISTRACAO PUBLICA","M","SUL","medio","alto","baixo","alto","medio","medio","alto","alto","alto","alto"
2270021,201606,2016-06-01,2016,"06",17.6470588235294,11.7647058823529,5.88235294117647,"MATERNIDADE ESCOLA DA UFRJ","ADMINISTRACAO PUBLICA","M","SUL","medio","alto","baixo","alto","medio","medio","alto","alto","alto","alto"
2270021,201607,2016-07-01,2016,"07",12.6582278481013,6.32911392405063,6.32911392405063,"MATERNIDADE ESCOLA DA UFRJ","ADMINISTRACAO PUBLICA","M","SUL","medio","alto","baixo","alto","baixo","baixo","medio","alto","medio","alto"
2270021,201608,2016-08-01,2016,"08",0,0,0,"MATERNIDADE ESCOLA DA UFRJ","ADMINISTRACAO PUBLICA","M","SUL","medio","alto","baixo","alto","baixo","alto","alto","baixo","baixo","baixo"
2270021,201609,2016-09-01,2016,"09",28.7769784172662,21.5827338129496,7.19424460431655,"MATERNIDADE ESCOLA DA UFRJ","ADMINISTRACAO PUBLICA","M","SUL","medio","medio","baixo","alto","baixo","alto","alto","alto","alto","alto"
2270021,201610,2016-10-01,2016,"10",7.5187969924812,7.5187969924812,0,"MATERNIDADE ESCOLA DA UFRJ","ADMINISTRACAO PUBLICA","M","SUL","medio","alto","baixo","medio","medio","alto","medio","medio","medio","baixo"
2270021,201611,2016-11-01,2016,"11",0,0,0,"MATERNIDADE ESCOLA DA UFRJ","ADMINISTRACAO PUBLICA","M","SUL","medio","alto","baixo","alto","baixo","baixo","alto","baixo","baixo","baixo"
2270021,201612,2016-12-01,2016,"12",13.7931034482759,13.7931034482759,0,"MATERNIDADE ESCOLA DA UFRJ","ADMINISTRACAO PUBLICA","M","SUL","medio","alto","baixo","alto","medio","alto","alto","alto","alto","baixo"
2270021,201701,2017-01-01,2017,"01",5.84795321637427,5.84795321637427,0,"MATERNIDADE ESCOLA DA UFRJ","ADMINISTRACAO PUBLICA","M","SUL","medio","alto","baixo","medio","baixo","medio","alto","medio","medio","baixo"
2270021,201702,2017-02-01,2017,"02",25.6410256410256,25.6410256410256,0,"MATERNIDADE ESCOLA DA UFRJ","ADMINISTRACAO PUBLICA","M","SUL","medio","alto","baixo","alto","baixo","alto","alto","alto","alto","baixo"
2270021,201703,2017-03-01,2017,"03",22.7272727272727,18.1818181818182,4.54545454545454,"MATERNIDADE ESCOLA DA UFRJ","ADMINISTRACAO PUBLICA","M","SUL","medio","alto","baixo","alto","medio","alto","alto","alto","alto","alto"
2270021,201704,2017-04-01,2017,"04",16.4835164835165,16.4835164835165,0,"MATERNIDADE ESCOLA DA UFRJ","ADMINISTRACAO PUBLICA","M","SUL","medio","alto","baixo","alto","medio","alto","alto","alto","alto","baixo"
2270021,201705,2017-05-01,2017,"05",11.6959064327485,5.84795321637427,5.84795321637427,"MATERNIDADE ESCOLA DA UFRJ","ADMINISTRACAO PUBLICA","M","SUL","medio","alto","baixo","alto","baixo","medio","alto","alto","medio","alto"
2270021,201706,2017-06-01,2017,"06",0,0,0,"MATERNIDADE ESCOLA DA UFRJ","ADMINISTRACAO PUBLICA","M","SUL","medio","medio","baixo","alto","medio","baixo","alto","baixo","baixo","baixo"
2270021,201707,2017-07-01,2017,"07",5.26315789473684,5.26315789473684,0,"MATERNIDADE ESCOLA DA UFRJ","ADMINISTRACAO PUBLICA","M","SUL","medio","alto","baixo","alto","baixo","medio","alto","medio","medio","baixo"
2270021,201708,2017-08-01,2017,"08",5.61797752808989,0,5.61797752808989,"MATERNIDADE ESCOLA DA UFRJ","ADMINISTRACAO PUBLICA","M","SUL","medio","medio","baixo","alto","baixo","medio","medio","medio","baixo","alto"
2270021,201709,2017-09-01,2017,"09",6.36942675159236,0,6.36942675159236,"MATERNIDADE ESCOLA DA UFRJ","ADMINISTRACAO PUBLICA","M","SUL","medio","medio","baixo","medio","medio","alto","alto","medio","baixo","alto"
2270021,201710,2017-10-01,2017,"10",29.8507462686567,22.3880597014925,7.46268656716418,"MATERNIDADE ESCOLA DA UFRJ","ADMINISTRACAO PUBLICA","M","SUL","medio","medio","baixo","alto","medio","alto","alto","alto","alto","alto"
2270021,201711,2017-11-01,2017,"11",12.987012987013,12.987012987013,0,"MATERNIDADE ESCOLA DA UFRJ","ADMINISTRACAO PUBLICA","M","SUL","medio","alto","baixo","alto","medio","medio","alto","alto","alto","baixo"
2270021,201712,2017-12-01,2017,"12",16.2162162162162,16.2162162162162,0,"MATERNIDADE ESCOLA DA UFRJ","ADMINISTRACAO PUBLICA","M","SUL","medio","baixo","baixo","alto","medio","alto","alto","alto","alto","baixo"
2270056,200601,2006-01-01,2006,"01",0,0,0,"SMS HOSPITAL MUNICIPAL PAULINO WERNECK AP 31","ADMINISTRACAO PUBLICA","M","NORTE","baixo","baixo","baixo","baixo","baixo","baixo","baixo","baixo","baixo","baixo"
2270056,200602,2006-02-01,2006,"02",0,0,0,"SMS HOSPITAL MUNICIPAL PAULINO WERNECK AP 31","ADMINISTRACAO PUBLICA","M","NORTE","baixo","baixo","alto","alto","baixo","baixo","baixo","baixo","baixo","baixo"
2270056,200603,2006-03-01,2006,"03",0,0,0,"SMS HOSPITAL MUNICIPAL PAULINO WERNECK AP 31","ADMINISTRACAO PUBLICA","M","NORTE","baixo","baixo","alto","medio","alto","baixo","baixo","baixo","baixo","baixo"
2270056,200604,2006-04-01,2006,"04",0,0,0,"SMS HOSPITAL MUNICIPAL PAULINO WERNECK AP 31","ADMINISTRACAO PUBLICA","M","NORTE","baixo","baixo","alto","medio","alto","alto","medio","baixo","baixo","baixo"
2270056,200605,2006-05-01,2006,"05",12.8205128205128,0,12.8205128205128,"SMS HOSPITAL MUNICIPAL PAULINO WERNECK AP 31","ADMINISTRACAO PUBLICA","M","NORTE","baixo","baixo","alto","medio","alto","alto","baixo","alto","baixo","alto"
2270056,200606,2006-06-01,2006,"06",0,0,0,"SMS HOSPITAL MUNICIPAL PAULINO WERNECK AP 31","ADMINISTRACAO PUBLICA","M","NORTE","baixo","baixo","medio","medio","alto","baixo","baixo","baixo","baixo","baixo"
2270056,200607,2006-07-01,2006,"07",0,0,0,"SMS HOSPITAL MUNICIPAL PAULINO WERNECK AP 31","ADMINISTRACAO PUBLICA","M","NORTE","baixo","baixo","alto","baixo","alto","medio","medio","baixo","baixo","baixo"
2270056,200608,2006-08-01,2006,"08",0,0,0,"SMS HOSPITAL MUNICIPAL PAULINO WERNECK AP 31","ADMINISTRACAO PUBLICA","M","NORTE","baixo","baixo","alto","baixo","alto","medio","medio","baixo","baixo","baixo"
2270056,200609,2006-09-01,2006,"09",0,0,0,"SMS HOSPITAL MUNICIPAL PAULINO WERNECK AP 31","ADMINISTRACAO PUBLICA","M","NORTE","baixo","baixo","alto","baixo","alto","medio","baixo","baixo","baixo","baixo"
2270056,200610,2006-10-01,2006,"10",0,0,0,"SMS HOSPITAL MUNICIPAL PAULINO WERNECK AP 31","ADMINISTRACAO PUBLICA","M","NORTE","baixo","baixo","alto","medio","alto","alto","baixo","baixo","baixo","baixo"
2270056,200611,2006-11-01,2006,"11",15.3846153846154,15.3846153846154,0,"SMS HOSPITAL MUNICIPAL PAULINO WERNECK AP 31","ADMINISTRACAO PUBLICA","M","NORTE","baixo","baixo","alto","baixo","alto","alto","baixo","alto","alto","baixo"
2270056,200612,2006-12-01,2006,"12",0,0,0,"SMS HOSPITAL MUNICIPAL PAULINO WERNECK AP 31","ADMINISTRACAO PUBLICA","M","NORTE","baixo","baixo","alto","baixo","alto","alto","baixo","baixo","baixo","baixo"
2270056,200701,2007-01-01,2007,"01",0,0,0,"SMS HOSPITAL MUNICIPAL PAULINO WERNECK AP 31","ADMINISTRACAO PUBLICA","M","NORTE","baixo","baixo","alto",NA,"alto","medio","medio","baixo","baixo","baixo"
2270056,200702,2007-02-01,2007,"02",0,0,0,"SMS HOSPITAL MUNICIPAL PAULINO WERNECK AP 31","ADMINISTRACAO PUBLICA","M","NORTE","baixo","baixo","alto",NA,"alto","baixo","baixo","baixo","baixo","baixo"
2270056,200703,2007-03-01,2007,"03",0,0,0,"SMS HOSPITAL MUNICIPAL PAULINO WERNECK AP 31","ADMINISTRACAO PUBLICA","M","NORTE","baixo","baixo","alto",NA,"alto","baixo","medio","baixo","baixo","baixo"
2270056,200704,2007-04-01,2007,"04",0,0,0,"SMS HOSPITAL MUNICIPAL PAULINO WERNECK AP 31","ADMINISTRACAO PUBLICA","M","NORTE","baixo","baixo","alto",NA,"alto","medio","medio","baixo","baixo","baixo"
2270056,200705,2007-05-01,2007,"05",0,0,0,"SMS HOSPITAL MUNICIPAL PAULINO WERNECK AP 31","ADMINISTRACAO PUBLICA","M","NORTE","baixo","baixo","alto",NA,"alto","medio","medio","baixo","baixo","baixo"
2270056,200706,2007-06-01,2007,"06",0,0,0,"SMS HOSPITAL MUNICIPAL PAULINO WERNECK AP 31","ADMINISTRACAO PUBLICA","M","NORTE","baixo","baixo","alto",NA,"alto","medio","medio","baixo","baixo","baixo"
2270056,200707,2007-07-01,2007,"07",0,0,0,"SMS HOSPITAL MUNICIPAL PAULINO WERNECK AP 31","ADMINISTRACAO PUBLICA","M","NORTE","baixo","baixo","alto",NA,"alto","alto","baixo","baixo","baixo","baixo"
2270056,200708,2007-08-01,2007,"08",0,0,0,"SMS HOSPITAL MUNICIPAL PAULINO WERNECK AP 31","ADMINISTRACAO PUBLICA","M","NORTE","baixo","baixo","alto",NA,"alto","baixo","baixo","baixo","baixo","baixo"
2270056,200709,2007-09-01,2007,"09",0,0,0,"SMS HOSPITAL MUNICIPAL PAULINO WERNECK AP 31","ADMINISTRACAO PUBLICA","M","NORTE","baixo","baixo","alto",NA,"alto","medio","medio","baixo","baixo","baixo"
2270056,200710,2007-10-01,2007,"10",16.9491525423729,16.9491525423729,0,"SMS HOSPITAL MUNICIPAL PAULINO WERNECK AP 31","ADMINISTRACAO PUBLICA","M","NORTE","baixo","baixo","alto",NA,"alto","alto","baixo","alto","alto","baixo"
2270056,200711,2007-11-01,2007,"11",0,0,0,"SMS HOSPITAL MUNICIPAL PAULINO WERNECK AP 31","ADMINISTRACAO PUBLICA","M","NORTE","baixo","baixo","medio",NA,"alto","baixo","baixo","baixo","baixo","baixo"
2270056,200712,2007-12-01,2007,"12",0,0,0,"SMS HOSPITAL MUNICIPAL PAULINO WERNECK AP 31","ADMINISTRACAO PUBLICA","M","NORTE","baixo","baixo","alto",NA,"alto","alto","medio","baixo","baixo","baixo"
2270056,200801,2008-01-01,2008,"01",0,0,0,"SMS HOSPITAL MUNICIPAL PAULINO WERNECK AP 31","ADMINISTRACAO PUBLICA","M","NORTE","baixo","baixo","alto","medio","alto","alto","baixo","baixo","baixo","baixo"
2270056,200802,2008-02-01,2008,"02",0,0,0,"SMS HOSPITAL MUNICIPAL PAULINO WERNECK AP 31","ADMINISTRACAO PUBLICA","M","NORTE","baixo","medio","alto","alto","alto","alto","baixo","baixo","baixo","baixo"
2270056,200803,2008-03-01,2008,"03",0,0,0,"SMS HOSPITAL MUNICIPAL PAULINO WERNECK AP 31","ADMINISTRACAO PUBLICA","M","NORTE","baixo","medio","alto","baixo","alto","baixo","baixo","baixo","baixo","baixo"
2270056,200804,2008-04-01,2008,"04",22.7272727272727,0,22.7272727272727,"SMS HOSPITAL MUNICIPAL PAULINO WERNECK AP 31","ADMINISTRACAO PUBLICA","M","NORTE","baixo","alto","alto","medio","alto","baixo","baixo","alto","baixo","alto"
2270056,200805,2008-05-01,2008,"05",0,0,0,"SMS HOSPITAL MUNICIPAL PAULINO WERNECK AP 31","ADMINISTRACAO PUBLICA","M","NORTE","baixo","baixo","alto","alto","alto","alto","medio","baixo","baixo","baixo"
2270056,200806,2008-06-01,2008,"06",0,0,0,"SMS HOSPITAL MUNICIPAL PAULINO WERNECK AP 31","ADMINISTRACAO PUBLICA","M","NORTE","baixo","baixo","alto","medio","alto","baixo","baixo","baixo","baixo","baixo"
2270056,200807,2008-07-01,2008,"07",16.9491525423729,16.9491525423729,0,"SMS HOSPITAL MUNICIPAL PAULINO WERNECK AP 31","ADMINISTRACAO PUBLICA","M","NORTE","baixo","baixo","alto","medio","alto","medio","medio","alto","alto","baixo"
2270056,200808,2008-08-01,2008,"08",0,0,0,"SMS HOSPITAL MUNICIPAL PAULINO WERNECK AP 31","ADMINISTRACAO PUBLICA","M","NORTE","baixo","baixo","alto","baixo","alto","medio","baixo","baixo","baixo","baixo"
2270056,200809,2008-09-01,2008,"09",0,0,0,"SMS HOSPITAL MUNICIPAL PAULINO WERNECK AP 31","ADMINISTRACAO PUBLICA","M","NORTE","baixo","baixo","alto","baixo","alto","baixo","medio","baixo","baixo","baixo"
2270056,200810,2008-10-01,2008,"10",0,0,0,"SMS HOSPITAL MUNICIPAL PAULINO WERNECK AP 31","ADMINISTRACAO PUBLICA","M","NORTE","baixo","baixo","alto","alto","alto","medio","baixo","baixo","baixo","baixo"
2270056,200811,2008-11-01,2008,"11",0,0,0,"SMS HOSPITAL MUNICIPAL PAULINO WERNECK AP 31","ADMINISTRACAO PUBLICA","M","NORTE","baixo","baixo","alto","medio","alto","alto","baixo","baixo","baixo","baixo"
2270056,200812,2008-12-01,2008,"12",0,0,0,"SMS HOSPITAL MUNICIPAL PAULINO WERNECK AP 31","ADMINISTRACAO PUBLICA","M","NORTE","baixo","baixo","alto","medio","alto","medio","baixo","baixo","baixo","baixo"
2270056,200901,2009-01-01,2009,"01",0,0,0,"SMS HOSPITAL MUNICIPAL PAULINO WERNECK AP 31","ADMINISTRACAO PUBLICA","M","NORTE","baixo","baixo","alto",NA,"alto","baixo","baixo","baixo","baixo","baixo"
2270056,200902,2009-02-01,2009,"02",24.390243902439,24.390243902439,0,"SMS HOSPITAL MUNICIPAL PAULINO WERNECK AP 31","ADMINISTRACAO PUBLICA","M","NORTE","baixo","baixo","alto",NA,"alto","alto","baixo","alto","alto","baixo"
2270056,200903,2009-03-01,2009,"03",0,0,0,"SMS HOSPITAL MUNICIPAL PAULINO WERNECK AP 31","ADMINISTRACAO PUBLICA","M","NORTE","baixo","baixo","alto",NA,"medio","baixo","medio","baixo","baixo","baixo"
2270056,200904,2009-04-01,2009,"04",0,0,0,"SMS HOSPITAL MUNICIPAL PAULINO WERNECK AP 31","ADMINISTRACAO PUBLICA","M","NORTE","baixo","baixo","medio",NA,"medio","alto","baixo","baixo","baixo","baixo"
2270056,200905,2009-05-01,2009,"05",44.4444444444444,44.4444444444444,0,"SMS HOSPITAL MUNICIPAL PAULINO WERNECK AP 31","ADMINISTRACAO PUBLICA","M","NORTE","baixo","baixo","alto",NA,"medio","baixo","medio","alto","alto","baixo"
2270056,200906,2009-06-01,2009,"06",0,0,0,"SMS HOSPITAL MUNICIPAL PAULINO WERNECK AP 31","ADMINISTRACAO PUBLICA","M","NORTE","baixo","medio","alto",NA,"alto","baixo","baixo","baixo","baixo","baixo"
2270056,200907,2009-07-01,2009,"07",0,0,0,"SMS HOSPITAL MUNICIPAL PAULINO WERNECK AP 31","ADMINISTRACAO PUBLICA","M","NORTE","baixo","baixo","alto",NA,"medio","alto","medio","baixo","baixo","baixo"
2270056,200908,2009-08-01,2009,"08",0,0,0,"SMS HOSPITAL MUNICIPAL PAULINO WERNECK AP 31","ADMINISTRACAO PUBLICA","M","NORTE","baixo","baixo","alto",NA,"medio","medio","medio","baixo","baixo","baixo"
2270056,200909,2009-09-01,2009,"09",0,0,0,"SMS HOSPITAL MUNICIPAL PAULINO WERNECK AP 31","ADMINISTRACAO PUBLICA","M","NORTE","baixo","medio","alto",NA,"alto","medio","baixo","baixo","baixo","baixo"
2270056,200910,2009-10-01,2009,"10",0,0,0,"SMS HOSPITAL MUNICIPAL PAULINO WERNECK AP 31","ADMINISTRACAO PUBLICA","M","NORTE","baixo","baixo","alto",NA,"alto","baixo","baixo","baixo","baixo","baixo"
2270056,200911,2009-11-01,2009,"11",0,0,0,"SMS HOSPITAL MUNICIPAL PAULINO WERNECK AP 31","ADMINISTRACAO PUBLICA","M","NORTE","baixo","baixo","alto",NA,"alto","alto","baixo","baixo","baixo","baixo"
2270056,200912,2009-12-01,2009,"12",0,0,0,"SMS HOSPITAL MUNICIPAL PAULINO WERNECK AP 31","ADMINISTRACAO PUBLICA","M","NORTE","baixo","baixo","alto",NA,"medio","alto","medio","baixo","baixo","baixo"
2270056,201001,2010-01-01,2010,"01",0,0,0,"SMS HOSPITAL MUNICIPAL PAULINO WERNECK AP 31","ADMINISTRACAO PUBLICA","M","NORTE","baixo","medio","alto",NA,"alto","alto","baixo","baixo","baixo","baixo"
2270056,201002,2010-02-01,2010,"02",0,0,0,"SMS HOSPITAL MUNICIPAL PAULINO WERNECK AP 31","ADMINISTRACAO PUBLICA","M","NORTE","baixo","baixo","alto",NA,"alto","medio","baixo","baixo","baixo","baixo"
2270056,201003,2010-03-01,2010,"03",0,0,0,"SMS HOSPITAL MUNICIPAL PAULINO WERNECK AP 31","ADMINISTRACAO PUBLICA","M","NORTE","baixo","baixo","alto",NA,"alto","baixo","baixo","baixo","baixo","baixo"
2270056,201004,2010-04-01,2010,"04",0,0,0,"SMS HOSPITAL MUNICIPAL PAULINO WERNECK AP 31","ADMINISTRACAO PUBLICA","M","NORTE","baixo","baixo","alto",NA,"alto","medio","baixo","baixo","baixo","baixo"
2270056,201005,2010-05-01,2010,"05",0,0,0,"SMS HOSPITAL MUNICIPAL PAULINO WERNECK AP 31","ADMINISTRACAO PUBLICA","M","NORTE","baixo","baixo","alto",NA,"alto","alto","medio","baixo","baixo","baixo"
2270056,201006,2010-06-01,2010,"06",23.2558139534884,0,23.2558139534884,"SMS HOSPITAL MUNICIPAL PAULINO WERNECK AP 31","ADMINISTRACAO PUBLICA","M","NORTE","baixo","baixo","alto",NA,"alto","alto","baixo","alto","baixo","alto"
2270056,201007,2010-07-01,2010,"07",0,0,0,"SMS HOSPITAL MUNICIPAL PAULINO WERNECK AP 31","ADMINISTRACAO PUBLICA","M","NORTE","baixo","baixo","alto",NA,"alto","baixo","alto","baixo","baixo","baixo"
2270056,201008,2010-08-01,2010,"08",0,0,0,"SMS HOSPITAL MUNICIPAL PAULINO WERNECK AP 31","ADMINISTRACAO PUBLICA","M","NORTE","baixo","baixo","alto",NA,"medio","alto","baixo","baixo","baixo","baixo"
2270056,201009,2010-09-01,2010,"09",0,0,0,"SMS HOSPITAL MUNICIPAL PAULINO WERNECK AP 31","ADMINISTRACAO PUBLICA","M","NORTE","baixo","baixo","alto",NA,"alto","alto","medio","baixo","baixo","baixo"
2270056,201010,2010-10-01,2010,"10",0,0,0,"SMS HOSPITAL MUNICIPAL PAULINO WERNECK AP 31","ADMINISTRACAO PUBLICA","M","NORTE","baixo","baixo","alto",NA,"alto","alto","medio","baixo","baixo","baixo"
2270056,201011,2010-11-01,2010,"11",0,0,0,"SMS HOSPITAL MUNICIPAL PAULINO WERNECK AP 31","ADMINISTRACAO PUBLICA","M","NORTE","baixo","baixo","alto",NA,"alto","alto","baixo","baixo","baixo","baixo"
2270056,201012,2010-12-01,2010,"12",0,0,0,"SMS HOSPITAL MUNICIPAL PAULINO WERNECK AP 31","ADMINISTRACAO PUBLICA","M","NORTE","baixo","baixo","alto",NA,"alto","alto","baixo","baixo","baixo","baixo"
2270056,201101,2011-01-01,2011,"01",0,0,0,"SMS HOSPITAL MUNICIPAL PAULINO WERNECK AP 31","ADMINISTRACAO PUBLICA","M","NORTE","baixo","baixo","alto","baixo","alto","baixo","baixo","baixo","baixo","baixo"
2270056,201102,2011-02-01,2011,"02",0,0,0,"SMS HOSPITAL MUNICIPAL PAULINO WERNECK AP 31","ADMINISTRACAO PUBLICA","M","NORTE","baixo","baixo","alto","medio","alto","alto","baixo","baixo","baixo","baixo"
2270056,201103,2011-03-01,2011,"03",0,0,0,"SMS HOSPITAL MUNICIPAL PAULINO WERNECK AP 31","ADMINISTRACAO PUBLICA","M","NORTE","baixo","medio","alto","baixo","alto","baixo","baixo","baixo","baixo","baixo"
2270056,201104,2011-04-01,2011,"04",0,0,0,"SMS HOSPITAL MUNICIPAL PAULINO WERNECK AP 31","ADMINISTRACAO PUBLICA","M","NORTE","baixo","baixo","alto","medio","alto","alto","medio","baixo","baixo","baixo"
2270056,201105,2011-05-01,2011,"05",0,0,0,"SMS HOSPITAL MUNICIPAL PAULINO WERNECK AP 31","ADMINISTRACAO PUBLICA","M","NORTE","baixo","baixo","alto","baixo","alto","alto","medio","baixo","baixo","baixo"
2270056,201106,2011-06-01,2011,"06",0,0,0,"SMS HOSPITAL MUNICIPAL PAULINO WERNECK AP 31","ADMINISTRACAO PUBLICA","M","NORTE","baixo","baixo","alto","baixo","alto","alto","baixo","baixo","baixo","baixo"
2270056,201107,2011-07-01,2011,"07",0,0,0,"SMS HOSPITAL MUNICIPAL PAULINO WERNECK AP 31","ADMINISTRACAO PUBLICA","M","NORTE","baixo","baixo","alto","medio","medio","baixo","baixo","baixo","baixo","baixo"
2270056,201108,2011-08-01,2011,"08",0,0,0,"SMS HOSPITAL MUNICIPAL PAULINO WERNECK AP 31","ADMINISTRACAO PUBLICA","M","NORTE","baixo","medio","alto","alto","alto","alto","baixo","baixo","baixo","baixo"
2270056,201109,2011-09-01,2011,"09",0,0,0,"SMS HOSPITAL MUNICIPAL PAULINO WERNECK AP 31","ADMINISTRACAO PUBLICA","M","NORTE","baixo","baixo","alto","baixo","alto","baixo","baixo","baixo","baixo","baixo"
2270056,201110,2011-10-01,2011,"10",0,0,0,"SMS HOSPITAL MUNICIPAL PAULINO WERNECK AP 31","ADMINISTRACAO PUBLICA","M","NORTE","baixo","baixo","medio","baixo","alto","baixo","baixo","baixo","baixo","baixo"
2270056,201111,2011-11-01,2011,"11",0,0,0,"SMS HOSPITAL MUNICIPAL PAULINO WERNECK AP 31","ADMINISTRACAO PUBLICA","M","NORTE","baixo","baixo","alto","alto","alto","baixo","baixo","baixo","baixo","baixo"
2270056,201112,2011-12-01,2011,"12",90.9090909090909,0,90.9090909090909,"SMS HOSPITAL MUNICIPAL PAULINO WERNECK AP 31","ADMINISTRACAO PUBLICA","M","NORTE","baixo","alto","alto","alto","alto","baixo","baixo","alto","baixo","alto"
2270056,201201,2012-01-01,2012,"01",66.6666666666667,66.6666666666667,0,"SMS HOSPITAL MUNICIPAL PAULINO WERNECK AP 31","ADMINISTRACAO PUBLICA","M","NORTE","baixo","baixo","alto",NA,"medio","alto","baixo","alto","alto","baixo"
2270056,201202,2012-02-01,2012,"02",0,0,0,"SMS HOSPITAL MUNICIPAL PAULINO WERNECK AP 31","ADMINISTRACAO PUBLICA","M","NORTE","baixo","alto","alto",NA,"alto","baixo","baixo","baixo","baixo","baixo"
2270056,201203,2012-03-01,2012,"03",52.6315789473684,52.6315789473684,0,"SMS HOSPITAL MUNICIPAL PAULINO WERNECK AP 31","ADMINISTRACAO PUBLICA","M","NORTE","baixo","baixo","alto",NA,"alto","alto","medio","alto","alto","baixo"
2270056,201204,2012-04-01,2012,"04",71.4285714285714,71.4285714285714,0,"SMS HOSPITAL MUNICIPAL PAULINO WERNECK AP 31","ADMINISTRACAO PUBLICA","M","NORTE","baixo","baixo","alto",NA,"alto","alto","baixo","alto","alto","baixo"
2270056,201205,2012-05-01,2012,"05",0,0,0,"SMS HOSPITAL MUNICIPAL PAULINO WERNECK AP 31","ADMINISTRACAO PUBLICA","M","NORTE","baixo","alto","alto",NA,"medio","baixo","baixo","baixo","baixo","baixo"
2270056,201206,2012-06-01,2012,"06",0,0,0,"SMS HOSPITAL MUNICIPAL PAULINO WERNECK AP 31","ADMINISTRACAO PUBLICA","M","NORTE","baixo","baixo","medio",NA,"alto","baixo","baixo","baixo","baixo","baixo"
2270056,201207,2012-07-01,2012,"07",0,0,0,"SMS HOSPITAL MUNICIPAL PAULINO WERNECK AP 31","ADMINISTRACAO PUBLICA","M","NORTE","baixo","baixo","alto",NA,"alto","baixo","baixo","baixo","baixo","baixo"
2270056,201208,2012-08-01,2012,"08",0,0,0,"SMS HOSPITAL MUNICIPAL PAULINO WERNECK AP 31","ADMINISTRACAO PUBLICA","M","NORTE","baixo","alto","alto",NA,"baixo","alto","baixo","baixo","baixo","baixo"
2270056,201209,2012-09-01,2012,"09",0,0,0,"SMS HOSPITAL MUNICIPAL PAULINO WERNECK AP 31","ADMINISTRACAO PUBLICA","M","NORTE","baixo","baixo","medio",NA,"alto","baixo","baixo","baixo","baixo","baixo"
2270056,201210,2012-10-01,2012,"10",166.666666666667,166.666666666667,0,"SMS HOSPITAL MUNICIPAL PAULINO WERNECK AP 31","ADMINISTRACAO PUBLICA","M","NORTE","baixo","alto","alto",NA,"alto","alto","baixo","alto","alto","baixo"
2270056,201211,2012-11-01,2012,"11",0,0,0,"SMS HOSPITAL MUNICIPAL PAULINO WERNECK AP 31","ADMINISTRACAO PUBLICA","M","NORTE","baixo","baixo","alto",NA,"alto","baixo","baixo","baixo","baixo","baixo"
2270056,201212,2012-12-01,2012,"12",0,0,0,"SMS HOSPITAL MUNICIPAL PAULINO WERNECK AP 31","ADMINISTRACAO PUBLICA","M","NORTE","baixo","baixo","alto",NA,"baixo","baixo","baixo","baixo","baixo","baixo"
2270056,201301,2013-01-01,2013,"01",0,0,0,"SMS HOSPITAL MUNICIPAL PAULINO WERNECK AP 31","ADMINISTRACAO PUBLICA","M","NORTE","baixo","baixo","alto","baixo","alto","baixo","baixo","baixo","baixo","baixo"
2270056,201302,2013-02-01,2013,"02",500,500,0,"SMS HOSPITAL MUNICIPAL PAULINO WERNECK AP 31","ADMINISTRACAO PUBLICA","M","NORTE","baixo","alto","alto","baixo","alto","baixo","baixo","alto","alto","baixo"
2270056,201303,2013-03-01,2013,"03",0,0,0,"SMS HOSPITAL MUNICIPAL PAULINO WERNECK AP 31","ADMINISTRACAO PUBLICA","M","NORTE","baixo","baixo","baixo","alto","alto","baixo","alto","baixo","baixo","baixo"
2270056,201305,2013-05-01,2013,"05",0,0,0,"SMS HOSPITAL MUNICIPAL PAULINO WERNECK AP 31","ADMINISTRACAO PUBLICA","M","NORTE","baixo","alto","alto","baixo","alto","baixo","baixo","baixo","baixo","baixo"
2270056,201306,2013-06-01,2013,"06",0,0,0,"SMS HOSPITAL MUNICIPAL PAULINO WERNECK AP 31","ADMINISTRACAO PUBLICA","M","NORTE","baixo","alto","alto","baixo","baixo","baixo","baixo","baixo","baixo","baixo"
2270056,201307,2013-07-01,2013,"07",0,0,0,"SMS HOSPITAL MUNICIPAL PAULINO WERNECK AP 31","ADMINISTRACAO PUBLICA","M","NORTE","baixo","baixo","alto","baixo","alto","baixo","baixo","baixo","baixo","baixo"
2270056,201309,2013-09-01,2013,"09",0,0,0,"SMS HOSPITAL MUNICIPAL PAULINO WERNECK AP 31","ADMINISTRACAO PUBLICA","M","NORTE","baixo","baixo","baixo","baixo","baixo","baixo","baixo","baixo","baixo","baixo"
2270269,200601,2006-01-01,2006,"01",40.983606557377,32.7868852459016,8.19672131147541,"SMS HOSPITAL MUNICIPAL MIGUEL COUTO AP 21","ADMINISTRACAO PUBLICA","M","SUL","medio","baixo","medio","baixo","alto","medio","baixo","alto","alto","alto"
2270269,200602,2006-02-01,2006,"02",26.7857142857143,8.92857142857143,17.8571428571429,"SMS HOSPITAL MUNICIPAL MIGUEL COUTO AP 21","ADMINISTRACAO PUBLICA","M","SUL","medio","baixo","medio","baixo","alto","alto","baixo","alto","alto","alto"
2270269,200603,2006-03-01,2006,"03",14.7058823529412,7.35294117647059,7.35294117647059,"SMS HOSPITAL MUNICIPAL MIGUEL COUTO AP 21","ADMINISTRACAO PUBLICA","M","SUL","medio","baixo","medio","medio","alto","medio","baixo","alto","medio","alto"
2270269,200604,2006-04-01,2006,"04",8.92857142857143,0,8.92857142857143,"SMS HOSPITAL MUNICIPAL MIGUEL COUTO AP 21","ADMINISTRACAO PUBLICA","M","SUL","medio","baixo","baixo","medio","alto","baixo","baixo","medio","baixo","alto"
2270269,200605,2006-05-01,2006,"05",20.4081632653061,10.2040816326531,10.2040816326531,"SMS HOSPITAL MUNICIPAL MIGUEL COUTO AP 21","ADMINISTRACAO PUBLICA","M","SUL","baixo","alto","baixo","alto","alto","baixo","baixo","alto","alto","alto"
2270269,200606,2006-06-01,2006,"06",10.4166666666667,10.4166666666667,0,"SMS HOSPITAL MUNICIPAL MIGUEL COUTO AP 21","ADMINISTRACAO PUBLICA","M","SUL","baixo","baixo","medio","alto","alto","medio","baixo","medio","alto","baixo"
2270269,200607,2006-07-01,2006,"07",5.68181818181818,5.68181818181818,0,"SMS HOSPITAL MUNICIPAL MIGUEL COUTO AP 21","ADMINISTRACAO PUBLICA","M","SUL","medio","baixo","baixo","medio","alto","baixo","baixo","medio","medio","baixo"
2270269,200608,2006-08-01,2006,"08",21.7391304347826,21.7391304347826,0,"SMS HOSPITAL MUNICIPAL MIGUEL COUTO AP 21","ADMINISTRACAO PUBLICA","M","SUL","medio","medio","medio","alto","alto","medio","baixo","alto","alto","baixo"
2270269,200609,2006-09-01,2006,"09",23.2558139534884,23.2558139534884,0,"SMS HOSPITAL MUNICIPAL MIGUEL COUTO AP 21","ADMINISTRACAO PUBLICA","M","SUL","baixo","medio","alto","baixo","alto","alto","baixo","alto","alto","baixo"
2270269,200610,2006-10-01,2006,"10",50.8474576271187,50.8474576271187,0,"SMS HOSPITAL MUNICIPAL MIGUEL COUTO AP 21","ADMINISTRACAO PUBLICA","M","SUL","baixo","baixo","alto","baixo","alto","medio","baixo","alto","alto","baixo"
2270269,200611,2006-11-01,2006,"11",70.4225352112676,70.4225352112676,0,"SMS HOSPITAL MUNICIPAL MIGUEL COUTO AP 21","ADMINISTRACAO PUBLICA","M","SUL","baixo","alto","alto","baixo","alto","alto","baixo","alto","alto","baixo"
2270269,200612,2006-12-01,2006,"12",18.5185185185185,9.25925925925926,9.25925925925926,"SMS HOSPITAL MUNICIPAL MIGUEL COUTO AP 21","ADMINISTRACAO PUBLICA","M","SUL","baixo","medio","alto","baixo","alto","baixo","baixo","alto","alto","alto"
2270269,200701,2007-01-01,2007,"01",19.0476190476191,9.52380952380953,9.52380952380953,"SMS HOSPITAL MUNICIPAL MIGUEL COUTO AP 21","ADMINISTRACAO PUBLICA","M","SUL","baixo","baixo","alto",NA,"alto","medio","baixo","alto","alto","alto"
2270269,200702,2007-02-01,2007,"02",13.7931034482759,6.89655172413793,6.89655172413793,"SMS HOSPITAL MUNICIPAL MIGUEL COUTO AP 21","ADMINISTRACAO PUBLICA","M","SUL","medio","baixo","alto",NA,"alto","alto","baixo","alto","medio","alto"
2270269,200703,2007-03-01,2007,"03",16.9491525423729,11.2994350282486,5.64971751412429,"SMS HOSPITAL MUNICIPAL MIGUEL COUTO AP 21","ADMINISTRACAO PUBLICA","M","SUL","medio","baixo","alto",NA,"alto","alto","baixo","alto","alto","alto"
2270269,200704,2007-04-01,2007,"04",37.5,25,12.5,"SMS HOSPITAL MUNICIPAL MIGUEL COUTO AP 21","ADMINISTRACAO PUBLICA","M","SUL","medio","baixo","alto",NA,"alto","alto","baixo","alto","alto","alto"
2270269,200705,2007-05-01,2007,"05",12.5786163522013,12.5786163522013,0,"SMS HOSPITAL MUNICIPAL MIGUEL COUTO AP 21","ADMINISTRACAO PUBLICA","M","SUL","medio","baixo","alto",NA,"alto","baixo","baixo","alto","alto","baixo"
2270269,200706,2007-06-01,2007,"06",12.6582278481013,6.32911392405063,6.32911392405063,"SMS HOSPITAL MUNICIPAL MIGUEL COUTO AP 21","ADMINISTRACAO PUBLICA","M","SUL","medio","baixo","alto",NA,"alto","alto","baixo","alto","medio","alto"
2270269,200707,2007-07-01,2007,"07",5.91715976331361,5.91715976331361,0,"SMS HOSPITAL MUNICIPAL MIGUEL COUTO AP 21","ADMINISTRACAO PUBLICA","M","SUL","medio","baixo","alto",NA,"alto","baixo","baixo","medio","medio","baixo"
2270269,200708,2007-08-01,2007,"08",33.7837837837838,20.2702702702703,13.5135135135135,"SMS HOSPITAL MUNICIPAL MIGUEL COUTO AP 21","ADMINISTRACAO PUBLICA","M","SUL","medio","medio","alto",NA,"alto","medio","baixo","alto","alto","alto"
2270269,200709,2007-09-01,2007,"09",7.40740740740741,0,7.40740740740741,"SMS HOSPITAL MUNICIPAL MIGUEL COUTO AP 21","ADMINISTRACAO PUBLICA","M","SUL","medio","baixo","alto",NA,"alto","medio","baixo","medio","baixo","alto"
2270269,200710,2007-10-01,2007,"10",7.46268656716418,7.46268656716418,0,"SMS HOSPITAL MUNICIPAL MIGUEL COUTO AP 21","ADMINISTRACAO PUBLICA","M","SUL","medio","baixo","alto",NA,"alto","baixo","baixo","medio","medio","baixo"
2270269,200711,2007-11-01,2007,"11",42.7350427350427,34.1880341880342,8.54700854700855,"SMS HOSPITAL MUNICIPAL MIGUEL COUTO AP 21","ADMINISTRACAO PUBLICA","M","SUL","medio","baixo","alto",NA,"alto","alto","baixo","alto","alto","alto"
2270269,200712,2007-12-01,2007,"12",7.63358778625954,7.63358778625954,0,"SMS HOSPITAL MUNICIPAL MIGUEL COUTO AP 21","ADMINISTRACAO PUBLICA","M","SUL","medio","baixo","medio",NA,"alto","baixo","baixo","medio","medio","baixo"
2270269,200801,2008-01-01,2008,"01",19.7368421052632,19.7368421052632,0,"SMS HOSPITAL MUNICIPAL MIGUEL COUTO AP 21","ADMINISTRACAO PUBLICA","M","SUL","medio","baixo","alto","baixo","alto","baixo","baixo","alto","alto","baixo"
2270269,200802,2008-02-01,2008,"02",37.593984962406,30.0751879699248,7.5187969924812,"SMS HOSPITAL MUNICIPAL MIGUEL COUTO AP 21","ADMINISTRACAO PUBLICA","M","SUL","medio","medio","alto","baixo","alto","alto","baixo","alto","alto","alto"
2270269,200803,2008-03-01,2008,"03",6.09756097560976,6.09756097560976,0,"SMS HOSPITAL MUNICIPAL MIGUEL COUTO AP 21","ADMINISTRACAO PUBLICA","M","SUL","medio","baixo","alto","medio","alto","baixo","baixo","medio","medio","baixo"
2270269,200804,2008-04-01,2008,"04",13.4228187919463,0,13.4228187919463,"SMS HOSPITAL MUNICIPAL MIGUEL COUTO AP 21","ADMINISTRACAO PUBLICA","M","SUL","medio","baixo","alto","alto","alto","baixo","baixo","alto","baixo","alto"
2270269,200805,2008-05-01,2008,"05",6.80272108843537,6.80272108843537,0,"SMS HOSPITAL MUNICIPAL MIGUEL COUTO AP 21","ADMINISTRACAO PUBLICA","M","SUL","medio","baixo","medio","medio","alto","baixo","baixo","medio","medio","baixo"
2270269,200806,2008-06-01,2008,"06",12.2699386503067,0,12.2699386503067,"SMS HOSPITAL MUNICIPAL MIGUEL COUTO AP 21","ADMINISTRACAO PUBLICA","M","SUL","medio","baixo","alto","medio","alto","medio","baixo","alto","baixo","alto"
2270269,200807,2008-07-01,2008,"07",19.4805194805195,0,19.4805194805195,"SMS HOSPITAL MUNICIPAL MIGUEL COUTO AP 21","ADMINISTRACAO PUBLICA","M","SUL","medio","baixo","alto","baixo","alto","baixo","baixo","alto","baixo","alto"
2270269,200808,2008-08-01,2008,"08",0,0,0,"SMS HOSPITAL MUNICIPAL MIGUEL COUTO AP 21","ADMINISTRACAO PUBLICA","M","SUL","medio","baixo","medio","baixo","alto","baixo","baixo","baixo","baixo","baixo"
2270269,200809,2008-09-01,2008,"09",12.7388535031847,12.7388535031847,0,"SMS HOSPITAL MUNICIPAL MIGUEL COUTO AP 21","ADMINISTRACAO PUBLICA","M","SUL","medio","baixo","alto","baixo","alto","alto","baixo","alto","alto","baixo"
2270269,200810,2008-10-01,2008,"10",14.5985401459854,7.2992700729927,7.2992700729927,"SMS HOSPITAL MUNICIPAL MIGUEL COUTO AP 21","ADMINISTRACAO PUBLICA","M","SUL","medio","baixo","alto","baixo","alto","baixo","medio","alto","medio","alto"
2270269,200811,2008-11-01,2008,"11",6.99300699300699,0,6.99300699300699,"SMS HOSPITAL MUNICIPAL MIGUEL COUTO AP 21","ADMINISTRACAO PUBLICA","M","SUL","medio","baixo","medio","baixo","alto","medio","baixo","medio","baixo","alto"
2270269,200812,2008-12-01,2008,"12",11.2359550561798,11.2359550561798,0,"SMS HOSPITAL MUNICIPAL MIGUEL COUTO AP 21","ADMINISTRACAO PUBLICA","M","SUL","medio","baixo","alto","baixo","alto","baixo","baixo","medio","alto","baixo"
2270269,200901,2009-01-01,2009,"01",21.1267605633803,14.0845070422535,7.04225352112676,"SMS HOSPITAL MUNICIPAL MIGUEL COUTO AP 21","ADMINISTRACAO PUBLICA","M","SUL","medio","baixo","alto",NA,"alto","alto","baixo","alto","alto","alto"
2270269,200902,2009-02-01,2009,"02",17.9640718562874,17.9640718562874,0,"SMS HOSPITAL MUNICIPAL MIGUEL COUTO AP 21","ADMINISTRACAO PUBLICA","M","SUL","medio","baixo","alto",NA,"alto","alto","baixo","alto","alto","baixo"
2270269,200903,2009-03-01,2009,"03",0,0,0,"SMS HOSPITAL MUNICIPAL MIGUEL COUTO AP 21","ADMINISTRACAO PUBLICA","M","SUL","medio","baixo","alto",NA,"alto","baixo","baixo","baixo","baixo","baixo"
2270269,200904,2009-04-01,2009,"04",5.74712643678161,5.74712643678161,0,"SMS HOSPITAL MUNICIPAL MIGUEL COUTO AP 21","ADMINISTRACAO PUBLICA","M","SUL","medio","baixo","alto",NA,"alto","medio","baixo","medio","medio","baixo"
2270269,200905,2009-05-01,2009,"05",5.55555555555556,5.55555555555556,0,"SMS HOSPITAL MUNICIPAL MIGUEL COUTO AP 21","ADMINISTRACAO PUBLICA","M","SUL","medio","baixo","alto",NA,"alto","baixo","baixo","medio","medio","baixo"
2270269,200906,2009-06-01,2009,"06",7.57575757575758,7.57575757575758,0,"SMS HOSPITAL MUNICIPAL MIGUEL COUTO AP 21","ADMINISTRACAO PUBLICA","M","SUL","medio","baixo","alto",NA,"alto","alto","baixo","medio","medio","baixo"
2270269,200907,2009-07-01,2009,"07",13.6054421768707,0,13.6054421768707,"SMS HOSPITAL MUNICIPAL MIGUEL COUTO AP 21","ADMINISTRACAO PUBLICA","M","SUL","medio","medio","alto",NA,"alto","alto","baixo","alto","baixo","alto"
2270269,200908,2009-08-01,2009,"08",13.986013986014,13.986013986014,0,"SMS HOSPITAL MUNICIPAL MIGUEL COUTO AP 21","ADMINISTRACAO PUBLICA","M","SUL","medio","baixo","alto",NA,"alto","alto","baixo","alto","alto","baixo"
2270269,200909,2009-09-01,2009,"09",13.1578947368421,6.57894736842105,6.57894736842105,"SMS HOSPITAL MUNICIPAL MIGUEL COUTO AP 21","ADMINISTRACAO PUBLICA","M","SUL","medio","baixo","alto",NA,"alto","alto","baixo","alto","medio","alto"
2270269,200910,2009-10-01,2009,"10",21.8978102189781,14.5985401459854,7.2992700729927,"SMS HOSPITAL MUNICIPAL MIGUEL COUTO AP 21","ADMINISTRACAO PUBLICA","M","SUL","medio","baixo","alto",NA,"alto","alto","baixo","alto","alto","alto"
2270269,200911,2009-11-01,2009,"11",15.748031496063,7.8740157480315,7.8740157480315,"SMS HOSPITAL MUNICIPAL MIGUEL COUTO AP 21","ADMINISTRACAO PUBLICA","M","SUL","medio","baixo","alto",NA,"alto","alto","baixo","alto","medio","alto"
2270269,200912,2009-12-01,2009,"12",17.8571428571429,11.9047619047619,5.95238095238095,"SMS HOSPITAL MUNICIPAL MIGUEL COUTO AP 21","ADMINISTRACAO PUBLICA","M","SUL","medio","baixo","alto",NA,"alto","medio","baixo","alto","alto","alto"
2270269,201001,2010-01-01,2010,"01",0,0,0,"SMS HOSPITAL MUNICIPAL MIGUEL COUTO AP 21","ADMINISTRACAO PUBLICA","M","SUL","medio","baixo","alto",NA,"alto","medio","baixo","baixo","baixo","baixo"
2270269,201002,2010-02-01,2010,"02",5.37634408602151,5.37634408602151,0,"SMS HOSPITAL MUNICIPAL MIGUEL COUTO AP 21","ADMINISTRACAO PUBLICA","M","SUL","medio","baixo","alto",NA,"alto","medio","baixo","medio","medio","baixo"
2270269,201003,2010-03-01,2010,"03",10.1522842639594,0,10.1522842639594,"SMS HOSPITAL MUNICIPAL MIGUEL COUTO AP 21","ADMINISTRACAO PUBLICA","M","SUL","medio","baixo","alto",NA,"alto","baixo","baixo","medio","baixo","alto"
2270269,201004,2010-04-01,2010,"04",5.23560209424084,5.23560209424084,0,"SMS HOSPITAL MUNICIPAL MIGUEL COUTO AP 21","ADMINISTRACAO PUBLICA","M","SUL","medio","baixo","alto",NA,"alto","baixo","baixo","medio","medio","baixo"
2270269,201005,2010-05-01,2010,"05",5.52486187845304,5.52486187845304,0,"SMS HOSPITAL MUNICIPAL MIGUEL COUTO AP 21","ADMINISTRACAO PUBLICA","M","SUL","medio","baixo","alto",NA,"alto","alto","baixo","medio","medio","baixo"
2270269,201006,2010-06-01,2010,"06",0,0,0,"SMS HOSPITAL MUNICIPAL MIGUEL COUTO AP 21","ADMINISTRACAO PUBLICA","M","SUL","medio","baixo","alto",NA,"alto","baixo","baixo","baixo","baixo","baixo"
2270269,201007,2010-07-01,2010,"07",29.5566502463054,24.6305418719212,4.92610837438424,"SMS HOSPITAL MUNICIPAL MIGUEL COUTO AP 21","ADMINISTRACAO PUBLICA","M","SUL","medio","baixo","alto",NA,"alto","alto","baixo","alto","alto","alto"
2270269,201008,2010-08-01,2010,"08",5.95238095238095,5.95238095238095,0,"SMS HOSPITAL MUNICIPAL MIGUEL COUTO AP 21","ADMINISTRACAO PUBLICA","M","SUL","medio","baixo","alto",NA,"alto","medio","medio","medio","medio","baixo"
2270269,201009,2010-09-01,2010,"09",18.4049079754601,6.13496932515337,12.2699386503067,"SMS HOSPITAL MUNICIPAL MIGUEL COUTO AP 21","ADMINISTRACAO PUBLICA","M","SUL","medio","baixo","alto",NA,"alto","medio","baixo","alto","medio","alto"
2270269,201010,2010-10-01,2010,"10",24.6913580246914,18.5185185185185,6.17283950617284,"SMS HOSPITAL MUNICIPAL MIGUEL COUTO AP 21","ADMINISTRACAO PUBLICA","M","SUL","medio","baixo","alto",NA,"alto","medio","baixo","alto","alto","alto"
2270269,201011,2010-11-01,2010,"11",6.41025641025641,6.41025641025641,0,"SMS HOSPITAL MUNICIPAL MIGUEL COUTO AP 21","ADMINISTRACAO PUBLICA","M","SUL","medio","baixo","alto",NA,"alto","medio","baixo","medio","medio","baixo"
2270269,201012,2010-12-01,2010,"12",5.43478260869565,5.43478260869565,0,"SMS HOSPITAL MUNICIPAL MIGUEL COUTO AP 21","ADMINISTRACAO PUBLICA","M","SUL","medio","medio","alto",NA,"alto","baixo","baixo","medio","medio","baixo"
2270269,201101,2011-01-01,2011,"01",5.61797752808989,5.61797752808989,0,"SMS HOSPITAL MUNICIPAL MIGUEL COUTO AP 21","ADMINISTRACAO PUBLICA","M","SUL","medio","baixo","alto","medio","alto","medio","baixo","medio","medio","baixo"
2270269,201102,2011-02-01,2011,"02",12.8205128205128,6.41025641025641,6.41025641025641,"SMS HOSPITAL MUNICIPAL MIGUEL COUTO AP 21","ADMINISTRACAO PUBLICA","M","SUL","medio","baixo","alto","baixo","alto","alto","baixo","alto","medio","alto"
2270269,201103,2011-03-01,2011,"03",5.91715976331361,0,5.91715976331361,"SMS HOSPITAL MUNICIPAL MIGUEL COUTO AP 21","ADMINISTRACAO PUBLICA","M","SUL","medio","baixo","alto","baixo","alto","medio","baixo","medio","baixo","alto"
2270269,201104,2011-04-01,2011,"04",5.37634408602151,0,5.37634408602151,"SMS HOSPITAL MUNICIPAL MIGUEL COUTO AP 21","ADMINISTRACAO PUBLICA","M","SUL","medio","alto","alto","alto","alto","alto","baixo","medio","baixo","alto"
2270269,201105,2011-05-01,2011,"05",5.81395348837209,0,5.81395348837209,"SMS HOSPITAL MUNICIPAL MIGUEL COUTO AP 21","ADMINISTRACAO PUBLICA","M","SUL","medio","alto","alto","baixo","alto","baixo","baixo","medio","baixo","alto"
2270269,201106,2011-06-01,2011,"06",0,0,0,"SMS HOSPITAL MUNICIPAL MIGUEL COUTO AP 21","ADMINISTRACAO PUBLICA","M","SUL","medio","medio","alto","medio","alto","alto","baixo","baixo","baixo","baixo"
2270269,201107,2011-07-01,2011,"07",29.8507462686567,19.9004975124378,9.9502487562189,"SMS HOSPITAL MUNICIPAL MIGUEL COUTO AP 21","ADMINISTRACAO PUBLICA","M","SUL","medio","alto","alto","medio","alto","alto","baixo","alto","alto","alto"
2270269,201108,2011-08-01,2011,"08",0,0,0,"SMS HOSPITAL MUNICIPAL MIGUEL COUTO AP 21","ADMINISTRACAO PUBLICA","M","SUL","medio","alto","alto","baixo","alto","baixo","baixo","baixo","baixo","baixo"
2270269,201109,2011-09-01,2011,"09",28.169014084507,14.0845070422535,14.0845070422535,"SMS HOSPITAL MUNICIPAL MIGUEL COUTO AP 21","ADMINISTRACAO PUBLICA","M","SUL","medio","medio","alto","medio","alto","alto","medio","alto","alto","alto"
2270269,201110,2011-10-01,2011,"10",19.1082802547771,12.7388535031847,6.36942675159236,"SMS HOSPITAL MUNICIPAL MIGUEL COUTO AP 21","ADMINISTRACAO PUBLICA","M","SUL","medio","baixo","alto","baixo","medio","medio","baixo","alto","alto","alto"
2270269,201111,2011-11-01,2011,"11",24.5398773006135,24.5398773006135,0,"SMS HOSPITAL MUNICIPAL MIGUEL COUTO AP 21","ADMINISTRACAO PUBLICA","M","SUL","medio","medio","alto","medio","alto","medio","baixo","alto","alto","baixo"
2270269,201112,2011-12-01,2011,"12",15.7068062827225,15.7068062827225,0,"SMS HOSPITAL MUNICIPAL MIGUEL COUTO AP 21","ADMINISTRACAO PUBLICA","M","SUL","medio","medio","alto","medio","alto","medio","medio","alto","alto","baixo"
2270269,201201,2012-01-01,2012,"01",9.75609756097561,9.75609756097561,0,"SMS HOSPITAL MUNICIPAL MIGUEL COUTO AP 21","ADMINISTRACAO PUBLICA","M","SUL","medio","medio","alto",NA,"medio","alto","baixo","medio","alto","baixo"
2270269,201202,2012-02-01,2012,"02",5.43478260869565,5.43478260869565,0,"SMS HOSPITAL MUNICIPAL MIGUEL COUTO AP 21","ADMINISTRACAO PUBLICA","M","SUL","medio","medio","alto",NA,"medio","baixo","baixo","medio","medio","baixo"
2270269,201203,2012-03-01,2012,"03",4.5045045045045,4.5045045045045,0,"SMS HOSPITAL MUNICIPAL MIGUEL COUTO AP 21","ADMINISTRACAO PUBLICA","M","SUL","medio","medio","alto",NA,"alto","medio","baixo","medio","medio","baixo"
2270269,201204,2012-04-01,2012,"04",4.92610837438424,4.92610837438424,0,"SMS HOSPITAL MUNICIPAL MIGUEL COUTO AP 21","ADMINISTRACAO PUBLICA","M","SUL","medio","medio","alto",NA,"medio","medio","baixo","medio","medio","baixo"
2270269,201205,2012-05-01,2012,"05",19.7044334975369,19.7044334975369,0,"SMS HOSPITAL MUNICIPAL MIGUEL COUTO AP 21","ADMINISTRACAO PUBLICA","M","SUL","medio","baixo","alto",NA,"alto","alto","baixo","alto","alto","baixo"
2270269,201206,2012-06-01,2012,"06",5.81395348837209,5.81395348837209,0,"SMS HOSPITAL MUNICIPAL MIGUEL COUTO AP 21","ADMINISTRACAO PUBLICA","M","SUL","medio","baixo","medio",NA,"alto","baixo","baixo","medio","medio","baixo"
2270269,201207,2012-07-01,2012,"07",19.9004975124378,19.9004975124378,0,"SMS HOSPITAL MUNICIPAL MIGUEL COUTO AP 21","ADMINISTRACAO PUBLICA","M","SUL","medio","baixo","alto",NA,"alto","alto","baixo","alto","alto","baixo"
2270269,201208,2012-08-01,2012,"08",21.2765957446809,15.9574468085106,5.31914893617021,"SMS HOSPITAL MUNICIPAL MIGUEL COUTO AP 21","ADMINISTRACAO PUBLICA","M","SUL","medio","medio","medio",NA,"alto","medio","baixo","alto","alto","alto"
2270269,201209,2012-09-01,2012,"09",24.5098039215686,19.6078431372549,4.90196078431373,"SMS HOSPITAL MUNICIPAL MIGUEL COUTO AP 21","ADMINISTRACAO PUBLICA","M","SUL","medio","medio","medio",NA,"medio","alto","baixo","alto","alto","alto"
2270269,201210,2012-10-01,2012,"10",19.6078431372549,14.7058823529412,4.90196078431373,"SMS HOSPITAL MUNICIPAL MIGUEL COUTO AP 21","ADMINISTRACAO PUBLICA","M","SUL","medio","medio","medio",NA,"medio","medio","baixo","alto","alto","alto"
2270269,201211,2012-11-01,2012,"11",5.52486187845304,5.52486187845304,0,"SMS HOSPITAL MUNICIPAL MIGUEL COUTO AP 21","ADMINISTRACAO PUBLICA","M","SUL","medio","medio","medio",NA,"alto","alto","baixo","medio","medio","baixo"
2270269,201212,2012-12-01,2012,"12",11.8343195266272,0,11.8343195266272,"SMS HOSPITAL MUNICIPAL MIGUEL COUTO AP 21","ADMINISTRACAO PUBLICA","M","SUL","medio","medio","medio",NA,"alto","medio","baixo","alto","baixo","alto"
2270269,201301,2013-01-01,2013,"01",19.4174757281553,19.4174757281553,0,"SMS HOSPITAL MUNICIPAL MIGUEL COUTO AP 21","ADMINISTRACAO PUBLICA","M","SUL","medio","baixo","medio","baixo","medio","alto","baixo","alto","alto","baixo"
2270269,201302,2013-02-01,2013,"02",10.5820105820106,0,10.5820105820106,"SMS HOSPITAL MUNICIPAL MIGUEL COUTO AP 21","ADMINISTRACAO PUBLICA","M","SUL","medio","baixo","medio","baixo","alto","medio","baixo","medio","baixo","alto"
2270269,201303,2013-03-01,2013,"03",5.05050505050505,0,5.05050505050505,"SMS HOSPITAL MUNICIPAL MIGUEL COUTO AP 21","ADMINISTRACAO PUBLICA","M","SUL","medio","medio","medio","medio","alto","medio","baixo","medio","baixo","alto"
2270269,201304,2013-04-01,2013,"04",5.0251256281407,0,5.0251256281407,"SMS HOSPITAL MUNICIPAL MIGUEL COUTO AP 21","ADMINISTRACAO PUBLICA","M","SUL","medio","medio","medio","medio","alto","medio","baixo","medio","baixo","alto"
2270269,201305,2013-05-01,2013,"05",13.5746606334842,9.04977375565611,4.52488687782806,"SMS HOSPITAL MUNICIPAL MIGUEL COUTO AP 21","ADMINISTRACAO PUBLICA","M","SUL","medio","medio","medio","medio","alto","medio","baixo","alto","alto","alto"
2270269,201306,2013-06-01,2013,"06",18.957345971564,14.218009478673,4.739336492891,"SMS HOSPITAL MUNICIPAL MIGUEL COUTO AP 21","ADMINISTRACAO PUBLICA","M","SUL","medio","medio","alto","medio","alto","alto","baixo","alto","alto","alto"
2270269,201307,2013-07-01,2013,"07",14.7058823529412,4.90196078431373,9.80392156862745,"SMS HOSPITAL MUNICIPAL MIGUEL COUTO AP 21","ADMINISTRACAO PUBLICA","M","SUL","medio","alto","medio","baixo","alto","baixo","baixo","alto","medio","alto"
2270269,201308,2013-08-01,2013,"08",10.4166666666667,10.4166666666667,0,"SMS HOSPITAL MUNICIPAL MIGUEL COUTO AP 21","ADMINISTRACAO PUBLICA","M","SUL","medio","baixo","medio","baixo","alto","medio","baixo","medio","alto","baixo"
2270269,201309,2013-09-01,2013,"09",0,0,0,"SMS HOSPITAL MUNICIPAL MIGUEL COUTO AP 21","ADMINISTRACAO PUBLICA","M","SUL","medio","baixo","medio","baixo","medio","baixo","baixo","baixo","baixo","baixo"
2270269,201310,2013-10-01,2013,"10",0,0,0,"SMS HOSPITAL MUNICIPAL MIGUEL COUTO AP 21","ADMINISTRACAO PUBLICA","M","SUL","medio","medio","medio","baixo","alto","baixo","baixo","baixo","baixo","baixo"
2270269,201311,2013-11-01,2013,"11",0,0,0,"SMS HOSPITAL MUNICIPAL MIGUEL COUTO AP 21","ADMINISTRACAO PUBLICA","M","SUL","medio","baixo","medio","medio","alto","baixo","medio","baixo","baixo","baixo"
2270269,201312,2013-12-01,2013,"12",9.85221674876847,9.85221674876847,0,"SMS HOSPITAL MUNICIPAL MIGUEL COUTO AP 21","ADMINISTRACAO PUBLICA","M","SUL","medio","alto","medio","baixo","medio","alto","baixo","medio","alto","baixo"
2270269,201401,2014-01-01,2014,"01",17.9372197309417,4.48430493273543,13.4529147982063,"SMS HOSPITAL MUNICIPAL MIGUEL COUTO AP 21","ADMINISTRACAO PUBLICA","M","SUL","medio","alto","medio","medio","medio","alto","baixo","alto","medio","alto"
2270269,201402,2014-02-01,2014,"02",4.5662100456621,4.5662100456621,0,"SMS HOSPITAL MUNICIPAL MIGUEL COUTO AP 21","ADMINISTRACAO PUBLICA","M","SUL","medio","alto","medio","baixo","medio","alto","baixo","medio","medio","baixo"
2270269,201403,2014-03-01,2014,"03",0,0,0,"SMS HOSPITAL MUNICIPAL MIGUEL COUTO AP 21","ADMINISTRACAO PUBLICA","M","SUL","medio","medio","medio","baixo","medio","baixo","baixo","baixo","baixo","baixo"
2270269,201404,2014-04-01,2014,"04",12.7659574468085,8.51063829787234,4.25531914893617,"SMS HOSPITAL MUNICIPAL MIGUEL COUTO AP 21","ADMINISTRACAO PUBLICA","M","SUL","medio","baixo","medio","baixo","alto","medio","baixo","alto","alto","alto"
2270269,201405,2014-05-01,2014,"05",5.15463917525773,5.15463917525773,0,"SMS HOSPITAL MUNICIPAL MIGUEL COUTO AP 21","ADMINISTRACAO PUBLICA","M","SUL","medio","baixo","medio","baixo","alto","alto","medio","medio","medio","baixo"
2270269,201406,2014-06-01,2014,"06",15.8730158730159,15.8730158730159,0,"SMS HOSPITAL MUNICIPAL MIGUEL COUTO AP 21","ADMINISTRACAO PUBLICA","M","SUL","medio","alto","medio","medio","alto","medio","baixo","alto","alto","baixo"
2270269,201407,2014-07-01,2014,"07",13.4529147982063,4.48430493273543,8.96860986547085,"SMS HOSPITAL MUNICIPAL MIGUEL COUTO AP 21","ADMINISTRACAO PUBLICA","M","SUL","medio","alto","medio","baixo","medio","medio","baixo","alto","medio","alto"
2270269,201408,2014-08-01,2014,"08",26.4550264550265,21.1640211640212,5.29100529100529,"SMS HOSPITAL MUNICIPAL MIGUEL COUTO AP 21","ADMINISTRACAO PUBLICA","M","SUL","medio","medio","medio","baixo","medio","alto","baixo","alto","alto","alto"
2270269,201409,2014-09-01,2014,"09",4.8780487804878,4.8780487804878,0,"SMS HOSPITAL MUNICIPAL MIGUEL COUTO AP 21","ADMINISTRACAO PUBLICA","M","SUL","medio","baixo","medio","baixo","alto","baixo","baixo","medio","medio","baixo"
2270269,201410,2014-10-01,2014,"10",0,0,0,"SMS HOSPITAL MUNICIPAL MIGUEL COUTO AP 21","ADMINISTRACAO PUBLICA","M","SUL","medio","medio","medio","baixo","medio","medio","baixo","baixo","baixo","baixo"
2270269,201411,2014-11-01,2014,"11",4.58715596330275,4.58715596330275,0,"SMS HOSPITAL MUNICIPAL MIGUEL COUTO AP 21","ADMINISTRACAO PUBLICA","M","SUL","medio","medio","medio","baixo","medio","baixo","baixo","medio","medio","baixo"
2270269,201412,2014-12-01,2014,"12",4.23728813559322,0,4.23728813559322,"SMS HOSPITAL MUNICIPAL MIGUEL COUTO AP 21","ADMINISTRACAO PUBLICA","M","SUL","medio","baixo","medio","baixo","medio","medio","baixo","medio","baixo","alto"
2270269,201501,2015-01-01,2015,"01",0,0,0,"SMS HOSPITAL MUNICIPAL MIGUEL COUTO AP 21","ADMINISTRACAO PUBLICA","M","SUL","medio","alto","medio","medio","alto","medio","baixo","baixo","baixo","baixo"
2270269,201502,2015-02-01,2015,"02",0,0,0,"SMS HOSPITAL MUNICIPAL MIGUEL COUTO AP 21","ADMINISTRACAO PUBLICA","M","SUL","medio","medio","baixo","baixo","alto","baixo","baixo","baixo","baixo","baixo"
2270269,201503,2015-03-01,2015,"03",8.06451612903226,4.03225806451613,4.03225806451613,"SMS HOSPITAL MUNICIPAL MIGUEL COUTO AP 21","ADMINISTRACAO PUBLICA","M","SUL","medio","alto","medio","baixo","medio","baixo","baixo","medio","medio","alto"
2270269,201504,2015-04-01,2015,"04",0,0,0,"SMS HOSPITAL MUNICIPAL MIGUEL COUTO AP 21","ADMINISTRACAO PUBLICA","M","SUL","medio","medio","baixo","baixo","alto","medio","medio","baixo","baixo","baixo"
2270269,201505,2015-05-01,2015,"05",4.40528634361234,0,4.40528634361234,"SMS HOSPITAL MUNICIPAL MIGUEL COUTO AP 21","ADMINISTRACAO PUBLICA","M","SUL","medio","medio","medio","medio","alto","alto","medio","medio","baixo","alto"
2270269,201506,2015-06-01,2015,"06",9.56937799043062,9.56937799043062,0,"SMS HOSPITAL MUNICIPAL MIGUEL COUTO AP 21","ADMINISTRACAO PUBLICA","M","SUL","medio","medio","medio","baixo","alto","alto","medio","medio","alto","baixo"
2270269,201507,2015-07-01,2015,"07",4.44444444444444,0,4.44444444444444,"SMS HOSPITAL MUNICIPAL MIGUEL COUTO AP 21","ADMINISTRACAO PUBLICA","M","SUL","medio","alto","medio","baixo","alto","baixo","baixo","medio","baixo","alto"
2270269,201508,2015-08-01,2015,"08",10,0,10,"SMS HOSPITAL MUNICIPAL MIGUEL COUTO AP 21","ADMINISTRACAO PUBLICA","M","SUL","medio","baixo","baixo","baixo","medio","alto","baixo","medio","baixo","alto"
2270269,201509,2015-09-01,2015,"09",9.85221674876847,4.92610837438424,4.92610837438424,"SMS HOSPITAL MUNICIPAL MIGUEL COUTO AP 21","ADMINISTRACAO PUBLICA","M","SUL","medio","medio","baixo","medio","medio","medio","medio","medio","medio","alto"
2270269,201510,2015-10-01,2015,"10",0,0,0,"SMS HOSPITAL MUNICIPAL MIGUEL COUTO AP 21","ADMINISTRACAO PUBLICA","M","SUL","medio","baixo","baixo","alto","medio","baixo","medio","baixo","baixo","baixo"
2270269,201511,2015-11-01,2015,"11",5.37634408602151,5.37634408602151,0,"SMS HOSPITAL MUNICIPAL MIGUEL COUTO AP 21","ADMINISTRACAO PUBLICA","M","SUL","medio","medio","baixo","baixo","medio","medio","baixo","medio","medio","baixo"
2270269,201512,2015-12-01,2015,"12",9.85221674876847,9.85221674876847,0,"SMS HOSPITAL MUNICIPAL MIGUEL COUTO AP 21","ADMINISTRACAO PUBLICA","M","SUL","medio","medio","baixo","baixo","medio","medio","medio","medio","alto","baixo"
2270269,201601,2016-01-01,2016,"01",8.13008130081301,8.13008130081301,0,"SMS HOSPITAL MUNICIPAL MIGUEL COUTO AP 21","ADMINISTRACAO PUBLICA","M","SUL","medio","alto","baixo","medio","alto","baixo","baixo","medio","medio","baixo"
2270269,201602,2016-02-01,2016,"02",15.5440414507772,10.3626943005181,5.18134715025907,"SMS HOSPITAL MUNICIPAL MIGUEL COUTO AP 21","ADMINISTRACAO PUBLICA","M","SUL","medio","alto","baixo","baixo","medio","medio","medio","alto","alto","alto"
2270269,201603,2016-03-01,2016,"03",14.018691588785,14.018691588785,0,"SMS HOSPITAL MUNICIPAL MIGUEL COUTO AP 21","ADMINISTRACAO PUBLICA","M","SUL","medio","alto","baixo","medio","alto","alto","medio","alto","alto","baixo"
2270269,201604,2016-04-01,2016,"04",0,0,0,"SMS HOSPITAL MUNICIPAL MIGUEL COUTO AP 21","ADMINISTRACAO PUBLICA","M","SUL","medio","medio","baixo","baixo","medio","medio","medio","baixo","baixo","baixo"
2270269,201605,2016-05-01,2016,"05",5.20833333333333,0,5.20833333333333,"SMS HOSPITAL MUNICIPAL MIGUEL COUTO AP 21","ADMINISTRACAO PUBLICA","M","SUL","medio","medio","baixo","baixo","alto","medio","baixo","medio","baixo","alto"
2270269,201606,2016-06-01,2016,"06",4.5045045045045,4.5045045045045,0,"SMS HOSPITAL MUNICIPAL MIGUEL COUTO AP 21","ADMINISTRACAO PUBLICA","M","SUL","medio","medio","baixo","medio","alto","medio","medio","medio","medio","baixo"
2270269,201607,2016-07-01,2016,"07",0,0,0,"SMS HOSPITAL MUNICIPAL MIGUEL COUTO AP 21","ADMINISTRACAO PUBLICA","M","SUL","medio","alto","baixo","alto","medio","medio","medio","baixo","baixo","baixo"
2270269,201608,2016-08-01,2016,"08",5.31914893617021,5.31914893617021,0,"SMS HOSPITAL MUNICIPAL MIGUEL COUTO AP 21","ADMINISTRACAO PUBLICA","M","SUL","medio","medio","baixo","alto","alto","medio","medio","medio","medio","baixo"
2270269,201609,2016-09-01,2016,"09",5,5,0,"SMS HOSPITAL MUNICIPAL MIGUEL COUTO AP 21","ADMINISTRACAO PUBLICA","M","SUL","medio","baixo","baixo","baixo","alto","medio","medio","medio","medio","baixo"
2270269,201610,2016-10-01,2016,"10",5.29100529100529,5.29100529100529,0,"SMS HOSPITAL MUNICIPAL MIGUEL COUTO AP 21","ADMINISTRACAO PUBLICA","M","SUL","medio","medio","baixo","medio","alto","alto","baixo","medio","medio","baixo"
2270269,201611,2016-11-01,2016,"11",10.0502512562814,10.0502512562814,0,"SMS HOSPITAL MUNICIPAL MIGUEL COUTO AP 21","ADMINISTRACAO PUBLICA","M","SUL","medio","medio","baixo","medio","alto","medio","medio","medio","alto","baixo"
2270269,201612,2016-12-01,2016,"12",10.3092783505155,5.15463917525773,5.15463917525773,"SMS HOSPITAL MUNICIPAL MIGUEL COUTO AP 21","ADMINISTRACAO PUBLICA","M","SUL","medio","alto","baixo","baixo","alto","medio","medio","medio","medio","alto"
2270269,201701,2017-01-01,2017,"01",0,0,0,"SMS HOSPITAL MUNICIPAL MIGUEL COUTO AP 21","ADMINISTRACAO PUBLICA","M","SUL","medio","alto","baixo","medio","alto","alto","baixo","baixo","baixo","baixo"
2270269,201702,2017-02-01,2017,"02",13.6986301369863,0,13.6986301369863,"SMS HOSPITAL MUNICIPAL MIGUEL COUTO AP 21","ADMINISTRACAO PUBLICA","M","SUL","medio","alto","baixo","baixo","alto","medio","baixo","alto","baixo","alto"
2270269,201703,2017-03-01,2017,"03",3.95256916996047,0,3.95256916996047,"SMS HOSPITAL MUNICIPAL MIGUEL COUTO AP 21","ADMINISTRACAO PUBLICA","M","SUL","medio","alto","baixo","baixo","medio","baixo","medio","medio","baixo","alto"
2270269,201704,2017-04-01,2017,"04",0,0,0,"SMS HOSPITAL MUNICIPAL MIGUEL COUTO AP 21","ADMINISTRACAO PUBLICA","M","SUL","medio","alto","baixo","medio","alto","medio","baixo","baixo","baixo","baixo"
2270269,201705,2017-05-01,2017,"05",3.89105058365759,3.89105058365759,0,"SMS HOSPITAL MUNICIPAL MIGUEL COUTO AP 21","ADMINISTRACAO PUBLICA","M","SUL","medio","medio","baixo","medio","alto","baixo","medio","medio","medio","baixo"
2270269,201706,2017-06-01,2017,"06",4.42477876106195,4.42477876106195,0,"SMS HOSPITAL MUNICIPAL MIGUEL COUTO AP 21","ADMINISTRACAO PUBLICA","M","SUL","medio","medio","baixo","medio","alto","medio","medio","medio","medio","baixo"
2270269,201707,2017-07-01,2017,"07",0,0,0,"SMS HOSPITAL MUNICIPAL MIGUEL COUTO AP 21","ADMINISTRACAO PUBLICA","M","SUL","medio","medio","baixo","baixo","medio","medio","medio","baixo","baixo","baixo"
2270269,201708,2017-08-01,2017,"08",4.80769230769231,0,4.80769230769231,"SMS HOSPITAL MUNICIPAL MIGUEL COUTO AP 21","ADMINISTRACAO PUBLICA","M","SUL","medio","medio","baixo","medio","alto","medio","medio","medio","baixo","alto"
2270269,201709,2017-09-01,2017,"09",21.2765957446809,15.9574468085106,5.31914893617021,"SMS HOSPITAL MUNICIPAL MIGUEL COUTO AP 21","ADMINISTRACAO PUBLICA","M","SUL","medio","medio","baixo","medio","alto","medio","medio","alto","alto","alto"
2270269,201710,2017-10-01,2017,"10",5.07614213197969,0,5.07614213197969,"SMS HOSPITAL MUNICIPAL MIGUEL COUTO AP 21","ADMINISTRACAO PUBLICA","M","SUL","medio","medio","baixo","medio","medio","medio","baixo","medio","baixo","alto"
2270269,201711,2017-11-01,2017,"11",5.64971751412429,5.64971751412429,0,"SMS HOSPITAL MUNICIPAL MIGUEL COUTO AP 21","ADMINISTRACAO PUBLICA","M","SUL","medio","medio","baixo","baixo","medio","baixo","medio","medio","medio","baixo"
2270269,201712,2017-12-01,2017,"12",4.76190476190476,4.76190476190476,0,"SMS HOSPITAL MUNICIPAL MIGUEL COUTO AP 21","ADMINISTRACAO PUBLICA","M","SUL","medio","medio","baixo","baixo","medio","medio","medio","medio","medio","baixo"
2270390,200601,2006-01-01,2006,"01",17.921146953405,7.16845878136201,10.752688172043,"SMS HOSPITAL MATERNIDADE HERCULANO PINHEIRO AP 33","ADMINISTRACAO PUBLICA","M","NORTE","medio","baixo","alto","baixo","alto","alto","baixo","alto","medio","alto"
2270390,200602,2006-02-01,2006,"02",7.84313725490196,3.92156862745098,3.92156862745098,"SMS HOSPITAL MATERNIDADE HERCULANO PINHEIRO AP 33","ADMINISTRACAO PUBLICA","M","NORTE","medio","medio","alto","baixo","alto","alto","baixo","medio","medio","alto"
2270390,200603,2006-03-01,2006,"03",3.19488817891374,0,3.19488817891374,"SMS HOSPITAL MATERNIDADE HERCULANO PINHEIRO AP 33","ADMINISTRACAO PUBLICA","M","NORTE","medio","baixo","alto","medio","alto","medio","baixo","baixo","baixo","alto"
2270390,200604,2006-04-01,2006,"04",11.142061281337,11.142061281337,0,"SMS HOSPITAL MATERNIDADE HERCULANO PINHEIRO AP 33","ADMINISTRACAO PUBLICA","M","NORTE","alto","baixo","alto","medio","alto","medio","baixo","medio","alto","baixo"
2270390,200605,2006-05-01,2006,"05",16.304347826087,8.15217391304348,8.15217391304348,"SMS HOSPITAL MATERNIDADE HERCULANO PINHEIRO AP 33","ADMINISTRACAO PUBLICA","M","NORTE","alto","baixo","alto","baixo","alto","medio","baixo","alto","medio","alto"
2270390,200606,2006-06-01,2006,"06",11.3636363636364,2.84090909090909,8.52272727272727,"SMS HOSPITAL MATERNIDADE HERCULANO PINHEIRO AP 33","ADMINISTRACAO PUBLICA","M","NORTE","alto","baixo","alto","baixo","alto","alto","baixo","alto","medio","alto"
2270390,200607,2006-07-01,2006,"07",8.69565217391304,8.69565217391304,0,"SMS HOSPITAL MATERNIDADE HERCULANO PINHEIRO AP 33","ADMINISTRACAO PUBLICA","M","NORTE","medio","baixo","alto","medio","alto","medio","baixo","medio","alto","baixo"
2270390,200608,2006-08-01,2006,"08",9.70873786407767,9.70873786407767,0,"SMS HOSPITAL MATERNIDADE HERCULANO PINHEIRO AP 33","ADMINISTRACAO PUBLICA","M","NORTE","medio","baixo","alto","baixo","alto","medio","baixo","medio","alto","baixo"
2270390,200609,2006-09-01,2006,"09",17.910447761194,17.910447761194,0,"SMS HOSPITAL MATERNIDADE HERCULANO PINHEIRO AP 33","ADMINISTRACAO PUBLICA","M","NORTE","medio","baixo","alto","baixo","alto","medio","baixo","alto","alto","baixo"
2270390,200610,2006-10-01,2006,"10",6.73400673400673,3.36700336700337,3.36700336700337,"SMS HOSPITAL MATERNIDADE HERCULANO PINHEIRO AP 33","ADMINISTRACAO PUBLICA","M","NORTE","medio","baixo","alto","baixo","alto","medio","baixo","medio","medio","alto"
2270390,200611,2006-11-01,2006,"11",9.96677740863787,6.64451827242525,3.32225913621262,"SMS HOSPITAL MATERNIDADE HERCULANO PINHEIRO AP 33","ADMINISTRACAO PUBLICA","M","NORTE","medio","baixo","alto","baixo","alto","alto","baixo","medio","medio","alto"
2270390,200612,2006-12-01,2006,"12",15.7728706624606,12.6182965299685,3.15457413249211,"SMS HOSPITAL MATERNIDADE HERCULANO PINHEIRO AP 33","ADMINISTRACAO PUBLICA","M","NORTE","medio","baixo","alto","baixo","alto","alto","baixo","alto","alto","alto"
2270390,200701,2007-01-01,2007,"01",8.7463556851312,5.83090379008746,2.91545189504373,"SMS HOSPITAL MATERNIDADE HERCULANO PINHEIRO AP 33","ADMINISTRACAO PUBLICA","M","NORTE","medio","baixo","alto",NA,"alto","baixo","baixo","medio","medio","alto"
2270390,200702,2007-02-01,2007,"02",2.8735632183908,2.8735632183908,0,"SMS HOSPITAL MATERNIDADE HERCULANO PINHEIRO AP 33","ADMINISTRACAO PUBLICA","M","NORTE","alto","baixo","alto",NA,"alto","medio","baixo","baixo","medio","baixo"
2270390,200703,2007-03-01,2007,"03",5.15463917525773,5.15463917525773,0,"SMS HOSPITAL MATERNIDADE HERCULANO PINHEIRO AP 33","ADMINISTRACAO PUBLICA","M","NORTE","alto","baixo","alto",NA,"alto","baixo","baixo","medio","medio","baixo"
2270390,200704,2007-04-01,2007,"04",11.142061281337,8.35654596100279,2.78551532033426,"SMS HOSPITAL MATERNIDADE HERCULANO PINHEIRO AP 33","ADMINISTRACAO PUBLICA","M","NORTE","alto","baixo","alto",NA,"alto","medio","baixo","medio","alto","alto"
2270390,200705,2007-05-01,2007,"05",9.9009900990099,4.95049504950495,4.95049504950495,"SMS HOSPITAL MATERNIDADE HERCULANO PINHEIRO AP 33","ADMINISTRACAO PUBLICA","M","NORTE","alto","baixo","alto",NA,"alto","medio","baixo","medio","medio","alto"
2270390,200706,2007-06-01,2007,"06",0,0,0,"SMS HOSPITAL MATERNIDADE HERCULANO PINHEIRO AP 33","ADMINISTRACAO PUBLICA","M","NORTE","alto","baixo","alto",NA,"alto","medio","baixo","baixo","baixo","baixo"
2270390,200707,2007-07-01,2007,"07",2.64550264550265,2.64550264550265,0,"SMS HOSPITAL MATERNIDADE HERCULANO PINHEIRO AP 33","ADMINISTRACAO PUBLICA","M","NORTE","alto","baixo","alto",NA,"alto","alto","baixo","baixo","medio","baixo"
2270390,200708,2007-08-01,2007,"08",9.14634146341463,6.09756097560976,3.04878048780488,"SMS HOSPITAL MATERNIDADE HERCULANO PINHEIRO AP 33","ADMINISTRACAO PUBLICA","M","NORTE","medio","baixo","alto",NA,"alto","medio","baixo","medio","medio","alto"
2270390,200709,2007-09-01,2007,"09",9.06344410876133,9.06344410876133,0,"SMS HOSPITAL MATERNIDADE HERCULANO PINHEIRO AP 33","ADMINISTRACAO PUBLICA","M","NORTE","medio","baixo","alto",NA,"alto","alto","baixo","medio","alto","baixo"
2270390,200710,2007-10-01,2007,"10",9.34579439252336,6.23052959501558,3.11526479750779,"SMS HOSPITAL MATERNIDADE HERCULANO PINHEIRO AP 33","ADMINISTRACAO PUBLICA","M","NORTE","medio","baixo","alto",NA,"alto","baixo","baixo","medio","medio","alto"
2270390,200711,2007-11-01,2007,"11",2.8735632183908,2.8735632183908,0,"SMS HOSPITAL MATERNIDADE HERCULANO PINHEIRO AP 33","ADMINISTRACAO PUBLICA","M","NORTE","alto","baixo","alto",NA,"alto","medio","baixo","baixo","medio","baixo"
2270390,200712,2007-12-01,2007,"12",14.4508670520231,14.4508670520231,0,"SMS HOSPITAL MATERNIDADE HERCULANO PINHEIRO AP 33","ADMINISTRACAO PUBLICA","M","NORTE","medio","baixo","alto",NA,"alto","alto","baixo","alto","alto","baixo"
2270390,200801,2008-01-01,2008,"01",13.0718954248366,13.0718954248366,0,"SMS HOSPITAL MATERNIDADE HERCULANO PINHEIRO AP 33","ADMINISTRACAO PUBLICA","M","NORTE","medio","baixo","alto","baixo","alto","alto","baixo","alto","alto","baixo"
2270390,200802,2008-02-01,2008,"02",9.93377483443709,6.62251655629139,3.3112582781457,"SMS HOSPITAL MATERNIDADE HERCULANO PINHEIRO AP 33","ADMINISTRACAO PUBLICA","M","NORTE","medio","baixo","alto","baixo","alto","medio","baixo","medio","medio","alto"
2270390,200803,2008-03-01,2008,"03",2.84090909090909,2.84090909090909,0,"SMS HOSPITAL MATERNIDADE HERCULANO PINHEIRO AP 33","ADMINISTRACAO PUBLICA","M","NORTE","alto","baixo","alto","baixo","alto","baixo","baixo","baixo","medio","baixo"
2270390,200804,2008-04-01,2008,"04",6.15384615384615,3.07692307692308,3.07692307692308,"SMS HOSPITAL MATERNIDADE HERCULANO PINHEIRO AP 33","ADMINISTRACAO PUBLICA","M","NORTE","medio","baixo","alto","baixo","alto","medio","baixo","medio","medio","alto"
2270390,200805,2008-05-01,2008,"05",5.3475935828877,5.3475935828877,0,"SMS HOSPITAL MATERNIDADE HERCULANO PINHEIRO AP 33","ADMINISTRACAO PUBLICA","M","NORTE","medio","baixo","alto","baixo","alto","baixo","baixo","medio","medio","baixo"
2270390,200806,2008-06-01,2008,"06",10.1351351351351,0,10.1351351351351,"SMS HOSPITAL MATERNIDADE HERCULANO PINHEIRO AP 33","ADMINISTRACAO PUBLICA","M","NORTE","medio","baixo","alto","baixo","alto","medio","baixo","medio","baixo","alto"
2270390,200807,2008-07-01,2008,"07",9.28792569659443,9.28792569659443,0,"SMS HOSPITAL MATERNIDADE HERCULANO PINHEIRO AP 33","ADMINISTRACAO PUBLICA","M","NORTE","medio","baixo","alto","baixo","alto","medio","baixo","medio","alto","baixo"
2270390,200808,2008-08-01,2008,"08",27.027027027027,10.1351351351351,16.8918918918919,"SMS HOSPITAL MATERNIDADE HERCULANO PINHEIRO AP 33","ADMINISTRACAO PUBLICA","M","NORTE","medio","baixo","alto","baixo","alto","alto","baixo","alto","alto","alto"
2270390,200809,2008-09-01,2008,"09",9.04977375565611,9.04977375565611,0,"SMS HOSPITAL MATERNIDADE HERCULANO PINHEIRO AP 33","ADMINISTRACAO PUBLICA","M","NORTE","medio","baixo","alto","baixo","alto","baixo","baixo","medio","alto","baixo"
2270390,200810,2008-10-01,2008,"10",22.8136882129278,19.0114068441065,3.80228136882129,"SMS HOSPITAL MATERNIDADE HERCULANO PINHEIRO AP 33","ADMINISTRACAO PUBLICA","M","NORTE","medio","baixo","alto","baixo","alto","medio","baixo","alto","alto","alto"
2270390,200811,2008-11-01,2008,"11",8,4,4,"SMS HOSPITAL MATERNIDADE HERCULANO PINHEIRO AP 33","ADMINISTRACAO PUBLICA","M","NORTE","medio","baixo","alto","baixo","alto","alto","baixo","medio","medio","alto"
2270390,200812,2008-12-01,2008,"12",0,0,0,"SMS HOSPITAL MATERNIDADE HERCULANO PINHEIRO AP 33","ADMINISTRACAO PUBLICA","M","NORTE","medio","baixo","alto","baixo","alto","alto","baixo","baixo","baixo","baixo"
2270390,200901,2009-01-01,2009,"01",7.27272727272727,7.27272727272727,0,"SMS HOSPITAL MATERNIDADE HERCULANO PINHEIRO AP 33","ADMINISTRACAO PUBLICA","M","NORTE","medio","baixo","alto",NA,"alto","baixo","baixo","medio","medio","baixo"
2270390,200902,2009-02-01,2009,"02",7.2463768115942,7.2463768115942,0,"SMS HOSPITAL MATERNIDADE HERCULANO PINHEIRO AP 33","ADMINISTRACAO PUBLICA","M","NORTE","medio","baixo","alto",NA,"alto","medio","baixo","medio","medio","baixo"
2270390,200903,2009-03-01,2009,"03",0,0,0,"SMS HOSPITAL MATERNIDADE HERCULANO PINHEIRO AP 33","ADMINISTRACAO PUBLICA","M","NORTE","medio","baixo","alto",NA,"alto","medio","baixo","baixo","baixo","baixo"
2270390,200904,2009-04-01,2009,"04",15.4798761609907,12.3839009287926,3.09597523219814,"SMS HOSPITAL MATERNIDADE HERCULANO PINHEIRO AP 33","ADMINISTRACAO PUBLICA","M","NORTE","medio","baixo","alto",NA,"alto","medio","baixo","alto","alto","alto"
2270390,200905,2009-05-01,2009,"05",6.71140939597315,6.71140939597315,0,"SMS HOSPITAL MATERNIDADE HERCULANO PINHEIRO AP 33","ADMINISTRACAO PUBLICA","M","NORTE","medio","baixo","alto",NA,"alto","medio","baixo","medio","medio","baixo"
2270390,200906,2009-06-01,2009,"06",22.140221402214,14.760147601476,7.38007380073801,"SMS HOSPITAL MATERNIDADE HERCULANO PINHEIRO AP 33","ADMINISTRACAO PUBLICA","M","NORTE","medio","baixo","alto",NA,"alto","alto","baixo","alto","alto","alto"
2270390,200907,2009-07-01,2009,"07",7.40740740740741,7.40740740740741,0,"SMS HOSPITAL MATERNIDADE HERCULANO PINHEIRO AP 33","ADMINISTRACAO PUBLICA","M","NORTE","medio","baixo","alto",NA,"alto","alto","baixo","medio","medio","baixo"
2270390,200908,2009-08-01,2009,"08",4.0650406504065,0,4.0650406504065,"SMS HOSPITAL MATERNIDADE HERCULANO PINHEIRO AP 33","ADMINISTRACAO PUBLICA","M","NORTE","medio","baixo","alto",NA,"alto","baixo","baixo","medio","baixo","alto"
2270390,200909,2009-09-01,2009,"09",13.6518771331058,13.6518771331058,0,"SMS HOSPITAL MATERNIDADE HERCULANO PINHEIRO AP 33","ADMINISTRACAO PUBLICA","M","NORTE","medio","baixo","alto",NA,"alto","alto","baixo","alto","alto","baixo"
2270390,200910,2009-10-01,2009,"10",7.57575757575758,3.78787878787879,3.78787878787879,"SMS HOSPITAL MATERNIDADE HERCULANO PINHEIRO AP 33","ADMINISTRACAO PUBLICA","M","NORTE","medio","baixo","alto",NA,"alto","medio","baixo","medio","medio","alto"
2270390,200911,2009-11-01,2009,"11",9.1743119266055,9.1743119266055,0,"SMS HOSPITAL MATERNIDADE HERCULANO PINHEIRO AP 33","ADMINISTRACAO PUBLICA","M","NORTE","medio","baixo","alto",NA,"alto","medio","baixo","medio","alto","baixo"
2270390,200912,2009-12-01,2009,"12",27.5590551181102,19.6850393700787,7.8740157480315,"SMS HOSPITAL MATERNIDADE HERCULANO PINHEIRO AP 33","ADMINISTRACAO PUBLICA","M","NORTE","medio","baixo","alto",NA,"alto","alto","baixo","alto","alto","alto"
2270390,201001,2010-01-01,2010,"01",3.6231884057971,3.6231884057971,0,"SMS HOSPITAL MATERNIDADE HERCULANO PINHEIRO AP 33","ADMINISTRACAO PUBLICA","M","NORTE","medio","baixo","alto",NA,"alto","baixo","baixo","medio","medio","baixo"
2270390,201002,2010-02-01,2010,"02",3.17460317460317,3.17460317460317,0,"SMS HOSPITAL MATERNIDADE HERCULANO PINHEIRO AP 33","ADMINISTRACAO PUBLICA","M","NORTE","medio","baixo","alto",NA,"alto","medio","baixo","baixo","medio","baixo"
2270390,201003,2010-03-01,2010,"03",12.6984126984127,9.52380952380953,3.17460317460317,"SMS HOSPITAL MATERNIDADE HERCULANO PINHEIRO AP 33","ADMINISTRACAO PUBLICA","M","NORTE","medio","baixo","alto",NA,"alto","medio","baixo","alto","alto","alto"
2270390,201004,2010-04-01,2010,"04",6.75675675675676,3.37837837837838,3.37837837837838,"SMS HOSPITAL MATERNIDADE HERCULANO PINHEIRO AP 33","ADMINISTRACAO PUBLICA","M","NORTE","medio","baixo","alto",NA,"alto","alto","baixo","medio","medio","alto"
2270390,201005,2010-05-01,2010,"05",6.99300699300699,6.99300699300699,0,"SMS HOSPITAL MATERNIDADE HERCULANO PINHEIRO AP 33","ADMINISTRACAO PUBLICA","M","NORTE","medio","baixo","alto",NA,"alto","medio","baixo","medio","medio","baixo"
2270390,201006,2010-06-01,2010,"06",13.840830449827,10.3806228373702,3.46020761245675,"SMS HOSPITAL MATERNIDADE HERCULANO PINHEIRO AP 33","ADMINISTRACAO PUBLICA","M","NORTE","medio","baixo","alto",NA,"alto","medio","baixo","alto","alto","alto"
2270390,201007,2010-07-01,2010,"07",7.72200772200772,7.72200772200772,0,"SMS HOSPITAL MATERNIDADE HERCULANO PINHEIRO AP 33","ADMINISTRACAO PUBLICA","M","NORTE","medio","baixo","alto",NA,"alto","medio","baixo","medio","medio","baixo"
2270390,201008,2010-08-01,2010,"08",20.4081632653061,16.3265306122449,4.08163265306122,"SMS HOSPITAL MATERNIDADE HERCULANO PINHEIRO AP 33","ADMINISTRACAO PUBLICA","M","NORTE","medio","baixo","alto",NA,"alto","alto","baixo","alto","alto","alto"
2270390,201009,2010-09-01,2010,"09",7.60456273764259,7.60456273764259,0,"SMS HOSPITAL MATERNIDADE HERCULANO PINHEIRO AP 33","ADMINISTRACAO PUBLICA","M","NORTE","medio","baixo","alto",NA,"alto","baixo","baixo","medio","medio","baixo"
2270390,201010,2010-10-01,2010,"10",4.76190476190476,4.76190476190476,0,"SMS HOSPITAL MATERNIDADE HERCULANO PINHEIRO AP 33","ADMINISTRACAO PUBLICA","M","NORTE","medio","baixo","alto",NA,"alto","baixo","baixo","medio","medio","baixo"
2270390,201011,2010-11-01,2010,"11",25.1256281407035,25.1256281407035,0,"SMS HOSPITAL MATERNIDADE HERCULANO PINHEIRO AP 33","ADMINISTRACAO PUBLICA","M","NORTE","medio","baixo","alto",NA,"alto","medio","baixo","alto","alto","baixo"
2270390,201012,2010-12-01,2010,"12",24.2914979757085,20.2429149797571,4.04858299595142,"SMS HOSPITAL MATERNIDADE HERCULANO PINHEIRO AP 33","ADMINISTRACAO PUBLICA","M","NORTE","medio","baixo","alto",NA,"alto","medio","baixo","alto","alto","alto"
2270390,201101,2011-01-01,2011,"01",6.75675675675676,6.75675675675676,0,"SMS HOSPITAL MATERNIDADE HERCULANO PINHEIRO AP 33","ADMINISTRACAO PUBLICA","M","NORTE","medio","baixo","alto","baixo","alto","baixo","baixo","medio","medio","baixo"
2270390,201102,2011-02-01,2011,"02",3.24675324675325,3.24675324675325,0,"SMS HOSPITAL MATERNIDADE HERCULANO PINHEIRO AP 33","ADMINISTRACAO PUBLICA","M","NORTE","medio","baixo","alto","baixo","alto","medio","baixo","baixo","medio","baixo"
2270390,201103,2011-03-01,2011,"03",5.52486187845304,5.52486187845304,0,"SMS HOSPITAL MATERNIDADE HERCULANO PINHEIRO AP 33","ADMINISTRACAO PUBLICA","M","NORTE","alto","medio","alto","baixo","alto","medio","baixo","medio","medio","baixo"
2270390,201104,2011-04-01,2011,"04",3.2051282051282,3.2051282051282,0,"SMS HOSPITAL MATERNIDADE HERCULANO PINHEIRO AP 33","ADMINISTRACAO PUBLICA","M","NORTE","medio","medio","alto","medio","alto","baixo","baixo","baixo","medio","baixo"
2270390,201105,2011-05-01,2011,"05",18.0722891566265,15.0602409638554,3.01204819277108,"SMS HOSPITAL MATERNIDADE HERCULANO PINHEIRO AP 33","ADMINISTRACAO PUBLICA","M","NORTE","medio","medio","alto","baixo","alto","alto","baixo","alto","alto","alto"
2270390,201106,2011-06-01,2011,"06",9.06344410876133,9.06344410876133,0,"SMS HOSPITAL MATERNIDADE HERCULANO PINHEIRO AP 33","ADMINISTRACAO PUBLICA","M","NORTE","medio","baixo","alto","baixo","alto","medio","baixo","medio","alto","baixo"
2270390,201107,2011-07-01,2011,"07",6.09756097560976,6.09756097560976,0,"SMS HOSPITAL MATERNIDADE HERCULANO PINHEIRO AP 33","ADMINISTRACAO PUBLICA","M","NORTE","medio","medio","alto","baixo","alto","alto","baixo","medio","medio","baixo"
2270390,201108,2011-08-01,2011,"08",10.1694915254237,10.1694915254237,0,"SMS HOSPITAL MATERNIDADE HERCULANO PINHEIRO AP 33","ADMINISTRACAO PUBLICA","M","NORTE","medio","baixo","alto","baixo","medio","medio","baixo","medio","alto","baixo"
2270390,201109,2011-09-01,2011,"09",0,0,0,"SMS HOSPITAL MATERNIDADE HERCULANO PINHEIRO AP 33","ADMINISTRACAO PUBLICA","M","NORTE","medio","baixo","medio","baixo","medio","medio","baixo","baixo","baixo","baixo"
2270390,201110,2011-10-01,2011,"10",0,0,0,"SMS HOSPITAL MATERNIDADE HERCULANO PINHEIRO AP 33","ADMINISTRACAO PUBLICA","M","NORTE","medio","baixo","alto","medio","alto","medio","baixo","baixo","baixo","baixo"
2270390,201111,2011-11-01,2011,"11",10.989010989011,10.989010989011,0,"SMS HOSPITAL MATERNIDADE HERCULANO PINHEIRO AP 33","ADMINISTRACAO PUBLICA","M","NORTE","medio","baixo","alto","baixo","medio","alto","baixo","medio","alto","baixo"
2270390,201112,2011-12-01,2011,"12",3.37837837837838,3.37837837837838,0,"SMS HOSPITAL MATERNIDADE HERCULANO PINHEIRO AP 33","ADMINISTRACAO PUBLICA","M","NORTE","medio","baixo","alto","baixo","medio","medio","baixo","baixo","medio","baixo"
2270390,201201,2012-01-01,2012,"01",18.9393939393939,15.1515151515152,3.78787878787879,"SMS HOSPITAL MATERNIDADE HERCULANO PINHEIRO AP 33","ADMINISTRACAO PUBLICA","M","NORTE","medio","medio","alto",NA,"medio","alto","baixo","alto","alto","alto"
2270390,201202,2012-02-01,2012,"02",3.77358490566038,3.77358490566038,0,"SMS HOSPITAL MATERNIDADE HERCULANO PINHEIRO AP 33","ADMINISTRACAO PUBLICA","M","NORTE","medio","medio","alto",NA,"medio","medio","baixo","medio","medio","baixo"
2270390,201203,2012-03-01,2012,"03",2.9673590504451,2.9673590504451,0,"SMS HOSPITAL MATERNIDADE HERCULANO PINHEIRO AP 33","ADMINISTRACAO PUBLICA","M","NORTE","medio","medio","alto",NA,"medio","medio","baixo","baixo","medio","baixo"
2270390,201204,2012-04-01,2012,"04",13.3333333333333,10,3.33333333333333,"SMS HOSPITAL MATERNIDADE HERCULANO PINHEIRO AP 33","ADMINISTRACAO PUBLICA","M","NORTE","medio","medio","medio",NA,"medio","alto","baixo","alto","alto","alto"
2270390,201205,2012-05-01,2012,"05",9.14634146341463,3.04878048780488,6.09756097560976,"SMS HOSPITAL MATERNIDADE HERCULANO PINHEIRO AP 33","ADMINISTRACAO PUBLICA","M","NORTE","medio","medio","alto",NA,"medio","medio","baixo","medio","medio","alto"
2270390,201206,2012-06-01,2012,"06",3.59712230215827,3.59712230215827,0,"SMS HOSPITAL MATERNIDADE HERCULANO PINHEIRO AP 33","ADMINISTRACAO PUBLICA","M","NORTE","medio","medio","alto",NA,"medio","baixo","baixo","medio","medio","baixo"
2270390,201207,2012-07-01,2012,"07",6.99300699300699,6.99300699300699,0,"SMS HOSPITAL MATERNIDADE HERCULANO PINHEIRO AP 33","ADMINISTRACAO PUBLICA","M","NORTE","medio","medio","alto",NA,"medio","baixo","baixo","medio","medio","baixo"
2270390,201208,2012-08-01,2012,"08",10.9090909090909,10.9090909090909,0,"SMS HOSPITAL MATERNIDADE HERCULANO PINHEIRO AP 33","ADMINISTRACAO PUBLICA","M","NORTE","medio","medio","medio",NA,"medio","alto","baixo","medio","alto","baixo"
2270390,201209,2012-09-01,2012,"09",7.90513833992095,7.90513833992095,0,"SMS HOSPITAL MATERNIDADE HERCULANO PINHEIRO AP 33","ADMINISTRACAO PUBLICA","M","NORTE","medio","baixo","medio",NA,"medio","medio","baixo","medio","medio","baixo"
2270390,201210,2012-10-01,2012,"10",10.1010101010101,10.1010101010101,0,"SMS HOSPITAL MATERNIDADE HERCULANO PINHEIRO AP 33","ADMINISTRACAO PUBLICA","M","NORTE","medio","medio","alto",NA,"medio","medio","baixo","medio","alto","baixo"
2270390,201211,2012-11-01,2012,"11",4.27350427350427,4.27350427350427,0,"SMS HOSPITAL MATERNIDADE HERCULANO PINHEIRO AP 33","ADMINISTRACAO PUBLICA","M","NORTE","medio","baixo","medio",NA,"medio","medio","baixo","medio","medio","baixo"
2270390,201212,2012-12-01,2012,"12",4.23728813559322,4.23728813559322,0,"SMS HOSPITAL MATERNIDADE HERCULANO PINHEIRO AP 33","ADMINISTRACAO PUBLICA","M","NORTE","medio","medio","medio",NA,"medio","medio","baixo","medio","medio","baixo"
2270390,201301,2013-01-01,2013,"01",3.52112676056338,0,3.52112676056338,"SMS HOSPITAL MATERNIDADE HERCULANO PINHEIRO AP 33","ADMINISTRACAO PUBLICA","M","NORTE","medio","medio","medio","baixo","medio","medio","baixo","baixo","baixo","alto"
2270390,201302,2013-02-01,2013,"02",4,4,0,"SMS HOSPITAL MATERNIDADE HERCULANO PINHEIRO AP 33","ADMINISTRACAO PUBLICA","M","NORTE","medio","alto","medio","baixo","medio","medio","baixo","medio","medio","baixo"
2270390,201303,2013-03-01,2013,"03",16.1943319838057,16.1943319838057,0,"SMS HOSPITAL MATERNIDADE HERCULANO PINHEIRO AP 33","ADMINISTRACAO PUBLICA","M","NORTE","medio","alto","alto","baixo","medio","alto","baixo","alto","alto","baixo"
2270390,201304,2013-04-01,2013,"04",8.09716599190283,8.09716599190283,0,"SMS HOSPITAL MATERNIDADE HERCULANO PINHEIRO AP 33","ADMINISTRACAO PUBLICA","M","NORTE","medio","medio","alto","baixo","medio","alto","baixo","medio","medio","baixo"
2270390,201305,2013-05-01,2013,"05",0,0,0,"SMS HOSPITAL MATERNIDADE HERCULANO PINHEIRO AP 33","ADMINISTRACAO PUBLICA","M","NORTE","medio","alto","alto","baixo","medio","baixo","baixo","baixo","baixo","baixo"
2270390,201306,2013-06-01,2013,"06",7.8125,7.8125,0,"SMS HOSPITAL MATERNIDADE HERCULANO PINHEIRO AP 33","ADMINISTRACAO PUBLICA","M","NORTE","medio","medio","alto","baixo","medio","medio","baixo","medio","medio","baixo"
2270390,201307,2013-07-01,2013,"07",7.5187969924812,0,7.5187969924812,"SMS HOSPITAL MATERNIDADE HERCULANO PINHEIRO AP 33","ADMINISTRACAO PUBLICA","M","NORTE","medio","medio","alto","baixo","medio","medio","baixo","medio","baixo","alto"
2270390,201308,2013-08-01,2013,"08",7.93650793650794,7.93650793650794,0,"SMS HOSPITAL MATERNIDADE HERCULANO PINHEIRO AP 33","ADMINISTRACAO PUBLICA","M","NORTE","medio","medio","alto","medio","medio","medio","baixo","medio","medio","baixo"
2270390,201309,2013-09-01,2013,"09",11.2359550561798,11.2359550561798,0,"SMS HOSPITAL MATERNIDADE HERCULANO PINHEIRO AP 33","ADMINISTRACAO PUBLICA","M","NORTE","medio","medio","alto","baixo","medio","medio","baixo","medio","alto","baixo"
2270390,201310,2013-10-01,2013,"10",0,0,0,"SMS HOSPITAL MATERNIDADE HERCULANO PINHEIRO AP 33","ADMINISTRACAO PUBLICA","M","NORTE","medio","medio","alto","baixo","medio","medio","baixo","baixo","baixo","baixo"
2270390,201311,2013-11-01,2013,"11",4.58715596330275,4.58715596330275,0,"SMS HOSPITAL MATERNIDADE HERCULANO PINHEIRO AP 33","ADMINISTRACAO PUBLICA","M","NORTE","medio","alto","medio","baixo","medio","medio","baixo","medio","medio","baixo"
2270390,201312,2013-12-01,2013,"12",19.2307692307692,19.2307692307692,0,"SMS HOSPITAL MATERNIDADE HERCULANO PINHEIRO AP 33","ADMINISTRACAO PUBLICA","M","NORTE","medio","medio","alto","baixo","medio","medio","baixo","alto","alto","baixo"
2270390,201401,2014-01-01,2014,"01",6.99300699300699,6.99300699300699,0,"SMS HOSPITAL MATERNIDADE HERCULANO PINHEIRO AP 33","ADMINISTRACAO PUBLICA","M","NORTE","medio","medio","medio","baixo","medio","medio","baixo","medio","medio","baixo"
2270390,201402,2014-02-01,2014,"02",3.74531835205992,3.74531835205992,0,"SMS HOSPITAL MATERNIDADE HERCULANO PINHEIRO AP 33","ADMINISTRACAO PUBLICA","M","NORTE","medio","medio","alto","baixo","medio","medio","baixo","medio","medio","baixo"
2270390,201403,2014-03-01,2014,"03",17.6056338028169,17.6056338028169,0,"SMS HOSPITAL MATERNIDADE HERCULANO PINHEIRO AP 33","ADMINISTRACAO PUBLICA","M","NORTE","medio","medio","alto","baixo","medio","alto","baixo","alto","alto","baixo"
2270390,201404,2014-04-01,2014,"04",3.96825396825397,3.96825396825397,0,"SMS HOSPITAL MATERNIDADE HERCULANO PINHEIRO AP 33","ADMINISTRACAO PUBLICA","M","NORTE","medio","medio","alto","baixo","medio","baixo","baixo","medio","medio","baixo"
2270390,201405,2014-05-01,2014,"05",3.2258064516129,3.2258064516129,0,"SMS HOSPITAL MATERNIDADE HERCULANO PINHEIRO AP 33","ADMINISTRACAO PUBLICA","M","NORTE","medio","medio","alto","baixo","medio","medio","baixo","baixo","medio","baixo"
2270390,201406,2014-06-01,2014,"06",3.63636363636364,3.63636363636364,0,"SMS HOSPITAL MATERNIDADE HERCULANO PINHEIRO AP 33","ADMINISTRACAO PUBLICA","M","NORTE","medio","alto","alto","baixo","medio","baixo","baixo","medio","medio","baixo"
2270390,201407,2014-07-01,2014,"07",7.2463768115942,7.2463768115942,0,"SMS HOSPITAL MATERNIDADE HERCULANO PINHEIRO AP 33","ADMINISTRACAO PUBLICA","M","NORTE","medio","medio","alto","medio","medio","medio","baixo","medio","medio","baixo"
2270390,201408,2014-08-01,2014,"08",3.48432055749129,3.48432055749129,0,"SMS HOSPITAL MATERNIDADE HERCULANO PINHEIRO AP 33","ADMINISTRACAO PUBLICA","M","NORTE","medio","medio","medio","baixo","medio","baixo","baixo","baixo","medio","baixo"
2270390,201409,2014-09-01,2014,"09",21.0526315789474,17.5438596491228,3.50877192982456,"SMS HOSPITAL MATERNIDADE HERCULANO PINHEIRO AP 33","ADMINISTRACAO PUBLICA","M","NORTE","medio","medio","alto","baixo","medio","medio","baixo","alto","alto","alto"
2270390,201410,2014-10-01,2014,"10",4.16666666666667,4.16666666666667,0,"SMS HOSPITAL MATERNIDADE HERCULANO PINHEIRO AP 33","ADMINISTRACAO PUBLICA","M","NORTE","medio","medio","alto","baixo","medio","medio","baixo","medio","medio","baixo"
2270390,201411,2014-11-01,2014,"11",4.5662100456621,4.5662100456621,0,"SMS HOSPITAL MATERNIDADE HERCULANO PINHEIRO AP 33","ADMINISTRACAO PUBLICA","M","NORTE","medio","medio","alto","baixo","medio","medio","baixo","medio","medio","baixo"
2270390,201412,2014-12-01,2014,"12",19.53125,19.53125,0,"SMS HOSPITAL MATERNIDADE HERCULANO PINHEIRO AP 33","ADMINISTRACAO PUBLICA","M","NORTE","medio","alto","alto","baixo","medio","medio","baixo","alto","alto","baixo"
2270390,201501,2015-01-01,2015,"01",14.2348754448399,10.6761565836299,3.55871886120996,"SMS HOSPITAL MATERNIDADE HERCULANO PINHEIRO AP 33","ADMINISTRACAO PUBLICA","M","NORTE","medio","medio","alto","baixo","medio","medio","baixo","alto","alto","alto"
2270390,201502,2015-02-01,2015,"02",6.73400673400673,3.36700336700337,3.36700336700337,"SMS HOSPITAL MATERNIDADE HERCULANO PINHEIRO AP 33","ADMINISTRACAO PUBLICA","M","NORTE","medio","alto","alto","baixo","medio","medio","baixo","medio","medio","alto"
2270390,201503,2015-03-01,2015,"03",0,0,0,"SMS HOSPITAL MATERNIDADE HERCULANO PINHEIRO AP 33","ADMINISTRACAO PUBLICA","M","NORTE","medio","medio","alto","baixo","medio","medio","baixo","baixo","baixo","baixo"
2270390,201504,2015-04-01,2015,"04",6.25,6.25,0,"SMS HOSPITAL MATERNIDADE HERCULANO PINHEIRO AP 33","ADMINISTRACAO PUBLICA","M","NORTE","medio","medio","alto","medio","medio","baixo","baixo","medio","medio","baixo"
2270390,201505,2015-05-01,2015,"05",0,0,0,"SMS HOSPITAL MATERNIDADE HERCULANO PINHEIRO AP 33","ADMINISTRACAO PUBLICA","M","NORTE","medio","medio","alto","baixo","medio","medio","baixo","baixo","baixo","baixo"
2270390,201506,2015-06-01,2015,"06",17.5438596491228,10.5263157894737,7.01754385964912,"SMS HOSPITAL MATERNIDADE HERCULANO PINHEIRO AP 33","ADMINISTRACAO PUBLICA","M","NORTE","medio","alto","medio","medio","medio","medio","baixo","alto","alto","alto"
2270390,201507,2015-07-01,2015,"07",0,0,0,"SMS HOSPITAL MATERNIDADE HERCULANO PINHEIRO AP 33","ADMINISTRACAO PUBLICA","M","NORTE","medio","baixo","alto","medio","baixo","baixo","baixo","baixo","baixo","baixo"
2270390,201508,2015-08-01,2015,"08",14.4927536231884,14.4927536231884,0,"SMS HOSPITAL MATERNIDADE HERCULANO PINHEIRO AP 33","ADMINISTRACAO PUBLICA","M","NORTE","medio","medio","medio","baixo","baixo","medio","baixo","alto","alto","baixo"
2270390,201509,2015-09-01,2015,"09",0,0,0,"SMS HOSPITAL MATERNIDADE HERCULANO PINHEIRO AP 33","ADMINISTRACAO PUBLICA","M","NORTE","medio","baixo","medio","baixo","baixo","baixo","baixo","baixo","baixo","baixo"
2270390,201510,2015-10-01,2015,"10",3.7037037037037,3.7037037037037,0,"SMS HOSPITAL MATERNIDADE HERCULANO PINHEIRO AP 33","ADMINISTRACAO PUBLICA","M","NORTE","medio","baixo","medio","baixo","baixo","baixo","baixo","medio","medio","baixo"
2270390,201511,2015-11-01,2015,"11",3.95256916996047,3.95256916996047,0,"SMS HOSPITAL MATERNIDADE HERCULANO PINHEIRO AP 33","ADMINISTRACAO PUBLICA","M","NORTE","medio","medio","alto","baixo","medio","medio","baixo","medio","medio","baixo"
2270390,201512,2015-12-01,2015,"12",6.45161290322581,6.45161290322581,0,"SMS HOSPITAL MATERNIDADE HERCULANO PINHEIRO AP 33","ADMINISTRACAO PUBLICA","M","NORTE","medio","medio","alto","baixo","medio","alto","baixo","medio","medio","baixo"
2270390,201601,2016-01-01,2016,"01",6.23052959501558,6.23052959501558,0,"SMS HOSPITAL MATERNIDADE HERCULANO PINHEIRO AP 33","ADMINISTRACAO PUBLICA","M","NORTE","medio","medio","alto","baixo","baixo","baixo","baixo","medio","medio","baixo"
2270390,201602,2016-02-01,2016,"02",9.67741935483871,9.67741935483871,0,"SMS HOSPITAL MATERNIDADE HERCULANO PINHEIRO AP 33","ADMINISTRACAO PUBLICA","M","NORTE","medio","alto","alto","baixo","medio","baixo","baixo","medio","alto","baixo"
2270390,201603,2016-03-01,2016,"03",6.23052959501558,6.23052959501558,0,"SMS HOSPITAL MATERNIDADE HERCULANO PINHEIRO AP 33","ADMINISTRACAO PUBLICA","M","NORTE","medio","medio","alto","baixo","medio","medio","baixo","medio","medio","baixo"
2270390,201604,2016-04-01,2016,"04",0,0,0,"SMS HOSPITAL MATERNIDADE HERCULANO PINHEIRO AP 33","ADMINISTRACAO PUBLICA","M","NORTE","medio","medio","alto","baixo","medio","baixo","baixo","baixo","baixo","baixo"
2270390,201605,2016-05-01,2016,"05",3.003003003003,3.003003003003,0,"SMS HOSPITAL MATERNIDADE HERCULANO PINHEIRO AP 33","ADMINISTRACAO PUBLICA","M","NORTE","medio","medio","alto","baixo","medio","medio","baixo","baixo","medio","baixo"
2270390,201606,2016-06-01,2016,"06",0,0,0,"SMS HOSPITAL MATERNIDADE HERCULANO PINHEIRO AP 33","ADMINISTRACAO PUBLICA","M","NORTE","medio","medio","alto","baixo","medio","medio","baixo","baixo","baixo","baixo"
2270390,201607,2016-07-01,2016,"07",7.2992700729927,7.2992700729927,0,"SMS HOSPITAL MATERNIDADE HERCULANO PINHEIRO AP 33","ADMINISTRACAO PUBLICA","M","NORTE","medio","medio","alto","baixo","medio","alto","baixo","medio","medio","baixo"
2270390,201608,2016-08-01,2016,"08",10.989010989011,10.989010989011,0,"SMS HOSPITAL MATERNIDADE HERCULANO PINHEIRO AP 33","ADMINISTRACAO PUBLICA","M","NORTE","medio","alto","alto","medio","medio","medio","medio","medio","alto","baixo"
2270390,201609,2016-09-01,2016,"09",7.27272727272727,7.27272727272727,0,"SMS HOSPITAL MATERNIDADE HERCULANO PINHEIRO AP 33","ADMINISTRACAO PUBLICA","M","NORTE","medio","medio","medio","medio","medio","baixo","baixo","medio","medio","baixo"
2270390,201610,2016-10-01,2016,"10",0,0,0,"SMS HOSPITAL MATERNIDADE HERCULANO PINHEIRO AP 33","ADMINISTRACAO PUBLICA","M","NORTE","medio","alto","medio","baixo","medio","baixo","baixo","baixo","baixo","baixo"
2270390,201611,2016-11-01,2016,"11",13.8248847926267,4.60829493087558,9.21658986175115,"SMS HOSPITAL MATERNIDADE HERCULANO PINHEIRO AP 33","ADMINISTRACAO PUBLICA","M","NORTE","medio","alto","alto","baixo","medio","medio","baixo","alto","medio","alto"
2270390,201612,2016-12-01,2016,"12",12.6050420168067,12.6050420168067,0,"SMS HOSPITAL MATERNIDADE HERCULANO PINHEIRO AP 33","ADMINISTRACAO PUBLICA","M","NORTE","medio","alto","medio","baixo","medio","medio","baixo","alto","alto","baixo"
2270390,201701,2017-01-01,2017,"01",27.8884462151394,27.8884462151394,0,"SMS HOSPITAL MATERNIDADE HERCULANO PINHEIRO AP 33","ADMINISTRACAO PUBLICA","M","NORTE","medio","alto","alto","baixo","baixo","medio","baixo","alto","alto","baixo"
2270390,201702,2017-02-01,2017,"02",0,0,0,"SMS HOSPITAL MATERNIDADE HERCULANO PINHEIRO AP 33","ADMINISTRACAO PUBLICA","M","NORTE","medio","alto","alto","medio","baixo","baixo","baixo","baixo","baixo","baixo"
2270390,201703,2017-03-01,2017,"03",6.36942675159236,6.36942675159236,0,"SMS HOSPITAL MATERNIDADE HERCULANO PINHEIRO AP 33","ADMINISTRACAO PUBLICA","M","NORTE","medio","alto","alto","medio","medio","medio","baixo","medio","medio","baixo"
2270390,201704,2017-04-01,2017,"04",0,0,0,"SMS HOSPITAL MATERNIDADE HERCULANO PINHEIRO AP 33","ADMINISTRACAO PUBLICA","M","NORTE","medio","medio","medio","baixo","medio","medio","baixo","baixo","baixo","baixo"
2270390,201705,2017-05-01,2017,"05",3.6231884057971,3.6231884057971,0,"SMS HOSPITAL MATERNIDADE HERCULANO PINHEIRO AP 33","ADMINISTRACAO PUBLICA","M","NORTE","medio","medio","medio","baixo","medio","baixo","baixo","medio","medio","baixo"
2270390,201706,2017-06-01,2017,"06",15.1515151515152,11.3636363636364,3.78787878787879,"SMS HOSPITAL MATERNIDADE HERCULANO PINHEIRO AP 33","ADMINISTRACAO PUBLICA","M","NORTE","medio","medio","medio","baixo","alto","alto","baixo","alto","alto","alto"
2270390,201707,2017-07-01,2017,"07",11.71875,11.71875,0,"SMS HOSPITAL MATERNIDADE HERCULANO PINHEIRO AP 33","ADMINISTRACAO PUBLICA","M","NORTE","medio","medio","medio","baixo","medio","alto","baixo","alto","alto","baixo"
2270390,201708,2017-08-01,2017,"08",0,0,0,"SMS HOSPITAL MATERNIDADE HERCULANO PINHEIRO AP 33","ADMINISTRACAO PUBLICA","M","NORTE","medio","alto","medio","baixo","medio","alto","baixo","baixo","baixo","baixo"
2270390,201709,2017-09-01,2017,"09",12.8755364806867,12.8755364806867,0,"SMS HOSPITAL MATERNIDADE HERCULANO PINHEIRO AP 33","ADMINISTRACAO PUBLICA","M","NORTE","medio","baixo","medio","baixo","medio","alto","baixo","alto","alto","baixo"
2270390,201710,2017-10-01,2017,"10",4.20168067226891,4.20168067226891,0,"SMS HOSPITAL MATERNIDADE HERCULANO PINHEIRO AP 33","ADMINISTRACAO PUBLICA","M","NORTE","medio","medio","medio","baixo","medio","medio","baixo","medio","medio","baixo"
2270390,201711,2017-11-01,2017,"11",7.96812749003984,3.98406374501992,3.98406374501992,"SMS HOSPITAL MATERNIDADE HERCULANO PINHEIRO AP 33","ADMINISTRACAO PUBLICA","M","NORTE","medio","medio","medio","medio","medio","alto","baixo","medio","medio","alto"
2270390,201712,2017-12-01,2017,"12",0,0,0,"SMS HOSPITAL MATERNIDADE HERCULANO PINHEIRO AP 33","ADMINISTRACAO PUBLICA","M","NORTE","medio","medio","medio","baixo","medio","baixo","baixo","baixo","baixo","baixo"
2270609,200602,2006-02-01,2006,"02",0,0,0,"SMS RIO HOSPITAL MUNICIPAL LOURENCO JORGE","ADMINISTRACAO PUBLICA","M","OESTE","baixo","baixo","baixo","baixo","baixo","baixo","baixo","baixo","baixo","baixo"
2270609,200603,2006-03-01,2006,"03",0,0,0,"SMS RIO HOSPITAL MUNICIPAL LOURENCO JORGE","ADMINISTRACAO PUBLICA","M","OESTE","baixo","alto","alto","baixo","alto","alto","alto","baixo","baixo","baixo"
2270609,200604,2006-04-01,2006,"04",0,0,0,"SMS RIO HOSPITAL MUNICIPAL LOURENCO JORGE","ADMINISTRACAO PUBLICA","M","OESTE","baixo","baixo","alto","baixo","alto","baixo","baixo","baixo","baixo","baixo"
2270609,200605,2006-05-01,2006,"05",1000,1000,0,"SMS RIO HOSPITAL MUNICIPAL LOURENCO JORGE","ADMINISTRACAO PUBLICA","M","OESTE","baixo","alto","alto","baixo","baixo","baixo","baixo","alto","alto","baixo"
2270609,200607,2006-07-01,2006,"07",0,0,0,"SMS RIO HOSPITAL MUNICIPAL LOURENCO JORGE","ADMINISTRACAO PUBLICA","M","OESTE","baixo","baixo","alto","baixo","alto","baixo","baixo","baixo","baixo","baixo"
2270609,200704,2007-04-01,2007,"04",0,0,0,"SMS RIO HOSPITAL MUNICIPAL LOURENCO JORGE","ADMINISTRACAO PUBLICA","M","OESTE","baixo","baixo","baixo",NA,"baixo","baixo","baixo","baixo","baixo","baixo"
2270609,200705,2007-05-01,2007,"05",0,0,0,"SMS RIO HOSPITAL MUNICIPAL LOURENCO JORGE","ADMINISTRACAO PUBLICA","M","OESTE","baixo","baixo","alto",NA,"alto","baixo","baixo","baixo","baixo","baixo"
2270609,200708,2007-08-01,2007,"08",0,0,0,"SMS RIO HOSPITAL MUNICIPAL LOURENCO JORGE","ADMINISTRACAO PUBLICA","M","OESTE","baixo","alto","alto",NA,"alto","alto","baixo","baixo","baixo","baixo"
2270609,200709,2007-09-01,2007,"09",0,0,0,"SMS RIO HOSPITAL MUNICIPAL LOURENCO JORGE","ADMINISTRACAO PUBLICA","M","OESTE","baixo","baixo","alto",NA,"baixo","baixo","baixo","baixo","baixo","baixo"
2270609,200711,2007-11-01,2007,"11",0,0,0,"SMS RIO HOSPITAL MUNICIPAL LOURENCO JORGE","ADMINISTRACAO PUBLICA","M","OESTE","baixo","alto","alto",NA,"alto","baixo","baixo","baixo","baixo","baixo"
2270609,200712,2007-12-01,2007,"12",0,0,0,"SMS RIO HOSPITAL MUNICIPAL LOURENCO JORGE","ADMINISTRACAO PUBLICA","M","OESTE","baixo","baixo","alto",NA,"alto","baixo","baixo","baixo","baixo","baixo"
2270609,200801,2008-01-01,2008,"01",3.40136054421769,3.40136054421769,0,"SMS RIO HOSPITAL MUNICIPAL LOURENCO JORGE","ADMINISTRACAO PUBLICA","M","OESTE","medio","medio","alto","baixo","alto","medio","baixo","baixo","medio","baixo"
2270609,200802,2008-02-01,2008,"02",2.90697674418605,0,2.90697674418605,"SMS RIO HOSPITAL MUNICIPAL LOURENCO JORGE","ADMINISTRACAO PUBLICA","M","OESTE","medio","alto","alto","medio","alto","alto","medio","baixo","baixo","alto"
2270609,200803,2008-03-01,2008,"03",8,8,0,"SMS RIO HOSPITAL MUNICIPAL LOURENCO JORGE","ADMINISTRACAO PUBLICA","M","OESTE","alto","medio","alto","baixo","alto","alto","baixo","medio","medio","baixo"
2270609,200804,2008-04-01,2008,"04",2.5974025974026,2.5974025974026,0,"SMS RIO HOSPITAL MUNICIPAL LOURENCO JORGE","ADMINISTRACAO PUBLICA","M","OESTE","alto","medio","alto","baixo","alto","alto","baixo","baixo","medio","baixo"
2270609,200805,2008-05-01,2008,"05",0,0,0,"SMS RIO HOSPITAL MUNICIPAL LOURENCO JORGE","ADMINISTRACAO PUBLICA","M","OESTE","alto","medio","alto","medio","alto","alto","medio","baixo","baixo","baixo"
2270609,200806,2008-06-01,2008,"06",0,0,0,"SMS RIO HOSPITAL MUNICIPAL LOURENCO JORGE","ADMINISTRACAO PUBLICA","M","OESTE","alto","medio","alto","medio","alto","medio","baixo","baixo","baixo","baixo"
2270609,200807,2008-07-01,2008,"07",2.5706940874036,2.5706940874036,0,"SMS RIO HOSPITAL MUNICIPAL LOURENCO JORGE","ADMINISTRACAO PUBLICA","M","OESTE","alto","medio","alto","baixo","alto","alto","medio","baixo","medio","baixo"
2270609,200808,2008-08-01,2008,"08",2.45700245700246,2.45700245700246,0,"SMS RIO HOSPITAL MUNICIPAL LOURENCO JORGE","ADMINISTRACAO PUBLICA","M","OESTE","alto","baixo","alto","baixo","alto","medio","baixo","baixo","medio","baixo"
2270609,200809,2008-09-01,2008,"09",5.22193211488251,5.22193211488251,0,"SMS RIO HOSPITAL MUNICIPAL LOURENCO JORGE","ADMINISTRACAO PUBLICA","M","OESTE","alto","medio","alto","baixo","alto","medio","medio","medio","medio","baixo"
2270609,200810,2008-10-01,2008,"10",14.7420147420147,12.2850122850123,2.45700245700246,"SMS RIO HOSPITAL MUNICIPAL LOURENCO JORGE","ADMINISTRACAO PUBLICA","M","OESTE","alto","baixo","alto","medio","alto","medio","baixo","alto","alto","alto"
2270609,200811,2008-11-01,2008,"11",5.58659217877095,2.79329608938547,2.79329608938547,"SMS RIO HOSPITAL MUNICIPAL LOURENCO JORGE","ADMINISTRACAO PUBLICA","M","OESTE","alto","baixo","alto","medio","alto","alto","baixo","medio","medio","alto"
2270609,200812,2008-12-01,2008,"12",7.31707317073171,7.31707317073171,0,"SMS RIO HOSPITAL MUNICIPAL LOURENCO JORGE","ADMINISTRACAO PUBLICA","M","OESTE","alto","baixo","alto","baixo","alto","medio","baixo","medio","medio","baixo"
2270609,200901,2009-01-01,2009,"01",2.35294117647059,2.35294117647059,0,"SMS RIO HOSPITAL MUNICIPAL LOURENCO JORGE","ADMINISTRACAO PUBLICA","M","OESTE","alto","baixo","alto",NA,"alto","medio","baixo","baixo","medio","baixo"
2270609,200902,2009-02-01,2009,"02",7.2992700729927,2.4330900243309,4.8661800486618,"SMS RIO HOSPITAL MUNICIPAL LOURENCO JORGE","ADMINISTRACAO PUBLICA","M","OESTE","alto","baixo","alto",NA,"alto","alto","baixo","medio","medio","alto"
2270609,200903,2009-03-01,2009,"03",13.5440180586907,11.2866817155756,2.25733634311512,"SMS RIO HOSPITAL MUNICIPAL LOURENCO JORGE","ADMINISTRACAO PUBLICA","M","OESTE","alto","baixo","alto",NA,"alto","alto","baixo","alto","alto","medio"
2270609,200904,2009-04-01,2009,"04",12.2850122850123,9.82800982800983,2.45700245700246,"SMS RIO HOSPITAL MUNICIPAL LOURENCO JORGE","ADMINISTRACAO PUBLICA","M","OESTE","alto","medio","alto",NA,"alto","alto","baixo","alto","alto","alto"
2270609,200905,2009-05-01,2009,"05",7.57575757575758,7.57575757575758,0,"SMS RIO HOSPITAL MUNICIPAL LOURENCO JORGE","ADMINISTRACAO PUBLICA","M","OESTE","alto","medio","alto",NA,"alto","alto","medio","medio","medio","baixo"
2270609,200906,2009-06-01,2009,"06",14.1843971631206,11.8203309692671,2.36406619385343,"SMS RIO HOSPITAL MUNICIPAL LOURENCO JORGE","ADMINISTRACAO PUBLICA","M","OESTE","alto","baixo","alto",NA,"alto","alto","baixo","alto","alto","alto"
2270609,200907,2009-07-01,2009,"07",9.1324200913242,6.84931506849315,2.28310502283105,"SMS RIO HOSPITAL MUNICIPAL LOURENCO JORGE","ADMINISTRACAO PUBLICA","M","OESTE","alto","medio","alto",NA,"alto","medio","baixo","medio","medio","medio"
2270609,200908,2009-08-01,2009,"08",18.0412371134021,15.4639175257732,2.57731958762887,"SMS RIO HOSPITAL MUNICIPAL LOURENCO JORGE","ADMINISTRACAO PUBLICA","M","OESTE","alto","baixo","alto",NA,"alto","medio","baixo","alto","alto","alto"
2270609,200909,2009-09-01,2009,"09",11.7924528301887,11.7924528301887,0,"SMS RIO HOSPITAL MUNICIPAL LOURENCO JORGE","ADMINISTRACAO PUBLICA","M","OESTE","alto","medio","alto",NA,"alto","alto","medio","alto","alto","baixo"
2270609,200910,2009-10-01,2009,"10",7.95755968169761,5.30503978779841,2.6525198938992,"SMS RIO HOSPITAL MUNICIPAL LOURENCO JORGE","ADMINISTRACAO PUBLICA","M","OESTE","alto","baixo","alto",NA,"alto","baixo","medio","medio","medio","alto"
2270609,200911,2009-11-01,2009,"11",2.68817204301075,0,2.68817204301075,"SMS RIO HOSPITAL MUNICIPAL LOURENCO JORGE","ADMINISTRACAO PUBLICA","M","OESTE","alto","medio","alto",NA,"alto","medio","medio","baixo","baixo","alto"
2270609,200912,2009-12-01,2009,"12",0,0,0,"SMS RIO HOSPITAL MUNICIPAL LOURENCO JORGE","ADMINISTRACAO PUBLICA","M","OESTE","alto","medio","alto",NA,"alto","alto","baixo","baixo","baixo","baixo"
2270609,201001,2010-01-01,2010,"01",6.52173913043478,6.52173913043478,0,"SMS RIO HOSPITAL MUNICIPAL LOURENCO JORGE","ADMINISTRACAO PUBLICA","M","OESTE","alto","baixo","alto",NA,"alto","medio","baixo","medio","medio","baixo"
2270609,201002,2010-02-01,2010,"02",12.4378109452736,4.97512437810945,7.46268656716418,"SMS RIO HOSPITAL MUNICIPAL LOURENCO JORGE","ADMINISTRACAO PUBLICA","M","OESTE","alto","baixo","alto",NA,"alto","medio","baixo","alto","medio","alto"
2270609,201003,2010-03-01,2010,"03",4.33839479392625,2.16919739696312,2.16919739696312,"SMS RIO HOSPITAL MUNICIPAL LOURENCO JORGE","ADMINISTRACAO PUBLICA","M","OESTE","alto","baixo","alto",NA,"alto","medio","baixo","medio","medio","medio"
2270609,201004,2010-04-01,2010,"04",16.8269230769231,16.8269230769231,0,"SMS RIO HOSPITAL MUNICIPAL LOURENCO JORGE","ADMINISTRACAO PUBLICA","M","OESTE","alto","medio","alto",NA,"alto","alto","baixo","alto","alto","baixo"
2270609,201005,2010-05-01,2010,"05",6.57894736842105,6.57894736842105,0,"SMS RIO HOSPITAL MUNICIPAL LOURENCO JORGE","ADMINISTRACAO PUBLICA","M","OESTE","alto","baixo","alto",NA,"alto","alto","baixo","medio","medio","baixo"
2270609,201006,2010-06-01,2010,"06",7.46268656716418,2.48756218905473,4.97512437810945,"SMS RIO HOSPITAL MUNICIPAL LOURENCO JORGE","ADMINISTRACAO PUBLICA","M","OESTE","alto","baixo","alto",NA,"alto","alto","baixo","medio","medio","alto"
2270609,201007,2010-07-01,2010,"07",9.21658986175115,9.21658986175115,0,"SMS RIO HOSPITAL MUNICIPAL LOURENCO JORGE","ADMINISTRACAO PUBLICA","M","OESTE","alto","baixo","alto",NA,"alto","medio","baixo","medio","alto","baixo"
2270609,201008,2010-08-01,2010,"08",5.37634408602151,0,5.37634408602151,"SMS RIO HOSPITAL MUNICIPAL LOURENCO JORGE","ADMINISTRACAO PUBLICA","M","OESTE","alto","medio","alto",NA,"alto","medio","medio","medio","baixo","alto"
2270609,201009,2010-09-01,2010,"09",17.6767676767677,15.1515151515152,2.52525252525253,"SMS RIO HOSPITAL MUNICIPAL LOURENCO JORGE","ADMINISTRACAO PUBLICA","M","OESTE","alto","baixo","alto",NA,"alto","alto","medio","alto","alto","alto"
2270609,201010,2010-10-01,2010,"10",5.3475935828877,5.3475935828877,0,"SMS RIO HOSPITAL MUNICIPAL LOURENCO JORGE","ADMINISTRACAO PUBLICA","M","OESTE","alto","baixo","alto",NA,"alto","alto","medio","medio","medio","baixo"
2270609,201011,2010-11-01,2010,"11",12.1359223300971,9.70873786407767,2.42718446601942,"SMS RIO HOSPITAL MUNICIPAL LOURENCO JORGE","ADMINISTRACAO PUBLICA","M","OESTE","alto","medio","alto",NA,"alto","alto","baixo","alto","alto","alto"
2270609,201012,2010-12-01,2010,"12",10.1010101010101,10.1010101010101,0,"SMS RIO HOSPITAL MUNICIPAL LOURENCO JORGE","ADMINISTRACAO PUBLICA","M","OESTE","alto","baixo","alto",NA,"alto","medio","baixo","medio","alto","baixo"
2270609,201101,2011-01-01,2011,"01",2.26757369614512,0,2.26757369614512,"SMS RIO HOSPITAL MUNICIPAL LOURENCO JORGE","ADMINISTRACAO PUBLICA","M","OESTE","alto","medio","alto","medio","alto","medio","baixo","baixo","baixo","medio"
2270609,201102,2011-02-01,2011,"02",11.1856823266219,11.1856823266219,0,"SMS RIO HOSPITAL MUNICIPAL LOURENCO JORGE","ADMINISTRACAO PUBLICA","M","OESTE","alto","baixo","alto","medio","alto","alto","baixo","medio","alto","baixo"
2270609,201103,2011-03-01,2011,"03",6.03621730382294,2.01207243460765,4.02414486921529,"SMS RIO HOSPITAL MUNICIPAL LOURENCO JORGE","ADMINISTRACAO PUBLICA","M","OESTE","alto","medio","alto","medio","alto","medio","baixo","medio","medio","alto"
2270609,201104,2011-04-01,2011,"04",12.7388535031847,12.7388535031847,0,"SMS RIO HOSPITAL MUNICIPAL LOURENCO JORGE","ADMINISTRACAO PUBLICA","M","OESTE","alto","medio","alto","medio","alto","alto","medio","alto","alto","baixo"
2270609,201105,2011-05-01,2011,"05",9.0293453724605,9.0293453724605,0,"SMS RIO HOSPITAL MUNICIPAL LOURENCO JORGE","ADMINISTRACAO PUBLICA","M","OESTE","alto","medio","alto","medio","medio","alto","medio","medio","alto","baixo"
2270609,201106,2011-06-01,2011,"06",4.68384074941452,4.68384074941452,0,"SMS RIO HOSPITAL MUNICIPAL LOURENCO JORGE","ADMINISTRACAO PUBLICA","M","OESTE","alto","medio","alto","medio","alto","alto","medio","medio","medio","baixo"
2270609,201107,2011-07-01,2011,"07",4.78468899521531,2.39234449760766,2.39234449760766,"SMS RIO HOSPITAL MUNICIPAL LOURENCO JORGE","ADMINISTRACAO PUBLICA","M","OESTE","alto","medio","alto","medio","alto","alto","medio","medio","medio","alto"
2270609,201108,2011-08-01,2011,"08",0,0,0,"SMS RIO HOSPITAL MUNICIPAL LOURENCO JORGE","ADMINISTRACAO PUBLICA","M","OESTE","alto","medio","alto","medio","alto","alto","medio","baixo","baixo","baixo"
2270609,201109,2011-09-01,2011,"09",7.8125,2.60416666666667,5.20833333333333,"SMS RIO HOSPITAL MUNICIPAL LOURENCO JORGE","ADMINISTRACAO PUBLICA","M","OESTE","alto","medio","alto","medio","alto","medio","baixo","medio","medio","alto"
2270609,201110,2011-10-01,2011,"10",8.21917808219178,5.47945205479452,2.73972602739726,"SMS RIO HOSPITAL MUNICIPAL LOURENCO JORGE","ADMINISTRACAO PUBLICA","M","OESTE","alto","baixo","alto","baixo","alto","alto","medio","medio","medio","alto"
2270609,201111,2011-11-01,2011,"11",19.9501246882793,19.9501246882793,0,"SMS RIO HOSPITAL MUNICIPAL LOURENCO JORGE","ADMINISTRACAO PUBLICA","M","OESTE","alto","alto","alto","baixo","alto","alto","medio","alto","alto","baixo"
2270609,201112,2011-12-01,2011,"12",20.979020979021,13.986013986014,6.99300699300699,"SMS RIO HOSPITAL MUNICIPAL LOURENCO JORGE","ADMINISTRACAO PUBLICA","M","OESTE","alto","medio","alto","baixo","alto","medio","baixo","alto","alto","alto"
2270609,201201,2012-01-01,2012,"01",9.82800982800983,7.37100737100737,2.45700245700246,"SMS RIO HOSPITAL MUNICIPAL LOURENCO JORGE","ADMINISTRACAO PUBLICA","M","OESTE","alto","medio","alto",NA,"alto","alto","medio","medio","medio","alto"
2270609,201202,2012-02-01,2012,"02",7.04225352112676,4.69483568075117,2.34741784037559,"SMS RIO HOSPITAL MUNICIPAL LOURENCO JORGE","ADMINISTRACAO PUBLICA","M","OESTE","alto","medio","alto",NA,"alto","medio","medio","medio","medio","alto"
2270609,201203,2012-03-01,2012,"03",9.61538461538462,9.61538461538462,0,"SMS RIO HOSPITAL MUNICIPAL LOURENCO JORGE","ADMINISTRACAO PUBLICA","M","OESTE","alto","medio","alto",NA,"alto","alto","medio","medio","alto","baixo"
2270609,201204,2012-04-01,2012,"04",8.24742268041237,4.12371134020619,4.12371134020619,"SMS RIO HOSPITAL MUNICIPAL LOURENCO JORGE","ADMINISTRACAO PUBLICA","M","OESTE","alto","medio","alto",NA,"alto","medio","baixo","medio","medio","alto"
2270609,201205,2012-05-01,2012,"05",4.76190476190476,4.76190476190476,0,"SMS RIO HOSPITAL MUNICIPAL LOURENCO JORGE","ADMINISTRACAO PUBLICA","M","OESTE","alto","medio","medio",NA,"alto","alto","medio","medio","medio","baixo"
2270609,201206,2012-06-01,2012,"06",8.67678958785249,8.67678958785249,0,"SMS RIO HOSPITAL MUNICIPAL LOURENCO JORGE","ADMINISTRACAO PUBLICA","M","OESTE","alto","medio","alto",NA,"alto","alto","baixo","medio","alto","baixo"
2270609,201207,2012-07-01,2012,"07",12.8205128205128,8.54700854700855,4.27350427350427,"SMS RIO HOSPITAL MUNICIPAL LOURENCO JORGE","ADMINISTRACAO PUBLICA","M","OESTE","alto","medio","alto",NA,"alto","alto","medio","alto","alto","alto"
2270609,201208,2012-08-01,2012,"08",8.88888888888889,6.66666666666667,2.22222222222222,"SMS RIO HOSPITAL MUNICIPAL LOURENCO JORGE","ADMINISTRACAO PUBLICA","M","OESTE","alto","alto","medio",NA,"alto","alto","medio","medio","medio","medio"
2270609,201209,2012-09-01,2012,"09",8.62068965517241,6.46551724137931,2.1551724137931,"SMS RIO HOSPITAL MUNICIPAL LOURENCO JORGE","ADMINISTRACAO PUBLICA","M","OESTE","alto","baixo","medio",NA,"alto","medio","medio","medio","medio","medio"
2270609,201210,2012-10-01,2012,"10",15.5210643015521,8.86917960088692,6.65188470066519,"SMS RIO HOSPITAL MUNICIPAL LOURENCO JORGE","ADMINISTRACAO PUBLICA","M","OESTE","alto","medio","medio",NA,"alto","medio","medio","alto","alto","alto"
2270609,201211,2012-11-01,2012,"11",14.5985401459854,12.1654501216545,2.4330900243309,"SMS RIO HOSPITAL MUNICIPAL LOURENCO JORGE","ADMINISTRACAO PUBLICA","M","OESTE","alto","medio","medio",NA,"alto","medio","medio","alto","alto","alto"
2270609,201212,2012-12-01,2012,"12",11.1111111111111,11.1111111111111,0,"SMS RIO HOSPITAL MUNICIPAL LOURENCO JORGE","ADMINISTRACAO PUBLICA","M","OESTE","alto","medio","medio",NA,"alto","alto","medio","medio","alto","baixo"
2270609,201301,2013-01-01,2013,"01",4.27350427350427,4.27350427350427,0,"SMS RIO HOSPITAL MUNICIPAL LOURENCO JORGE","ADMINISTRACAO PUBLICA","M","OESTE","alto","medio","medio","medio","alto","alto","medio","medio","medio","baixo"
2270609,201302,2013-02-01,2013,"02",6.2111801242236,6.2111801242236,0,"SMS RIO HOSPITAL MUNICIPAL LOURENCO JORGE","ADMINISTRACAO PUBLICA","M","OESTE","alto","medio","medio","medio","alto","medio","medio","medio","medio","baixo"
2270609,201303,2013-03-01,2013,"03",15.3846153846154,15.3846153846154,0,"SMS RIO HOSPITAL MUNICIPAL LOURENCO JORGE","ADMINISTRACAO PUBLICA","M","OESTE","alto","medio","medio","medio","alto","alto","medio","alto","alto","baixo"
2270609,201304,2013-04-01,2013,"04",1.98019801980198,1.98019801980198,0,"SMS RIO HOSPITAL MUNICIPAL LOURENCO JORGE","ADMINISTRACAO PUBLICA","M","OESTE","alto","medio","medio","medio","alto","medio","medio","baixo","medio","baixo"
2270609,201305,2013-05-01,2013,"05",7.42115027829314,5.56586270871985,1.85528756957328,"SMS RIO HOSPITAL MUNICIPAL LOURENCO JORGE","ADMINISTRACAO PUBLICA","M","OESTE","alto","medio","medio","baixo","alto","medio","medio","medio","medio","medio"
2270609,201306,2013-06-01,2013,"06",8.26446280991736,4.13223140495868,4.13223140495868,"SMS RIO HOSPITAL MUNICIPAL LOURENCO JORGE","ADMINISTRACAO PUBLICA","M","OESTE","alto","medio","medio","medio","alto","baixo","medio","medio","medio","alto"
2270609,201307,2013-07-01,2013,"07",7.85854616895874,5.89390962671906,1.96463654223969,"SMS RIO HOSPITAL MUNICIPAL LOURENCO JORGE","ADMINISTRACAO PUBLICA","M","OESTE","alto","medio","medio","medio","alto","baixo","baixo","medio","medio","medio"
2270609,201308,2013-08-01,2013,"08",6.26304801670146,4.17536534446764,2.08768267223382,"SMS RIO HOSPITAL MUNICIPAL LOURENCO JORGE","ADMINISTRACAO PUBLICA","M","OESTE","alto","medio","medio","medio","alto","medio","medio","medio","medio","medio"
2270609,201309,2013-09-01,2013,"09",8.84955752212389,6.63716814159292,2.21238938053097,"SMS RIO HOSPITAL MUNICIPAL LOURENCO JORGE","ADMINISTRACAO PUBLICA","M","OESTE","alto","medio","medio","medio","alto","medio","medio","medio","medio","medio"
2270609,201310,2013-10-01,2013,"10",16.8269230769231,9.61538461538462,7.21153846153846,"SMS RIO HOSPITAL MUNICIPAL LOURENCO JORGE","ADMINISTRACAO PUBLICA","M","OESTE","alto","medio","medio","medio","alto","baixo","medio","alto","alto","alto"
2270609,201311,2013-11-01,2013,"11",6.35593220338983,4.23728813559322,2.11864406779661,"SMS RIO HOSPITAL MUNICIPAL LOURENCO JORGE","ADMINISTRACAO PUBLICA","M","OESTE","alto","medio","medio","baixo","alto","alto","medio","medio","medio","medio"
2270609,201312,2013-12-01,2013,"12",8.83002207505519,6.62251655629139,2.2075055187638,"SMS RIO HOSPITAL MUNICIPAL LOURENCO JORGE","ADMINISTRACAO PUBLICA","M","OESTE","alto","medio","baixo","medio","alto","baixo","medio","medio","medio","medio"
2270609,201401,2014-01-01,2014,"01",3.71057513914657,3.71057513914657,0,"SMS RIO HOSPITAL MUNICIPAL LOURENCO JORGE","ADMINISTRACAO PUBLICA","M","OESTE","alto","medio","medio","medio","medio","medio","medio","medio","medio","baixo"
2270609,201402,2014-02-01,2014,"02",0,0,0,"SMS RIO HOSPITAL MUNICIPAL LOURENCO JORGE","ADMINISTRACAO PUBLICA","M","OESTE","alto","baixo","medio","medio","medio","baixo","medio","baixo","baixo","baixo"
2270609,201403,2014-03-01,2014,"03",6.72268907563025,6.72268907563025,0,"SMS RIO HOSPITAL MUNICIPAL LOURENCO JORGE","ADMINISTRACAO PUBLICA","M","OESTE","alto","medio","medio","medio","medio","medio","medio","medio","medio","baixo"
2270609,201404,2014-04-01,2014,"04",0,0,0,"SMS RIO HOSPITAL MUNICIPAL LOURENCO JORGE","ADMINISTRACAO PUBLICA","M","OESTE","alto","medio","medio","medio","baixo","baixo","baixo","baixo","baixo","baixo"
2270609,201405,2014-05-01,2014,"05",3.50262697022767,3.50262697022767,0,"SMS RIO HOSPITAL MUNICIPAL LOURENCO JORGE","ADMINISTRACAO PUBLICA","M","OESTE","alto","medio","medio","medio","baixo","medio","medio","baixo","medio","baixo"
2270609,201406,2014-06-01,2014,"06",12.2699386503067,10.2249488752556,2.04498977505112,"SMS RIO HOSPITAL MUNICIPAL LOURENCO JORGE","ADMINISTRACAO PUBLICA","M","OESTE","alto","medio","medio","medio","baixo","medio","medio","alto","alto","medio"
2270609,201407,2014-07-01,2014,"07",5.74712643678161,3.83141762452107,1.91570881226054,"SMS RIO HOSPITAL MUNICIPAL LOURENCO JORGE","ADMINISTRACAO PUBLICA","M","OESTE","alto","medio","medio","medio","baixo","baixo","medio","medio","medio","medio"
2270609,201408,2014-08-01,2014,"08",8.43881856540084,2.10970464135021,6.32911392405063,"SMS RIO HOSPITAL MUNICIPAL LOURENCO JORGE","ADMINISTRACAO PUBLICA","M","OESTE","alto","medio","medio","medio","baixo","medio","medio","medio","medio","alto"
2270609,201409,2014-09-01,2014,"09",6.5359477124183,2.17864923747277,4.35729847494553,"SMS RIO HOSPITAL MUNICIPAL LOURENCO JORGE","ADMINISTRACAO PUBLICA","M","OESTE","alto","medio","medio","medio","alto","medio","medio","medio","medio","alto"
2270609,201410,2014-10-01,2014,"10",7.48129675810474,7.48129675810474,0,"SMS RIO HOSPITAL MUNICIPAL LOURENCO JORGE","ADMINISTRACAO PUBLICA","M","OESTE","alto","medio","medio","medio","baixo","medio","medio","medio","medio","baixo"
2270609,201411,2014-11-01,2014,"11",0,0,0,"SMS RIO HOSPITAL MUNICIPAL LOURENCO JORGE","ADMINISTRACAO PUBLICA","M","OESTE","alto","baixo","medio","medio","alto","baixo","medio","baixo","baixo","baixo"
2270609,201412,2014-12-01,2014,"12",6.30252100840336,6.30252100840336,0,"SMS RIO HOSPITAL MUNICIPAL LOURENCO JORGE","ADMINISTRACAO PUBLICA","M","OESTE","alto","medio","medio","medio","baixo","alto","medio","medio","medio","baixo"
2270609,201501,2015-01-01,2015,"01",4.29184549356223,2.14592274678112,2.14592274678112,"SMS RIO HOSPITAL MUNICIPAL LOURENCO JORGE","ADMINISTRACAO PUBLICA","M","OESTE","alto","alto","medio","medio","medio","baixo","medio","medio","medio","medio"
2270609,201502,2015-02-01,2015,"02",8.45665961945032,6.34249471458774,2.11416490486258,"SMS RIO HOSPITAL MUNICIPAL LOURENCO JORGE","ADMINISTRACAO PUBLICA","M","OESTE","alto","medio","medio","medio","medio","medio","medio","medio","medio","medio"
2270609,201503,2015-03-01,2015,"03",16.260162601626,12.1951219512195,4.0650406504065,"SMS RIO HOSPITAL MUNICIPAL LOURENCO JORGE","ADMINISTRACAO PUBLICA","M","OESTE","alto","medio","medio","medio","baixo","medio","medio","alto","alto","alto"
2270609,201504,2015-04-01,2015,"04",6.46551724137931,2.1551724137931,4.31034482758621,"SMS RIO HOSPITAL MUNICIPAL LOURENCO JORGE","ADMINISTRACAO PUBLICA","M","OESTE","alto","alto","medio","medio","alto","medio","medio","medio","medio","alto"
2270609,201505,2015-05-01,2015,"05",3.73831775700935,3.73831775700935,0,"SMS RIO HOSPITAL MUNICIPAL LOURENCO JORGE","ADMINISTRACAO PUBLICA","M","OESTE","alto","medio","medio","medio","alto","baixo","medio","medio","medio","baixo"
2270609,201506,2015-06-01,2015,"06",11.9284294234592,5.96421471172962,5.96421471172962,"SMS RIO HOSPITAL MUNICIPAL LOURENCO JORGE","ADMINISTRACAO PUBLICA","M","OESTE","alto","medio","medio","medio","alto","baixo","medio","alto","medio","alto"
2270609,201507,2015-07-01,2015,"07",9.56022944550669,5.73613766730402,3.82409177820268,"SMS RIO HOSPITAL MUNICIPAL LOURENCO JORGE","ADMINISTRACAO PUBLICA","M","OESTE","alto","medio","medio","medio","alto","medio","medio","medio","medio","alto"
2270609,201508,2015-08-01,2015,"08",1.97628458498024,1.97628458498024,0,"SMS RIO HOSPITAL MUNICIPAL LOURENCO JORGE","ADMINISTRACAO PUBLICA","M","OESTE","alto","medio","medio","medio","alto","alto","medio","baixo","medio","baixo"
2270609,201509,2015-09-01,2015,"09",12.7931769722814,8.52878464818763,4.26439232409382,"SMS RIO HOSPITAL MUNICIPAL LOURENCO JORGE","ADMINISTRACAO PUBLICA","M","OESTE","alto","medio","medio","medio","alto","alto","medio","alto","alto","alto"
2270609,201510,2015-10-01,2015,"10",13.0718954248366,10.8932461873638,2.17864923747277,"SMS RIO HOSPITAL MUNICIPAL LOURENCO JORGE","ADMINISTRACAO PUBLICA","M","OESTE","alto","medio","medio","baixo","alto","alto","medio","alto","alto","medio"
2270609,201511,2015-11-01,2015,"11",6.78733031674208,6.78733031674208,0,"SMS RIO HOSPITAL MUNICIPAL LOURENCO JORGE","ADMINISTRACAO PUBLICA","M","OESTE","alto","alto","medio","medio","alto","medio","medio","medio","medio","baixo"
2270609,201512,2015-12-01,2015,"12",7.16845878136201,5.37634408602151,1.7921146953405,"SMS RIO HOSPITAL MUNICIPAL LOURENCO JORGE","ADMINISTRACAO PUBLICA","M","OESTE","alto","medio","medio","medio","alto","medio","medio","medio","medio","medio"
2270609,201601,2016-01-01,2016,"01",11.3421550094518,11.3421550094518,0,"SMS RIO HOSPITAL MUNICIPAL LOURENCO JORGE","ADMINISTRACAO PUBLICA","M","OESTE","alto","alto","medio","medio","alto","alto","medio","medio","alto","baixo"
2270609,201602,2016-02-01,2016,"02",6.09756097560976,6.09756097560976,0,"SMS RIO HOSPITAL MUNICIPAL LOURENCO JORGE","ADMINISTRACAO PUBLICA","M","OESTE","alto","alto","medio","medio","alto","baixo","medio","medio","medio","baixo"
2270609,201603,2016-03-01,2016,"03",5.60747663551402,3.73831775700935,1.86915887850467,"SMS RIO HOSPITAL MUNICIPAL LOURENCO JORGE","ADMINISTRACAO PUBLICA","M","OESTE","alto","alto","medio","alto","medio","medio","medio","medio","medio","medio"
2270609,201604,2016-04-01,2016,"04",3.68324125230203,1.84162062615101,1.84162062615101,"SMS RIO HOSPITAL MUNICIPAL LOURENCO JORGE","ADMINISTRACAO PUBLICA","M","OESTE","alto","alto","medio","medio","medio","medio","medio","medio","baixo","medio"
2270609,201605,2016-05-01,2016,"05",1.92678227360308,1.92678227360308,0,"SMS RIO HOSPITAL MUNICIPAL LOURENCO JORGE","ADMINISTRACAO PUBLICA","M","OESTE","alto","alto","medio","alto","alto","medio","medio","baixo","medio","baixo"
2270609,201606,2016-06-01,2016,"06",8.2135523613963,6.16016427104723,2.05338809034908,"SMS RIO HOSPITAL MUNICIPAL LOURENCO JORGE","ADMINISTRACAO PUBLICA","M","OESTE","alto","medio","medio","medio","medio","medio","medio","medio","medio","medio"
2270609,201607,2016-07-01,2016,"07",3.88349514563107,3.88349514563107,0,"SMS RIO HOSPITAL MUNICIPAL LOURENCO JORGE","ADMINISTRACAO PUBLICA","M","OESTE","alto","medio","baixo","medio","medio","medio","medio","medio","medio","baixo"
2270609,201608,2016-08-01,2016,"08",6.46551724137931,6.46551724137931,0,"SMS RIO HOSPITAL MUNICIPAL LOURENCO JORGE","ADMINISTRACAO PUBLICA","M","OESTE","alto","medio","baixo","medio","medio","medio","medio","medio","medio","baixo"
2270609,201609,2016-09-01,2016,"09",8.36820083682008,8.36820083682008,0,"SMS RIO HOSPITAL MUNICIPAL LOURENCO JORGE","ADMINISTRACAO PUBLICA","M","OESTE","alto","medio","baixo","medio","medio","alto","medio","medio","alto","baixo"
2270609,201610,2016-10-01,2016,"10",15.8730158730159,13.6054421768707,2.26757369614512,"SMS RIO HOSPITAL MUNICIPAL LOURENCO JORGE","ADMINISTRACAO PUBLICA","M","OESTE","alto","medio","baixo","alto","medio","medio","medio","alto","alto","medio"
2270609,201611,2016-11-01,2016,"11",4.85436893203883,4.85436893203883,0,"SMS RIO HOSPITAL MUNICIPAL LOURENCO JORGE","ADMINISTRACAO PUBLICA","M","OESTE","alto","medio","baixo","medio","medio","medio","baixo","medio","medio","baixo"
2270609,201612,2016-12-01,2016,"12",12.5523012552301,12.5523012552301,0,"SMS RIO HOSPITAL MUNICIPAL LOURENCO JORGE","ADMINISTRACAO PUBLICA","M","OESTE","alto","medio","baixo","alto","medio","medio","medio","alto","alto","baixo"
2270609,201701,2017-01-01,2017,"01",9.9009900990099,5.94059405940594,3.96039603960396,"SMS RIO HOSPITAL MUNICIPAL LOURENCO JORGE","ADMINISTRACAO PUBLICA","M","OESTE","alto","alto","baixo","medio","medio","medio","medio","medio","medio","alto"
2270609,201702,2017-02-01,2017,"02",2.12765957446809,2.12765957446809,0,"SMS RIO HOSPITAL MUNICIPAL LOURENCO JORGE","ADMINISTRACAO PUBLICA","M","OESTE","alto","medio","baixo","medio","medio","medio","medio","baixo","medio","baixo"
2270609,201703,2017-03-01,2017,"03",8.78734622144113,5.27240773286468,3.51493848857645,"SMS RIO HOSPITAL MUNICIPAL LOURENCO JORGE","ADMINISTRACAO PUBLICA","M","OESTE","alto","alto","baixo","alto","medio","medio","medio","medio","medio","alto"
2270609,201704,2017-04-01,2017,"04",9.61538461538462,3.84615384615385,5.76923076923077,"SMS RIO HOSPITAL MUNICIPAL LOURENCO JORGE","ADMINISTRACAO PUBLICA","M","OESTE","alto","medio","baixo","medio","medio","alto","medio","medio","medio","alto"
2270609,201705,2017-05-01,2017,"05",10.7142857142857,8.92857142857143,1.78571428571429,"SMS RIO HOSPITAL MUNICIPAL LOURENCO JORGE","ADMINISTRACAO PUBLICA","M","OESTE","alto","medio","baixo","medio","medio","medio","medio","medio","alto","medio"
2270609,201706,2017-06-01,2017,"06",5.75815738963532,5.75815738963532,0,"SMS RIO HOSPITAL MUNICIPAL LOURENCO JORGE","ADMINISTRACAO PUBLICA","M","OESTE","alto","medio","baixo","medio","medio","medio","medio","medio","medio","baixo"
2270609,201707,2017-07-01,2017,"07",7.67754318618042,5.75815738963532,1.91938579654511,"SMS RIO HOSPITAL MUNICIPAL LOURENCO JORGE","ADMINISTRACAO PUBLICA","M","OESTE","alto","medio","baixo","alto","baixo","medio","medio","medio","medio","medio"
2270609,201708,2017-08-01,2017,"08",4.31965442764579,4.31965442764579,0,"SMS RIO HOSPITAL MUNICIPAL LOURENCO JORGE","ADMINISTRACAO PUBLICA","M","OESTE","alto","medio","baixo","alto","medio","baixo","medio","medio","medio","baixo"
2270609,201709,2017-09-01,2017,"09",11.0619469026549,8.84955752212389,2.21238938053097,"SMS RIO HOSPITAL MUNICIPAL LOURENCO JORGE","ADMINISTRACAO PUBLICA","M","OESTE","alto","medio","baixo","medio","medio","medio","medio","medio","alto","medio"
2270609,201710,2017-10-01,2017,"10",11.441647597254,6.8649885583524,4.5766590389016,"SMS RIO HOSPITAL MUNICIPAL LOURENCO JORGE","ADMINISTRACAO PUBLICA","M","OESTE","alto","medio","baixo","baixo","baixo","medio","medio","alto","medio","alto"
2270609,201711,2017-11-01,2017,"11",10.752688172043,8.60215053763441,2.1505376344086,"SMS RIO HOSPITAL MUNICIPAL LOURENCO JORGE","ADMINISTRACAO PUBLICA","M","OESTE","alto","medio","baixo","alto","baixo","medio","baixo","medio","alto","medio"
2270609,201712,2017-12-01,2017,"12",11.1317254174397,11.1317254174397,0,"SMS RIO HOSPITAL MUNICIPAL LOURENCO JORGE","ADMINISTRACAO PUBLICA","M","OESTE","alto","medio","baixo","alto","medio","medio","medio","medio","alto","baixo"
2270714,200601,2006-01-01,2006,"01",6.00600600600601,3.003003003003,3.003003003003,"SMS RIO HOSPITAL MATERNIDADE FERNANDO MAGALHAES","ADMINISTRACAO PUBLICA","M","NORTE","medio","medio","alto","medio","alto","medio","alto","medio","medio","alto"
2270714,200602,2006-02-01,2006,"02",17.4418604651163,8.72093023255814,8.72093023255814,"SMS RIO HOSPITAL MATERNIDADE FERNANDO MAGALHAES","ADMINISTRACAO PUBLICA","M","NORTE","medio","alto","alto","medio","alto","medio","medio","alto","alto","alto"
2270714,200603,2006-03-01,2006,"03",12.9533678756477,7.7720207253886,5.18134715025907,"SMS RIO HOSPITAL MATERNIDADE FERNANDO MAGALHAES","ADMINISTRACAO PUBLICA","M","NORTE","alto","medio","alto","medio","alto","medio","medio","alto","medio","alto"
2270714,200604,2006-04-01,2006,"04",27.7078085642317,22.6700251889169,5.03778337531486,"SMS RIO HOSPITAL MATERNIDADE FERNANDO MAGALHAES","ADMINISTRACAO PUBLICA","M","NORTE","alto","medio","alto","medio","alto","medio","medio","alto","alto","alto"
2270714,200605,2006-05-01,2006,"05",21.3333333333333,21.3333333333333,0,"SMS RIO HOSPITAL MATERNIDADE FERNANDO MAGALHAES","ADMINISTRACAO PUBLICA","M","NORTE","alto","alto","alto","alto","alto","medio","medio","alto","alto","baixo"
2270714,200606,2006-06-01,2006,"06",22.2841225626741,22.2841225626741,0,"SMS RIO HOSPITAL MATERNIDADE FERNANDO MAGALHAES","ADMINISTRACAO PUBLICA","M","NORTE","alto","medio","alto","medio","alto","alto","medio","alto","alto","baixo"
2270714,200607,2006-07-01,2006,"07",19.9430199430199,14.2450142450142,5.6980056980057,"SMS RIO HOSPITAL MATERNIDADE FERNANDO MAGALHAES","ADMINISTRACAO PUBLICA","M","NORTE","alto","alto","alto","medio","alto","medio","alto","alto","alto","alto"
2270714,200608,2006-08-01,2006,"08",13.1578947368421,13.1578947368421,0,"SMS RIO HOSPITAL MATERNIDADE FERNANDO MAGALHAES","ADMINISTRACAO PUBLICA","M","NORTE","alto","alto","alto","medio","alto","medio","medio","alto","alto","baixo"
2270714,200609,2006-09-01,2006,"09",11.7647058823529,8.82352941176471,2.94117647058824,"SMS RIO HOSPITAL MATERNIDADE FERNANDO MAGALHAES","ADMINISTRACAO PUBLICA","M","NORTE","medio","alto","alto","medio","alto","medio","alto","alto","alto","alto"
2270714,200610,2006-10-01,2006,"10",11.4942528735632,11.4942528735632,0,"SMS RIO HOSPITAL MATERNIDADE FERNANDO MAGALHAES","ADMINISTRACAO PUBLICA","M","NORTE","alto","medio","alto","baixo","alto","medio","medio","alto","alto","baixo"
2270714,200611,2006-11-01,2006,"11",9.375,6.25,3.125,"SMS RIO HOSPITAL MATERNIDADE FERNANDO MAGALHAES","ADMINISTRACAO PUBLICA","M","NORTE","medio","alto","alto","medio","alto","medio","medio","medio","medio","alto"
2270714,200612,2006-12-01,2006,"12",17.8571428571429,17.8571428571429,0,"SMS RIO HOSPITAL MATERNIDADE FERNANDO MAGALHAES","ADMINISTRACAO PUBLICA","M","NORTE","medio","alto","alto","medio","alto","medio","medio","alto","alto","baixo"
2270714,200701,2007-01-01,2007,"01",21.5384615384615,15.3846153846154,6.15384615384615,"SMS RIO HOSPITAL MATERNIDADE FERNANDO MAGALHAES","ADMINISTRACAO PUBLICA","M","NORTE","medio","alto","alto",NA,"alto","medio","medio","alto","alto","alto"
2270714,200702,2007-02-01,2007,"02",26.865671641791,17.910447761194,8.95522388059702,"SMS RIO HOSPITAL MATERNIDADE FERNANDO MAGALHAES","ADMINISTRACAO PUBLICA","M","NORTE","medio","alto","alto",NA,"alto","alto","medio","alto","alto","alto"
2270714,200703,2007-03-01,2007,"03",5.37634408602151,5.37634408602151,0,"SMS RIO HOSPITAL MATERNIDADE FERNANDO MAGALHAES","ADMINISTRACAO PUBLICA","M","NORTE","alto","alto","alto",NA,"alto","alto","medio","medio","medio","baixo"
2270714,200704,2007-04-01,2007,"04",8.24175824175824,8.24175824175824,0,"SMS RIO HOSPITAL MATERNIDADE FERNANDO MAGALHAES","ADMINISTRACAO PUBLICA","M","NORTE","alto","medio","alto",NA,"alto","medio","medio","medio","medio","baixo"
2270714,200705,2007-05-01,2007,"05",24.5700245700246,22.1130221130221,2.45700245700246,"SMS RIO HOSPITAL MATERNIDADE FERNANDO MAGALHAES","ADMINISTRACAO PUBLICA","M","NORTE","alto","medio","alto",NA,"alto","alto","medio","alto","alto","alto"
2270714,200706,2007-06-01,2007,"06",9.3167701863354,6.2111801242236,3.1055900621118,"SMS RIO HOSPITAL MATERNIDADE FERNANDO MAGALHAES","ADMINISTRACAO PUBLICA","M","NORTE","medio","medio","alto",NA,"alto","medio","medio","medio","medio","alto"
2270714,200707,2007-07-01,2007,"07",13.7931034482759,6.89655172413793,6.89655172413793,"SMS RIO HOSPITAL MATERNIDADE FERNANDO MAGALHAES","ADMINISTRACAO PUBLICA","M","NORTE","medio","alto","alto",NA,"alto","medio","medio","alto","medio","alto"
2270714,200708,2007-08-01,2007,"08",10,3.33333333333333,6.66666666666667,"SMS RIO HOSPITAL MATERNIDADE FERNANDO MAGALHAES","ADMINISTRACAO PUBLICA","M","NORTE","medio","medio","alto",NA,"alto","baixo","alto","medio","medio","alto"
2270714,200709,2007-09-01,2007,"09",6.68896321070234,6.68896321070234,0,"SMS RIO HOSPITAL MATERNIDADE FERNANDO MAGALHAES","ADMINISTRACAO PUBLICA","M","NORTE","medio","medio","alto",NA,"alto","medio","medio","medio","medio","baixo"
2270714,200710,2007-10-01,2007,"10",3.09597523219814,3.09597523219814,0,"SMS RIO HOSPITAL MATERNIDADE FERNANDO MAGALHAES","ADMINISTRACAO PUBLICA","M","NORTE","medio","alto","alto",NA,"alto","medio","alto","baixo","medio","baixo"
2270714,200711,2007-11-01,2007,"11",6.71140939597315,6.71140939597315,0,"SMS RIO HOSPITAL MATERNIDADE FERNANDO MAGALHAES","ADMINISTRACAO PUBLICA","M","NORTE","medio","alto","alto",NA,"alto","medio","alto","medio","medio","baixo"
2270714,200712,2007-12-01,2007,"12",20.2312138728324,14.4508670520231,5.78034682080925,"SMS RIO HOSPITAL MATERNIDADE FERNANDO MAGALHAES","ADMINISTRACAO PUBLICA","M","NORTE","medio","alto","alto",NA,"alto","medio","alto","alto","alto","alto"
2270714,200801,2008-01-01,2008,"01",15.8227848101266,12.6582278481013,3.16455696202532,"SMS RIO HOSPITAL MATERNIDADE FERNANDO MAGALHAES","ADMINISTRACAO PUBLICA","M","NORTE","medio","alto","alto","medio","alto","alto","medio","alto","alto","alto"
2270714,200802,2008-02-01,2008,"02",6.41025641025641,6.41025641025641,0,"SMS RIO HOSPITAL MATERNIDADE FERNANDO MAGALHAES","ADMINISTRACAO PUBLICA","M","NORTE","medio","alto","alto","medio","alto","medio","medio","medio","medio","baixo"
2270714,200803,2008-03-01,2008,"03",11.4942528735632,8.62068965517241,2.8735632183908,"SMS RIO HOSPITAL MATERNIDADE FERNANDO MAGALHAES","ADMINISTRACAO PUBLICA","M","NORTE","alto","alto","alto","alto","alto","medio","medio","alto","alto","alto"
2270714,200804,2008-04-01,2008,"04",6.13496932515337,3.06748466257669,3.06748466257669,"SMS RIO HOSPITAL MATERNIDADE FERNANDO MAGALHAES","ADMINISTRACAO PUBLICA","M","NORTE","medio","medio","alto","alto","alto","baixo","medio","medio","medio","alto"
2270714,200805,2008-05-01,2008,"05",5.83090379008746,2.91545189504373,2.91545189504373,"SMS RIO HOSPITAL MATERNIDADE FERNANDO MAGALHAES","ADMINISTRACAO PUBLICA","M","NORTE","medio","alto","alto","medio","alto","medio","medio","medio","medio","alto"
2270714,200806,2008-06-01,2008,"06",3.05810397553517,3.05810397553517,0,"SMS RIO HOSPITAL MATERNIDADE FERNANDO MAGALHAES","ADMINISTRACAO PUBLICA","M","NORTE","medio","alto","alto","alto","alto","medio","alto","baixo","medio","baixo"
2270714,200807,2008-07-01,2008,"07",13.8888888888889,13.8888888888889,0,"SMS RIO HOSPITAL MATERNIDADE FERNANDO MAGALHAES","ADMINISTRACAO PUBLICA","M","NORTE","alto","medio","alto","medio","alto","medio","medio","alto","alto","baixo"
2270714,200808,2008-08-01,2008,"08",18.2926829268293,15.2439024390244,3.04878048780488,"SMS RIO HOSPITAL MATERNIDADE FERNANDO MAGALHAES","ADMINISTRACAO PUBLICA","M","NORTE","medio","medio","alto","alto","alto","medio","medio","alto","alto","alto"
2270714,200809,2008-09-01,2008,"09",13.2013201320132,3.3003300330033,9.9009900990099,"SMS RIO HOSPITAL MATERNIDADE FERNANDO MAGALHAES","ADMINISTRACAO PUBLICA","M","NORTE","medio","alto","alto","medio","alto","medio","alto","alto","medio","alto"
2270714,200810,2008-10-01,2008,"10",11.2359550561798,11.2359550561798,0,"SMS RIO HOSPITAL MATERNIDADE FERNANDO MAGALHAES","ADMINISTRACAO PUBLICA","M","NORTE","medio","alto","alto","medio","alto","baixo","medio","medio","alto","baixo"
2270714,200811,2008-11-01,2008,"11",13.2890365448505,13.2890365448505,0,"SMS RIO HOSPITAL MATERNIDADE FERNANDO MAGALHAES","ADMINISTRACAO PUBLICA","M","NORTE","medio","alto","alto","medio","alto","medio","alto","alto","alto","baixo"
2270714,200812,2008-12-01,2008,"12",15.4320987654321,12.3456790123457,3.08641975308642,"SMS RIO HOSPITAL MATERNIDADE FERNANDO MAGALHAES","ADMINISTRACAO PUBLICA","M","NORTE","medio","alto","alto","medio","alto","medio","alto","alto","alto","alto"
2270714,200901,2009-01-01,2009,"01",2.89017341040462,0,2.89017341040462,"SMS RIO HOSPITAL MATERNIDADE FERNANDO MAGALHAES","ADMINISTRACAO PUBLICA","M","NORTE","medio","medio","alto",NA,"alto","medio","medio","baixo","baixo","alto"
2270714,200902,2009-02-01,2009,"02",9.06344410876133,9.06344410876133,0,"SMS RIO HOSPITAL MATERNIDADE FERNANDO MAGALHAES","ADMINISTRACAO PUBLICA","M","NORTE","medio","medio","alto",NA,"alto","baixo","medio","medio","alto","baixo"
2270714,200903,2009-03-01,2009,"03",15.7728706624606,6.30914826498423,9.46372239747634,"SMS RIO HOSPITAL MATERNIDADE FERNANDO MAGALHAES","ADMINISTRACAO PUBLICA","M","NORTE","medio","medio","alto",NA,"alto","alto","medio","alto","medio","alto"
2270714,200904,2009-04-01,2009,"04",11.0192837465565,8.26446280991736,2.75482093663912,"SMS RIO HOSPITAL MATERNIDADE FERNANDO MAGALHAES","ADMINISTRACAO PUBLICA","M","NORTE","alto","medio","alto",NA,"alto","medio","medio","medio","medio","alto"
2270714,200905,2009-05-01,2009,"05",16.7597765363128,16.7597765363128,0,"SMS RIO HOSPITAL MATERNIDADE FERNANDO MAGALHAES","ADMINISTRACAO PUBLICA","M","NORTE","alto","alto","alto",NA,"alto","baixo","medio","alto","alto","baixo"
2270714,200906,2009-06-01,2009,"06",15.1057401812689,12.0845921450151,3.02114803625378,"SMS RIO HOSPITAL MATERNIDADE FERNANDO MAGALHAES","ADMINISTRACAO PUBLICA","M","NORTE","medio","medio","alto",NA,"alto","alto","medio","alto","alto","alto"
2270714,200907,2009-07-01,2009,"07",10.5263157894737,7.89473684210526,2.63157894736842,"SMS RIO HOSPITAL MATERNIDADE FERNANDO MAGALHAES","ADMINISTRACAO PUBLICA","M","NORTE","alto","medio","alto",NA,"alto","medio","alto","medio","medio","alto"
2270714,200908,2009-08-01,2009,"08",10.1351351351351,3.37837837837838,6.75675675675676,"SMS RIO HOSPITAL MATERNIDADE FERNANDO MAGALHAES","ADMINISTRACAO PUBLICA","M","NORTE","medio","medio","alto",NA,"alto","medio","medio","medio","medio","alto"
2270714,200909,2009-09-01,2009,"09",9.1743119266055,9.1743119266055,0,"SMS RIO HOSPITAL MATERNIDADE FERNANDO MAGALHAES","ADMINISTRACAO PUBLICA","M","NORTE","medio","medio","alto",NA,"alto","medio","medio","medio","alto","baixo"
2270714,200910,2009-10-01,2009,"10",12.7388535031847,9.55414012738853,3.18471337579618,"SMS RIO HOSPITAL MATERNIDADE FERNANDO MAGALHAES","ADMINISTRACAO PUBLICA","M","NORTE","medio","alto","alto",NA,"alto","alto","medio","alto","alto","alto"
2270714,200911,2009-11-01,2009,"11",12.2699386503067,9.20245398773006,3.06748466257669,"SMS RIO HOSPITAL MATERNIDADE FERNANDO MAGALHAES","ADMINISTRACAO PUBLICA","M","NORTE","medio","alto","alto",NA,"alto","medio","medio","alto","alto","alto"
2270714,200912,2009-12-01,2009,"12",6.0790273556231,6.0790273556231,0,"SMS RIO HOSPITAL MATERNIDADE FERNANDO MAGALHAES","ADMINISTRACAO PUBLICA","M","NORTE","medio","alto","alto",NA,"alto","medio","medio","medio","medio","baixo"
2270714,201001,2010-01-01,2010,"01",7.7720207253886,5.18134715025907,2.59067357512953,"SMS RIO HOSPITAL MATERNIDADE FERNANDO MAGALHAES","ADMINISTRACAO PUBLICA","M","NORTE","alto","medio","medio",NA,"alto","medio","medio","medio","medio","alto"
2270714,201002,2010-02-01,2010,"02",5.46448087431694,2.73224043715847,2.73224043715847,"SMS RIO HOSPITAL MATERNIDADE FERNANDO MAGALHAES","ADMINISTRACAO PUBLICA","M","NORTE","alto","baixo","alto",NA,"alto","medio","medio","medio","medio","alto"
2270714,201003,2010-03-01,2010,"03",17.5,17.5,0,"SMS RIO HOSPITAL MATERNIDADE FERNANDO MAGALHAES","ADMINISTRACAO PUBLICA","M","NORTE","alto","medio","alto",NA,"alto","alto","medio","alto","alto","baixo"
2270714,201004,2010-04-01,2010,"04",10.6382978723404,10.6382978723404,0,"SMS RIO HOSPITAL MATERNIDADE FERNANDO MAGALHAES","ADMINISTRACAO PUBLICA","M","NORTE","alto","medio","alto",NA,"alto","baixo","medio","medio","alto","baixo"
2270714,201005,2010-05-01,2010,"05",8.21917808219178,8.21917808219178,0,"SMS RIO HOSPITAL MATERNIDADE FERNANDO MAGALHAES","ADMINISTRACAO PUBLICA","M","NORTE","alto","medio","alto",NA,"alto","medio","medio","medio","medio","baixo"
2270714,201006,2010-06-01,2010,"06",5.54016620498615,5.54016620498615,0,"SMS RIO HOSPITAL MATERNIDADE FERNANDO MAGALHAES","ADMINISTRACAO PUBLICA","M","NORTE","alto","alto","alto",NA,"alto","baixo","medio","medio","medio","baixo"
2270714,201007,2010-07-01,2010,"07",2.64550264550265,2.64550264550265,0,"SMS RIO HOSPITAL MATERNIDADE FERNANDO MAGALHAES","ADMINISTRACAO PUBLICA","M","NORTE","alto","medio","alto",NA,"alto","alto","medio","baixo","medio","baixo"
2270714,201008,2010-08-01,2010,"08",6.2111801242236,6.2111801242236,0,"SMS RIO HOSPITAL MATERNIDADE FERNANDO MAGALHAES","ADMINISTRACAO PUBLICA","M","NORTE","medio","medio","alto",NA,"alto","baixo","medio","medio","medio","baixo"
2270714,201009,2010-09-01,2010,"09",5.84795321637427,5.84795321637427,0,"SMS RIO HOSPITAL MATERNIDADE FERNANDO MAGALHAES","ADMINISTRACAO PUBLICA","M","NORTE","medio","baixo","alto",NA,"alto","baixo","medio","medio","medio","baixo"
2270714,201010,2010-10-01,2010,"10",6.30914826498423,6.30914826498423,0,"SMS RIO HOSPITAL MATERNIDADE FERNANDO MAGALHAES","ADMINISTRACAO PUBLICA","M","NORTE","medio","medio","alto",NA,"alto","medio","medio","medio","medio","baixo"
2270714,201011,2010-11-01,2010,"11",0,0,0,"SMS RIO HOSPITAL MATERNIDADE FERNANDO MAGALHAES","ADMINISTRACAO PUBLICA","M","NORTE","medio","medio","alto",NA,"alto","baixo","medio","baixo","baixo","baixo"
2270714,201012,2010-12-01,2010,"12",16.260162601626,13.550135501355,2.710027100271,"SMS RIO HOSPITAL MATERNIDADE FERNANDO MAGALHAES","ADMINISTRACAO PUBLICA","M","NORTE","alto","medio","alto",NA,"medio","medio","medio","alto","alto","alto"
2270714,201101,2011-01-01,2011,"01",11.4942528735632,11.4942528735632,0,"SMS RIO HOSPITAL MATERNIDADE FERNANDO MAGALHAES","ADMINISTRACAO PUBLICA","M","NORTE","alto","medio","alto","medio","alto","baixo","medio","alto","alto","baixo"
2270714,201102,2011-02-01,2011,"02",2.68817204301075,2.68817204301075,0,"SMS RIO HOSPITAL MATERNIDADE FERNANDO MAGALHAES","ADMINISTRACAO PUBLICA","M","NORTE","alto","medio","alto","medio","alto","alto","medio","baixo","medio","baixo"
2270714,201103,2011-03-01,2011,"03",2.4330900243309,2.4330900243309,0,"SMS RIO HOSPITAL MATERNIDADE FERNANDO MAGALHAES","ADMINISTRACAO PUBLICA","M","NORTE","alto","medio","alto","medio","alto","baixo","medio","baixo","medio","baixo"
2270714,201104,2011-04-01,2011,"04",15.8311345646438,15.8311345646438,0,"SMS RIO HOSPITAL MATERNIDADE FERNANDO MAGALHAES","ADMINISTRACAO PUBLICA","M","NORTE","alto","medio","alto","medio","alto","medio","medio","alto","alto","baixo"
2270714,201105,2011-05-01,2011,"05",4.90196078431373,4.90196078431373,0,"SMS RIO HOSPITAL MATERNIDADE FERNANDO MAGALHAES","ADMINISTRACAO PUBLICA","M","NORTE","alto","medio","medio","medio","alto","baixo","medio","medio","medio","baixo"
2270714,201106,2011-06-01,2011,"06",4.97512437810945,4.97512437810945,0,"SMS RIO HOSPITAL MATERNIDADE FERNANDO MAGALHAES","ADMINISTRACAO PUBLICA","M","NORTE","alto","baixo","alto","medio","alto","medio","medio","medio","medio","baixo"
2270714,201107,2011-07-01,2011,"07",4.76190476190476,2.38095238095238,2.38095238095238,"SMS RIO HOSPITAL MATERNIDADE FERNANDO MAGALHAES","ADMINISTRACAO PUBLICA","M","NORTE","alto","baixo","alto","medio","medio","baixo","medio","medio","medio","alto"
2270714,201108,2011-08-01,2011,"08",4.84261501210654,4.84261501210654,0,"SMS RIO HOSPITAL MATERNIDADE FERNANDO MAGALHAES","ADMINISTRACAO PUBLICA","M","NORTE","alto","medio","medio","medio","alto","medio","medio","medio","medio","baixo"
2270714,201109,2011-09-01,2011,"09",8.35654596100279,5.57103064066852,2.78551532033426,"SMS RIO HOSPITAL MATERNIDADE FERNANDO MAGALHAES","ADMINISTRACAO PUBLICA","M","NORTE","alto","medio","alto","medio","alto","medio","medio","medio","medio","alto"
2270714,201110,2011-10-01,2011,"10",2.98507462686567,2.98507462686567,0,"SMS RIO HOSPITAL MATERNIDADE FERNANDO MAGALHAES","ADMINISTRACAO PUBLICA","M","NORTE","medio","medio","medio","medio","medio","alto","medio","baixo","medio","baixo"
2270714,201111,2011-11-01,2011,"11",6.2111801242236,6.2111801242236,0,"SMS RIO HOSPITAL MATERNIDADE FERNANDO MAGALHAES","ADMINISTRACAO PUBLICA","M","NORTE","medio","medio","alto","medio","medio","alto","medio","medio","medio","baixo"
2270714,201112,2011-12-01,2011,"12",7.8125,7.8125,0,"SMS RIO HOSPITAL MATERNIDADE FERNANDO MAGALHAES","ADMINISTRACAO PUBLICA","M","NORTE","alto","medio","alto","medio","baixo","medio","medio","medio","medio","baixo"
2270714,201201,2012-01-01,2012,"01",6.96055684454756,6.96055684454756,0,"SMS RIO HOSPITAL MATERNIDADE FERNANDO MAGALHAES","ADMINISTRACAO PUBLICA","M","NORTE","alto","alto","medio",NA,"medio","medio","medio","medio","medio","baixo"
2270714,201202,2012-02-01,2012,"02",10.4166666666667,7.8125,2.60416666666667,"SMS RIO HOSPITAL MATERNIDADE FERNANDO MAGALHAES","ADMINISTRACAO PUBLICA","M","NORTE","alto","alto","alto",NA,"medio","medio","medio","medio","medio","alto"
2270714,201203,2012-03-01,2012,"03",7.04225352112676,7.04225352112676,0,"SMS RIO HOSPITAL MATERNIDADE FERNANDO MAGALHAES","ADMINISTRACAO PUBLICA","M","NORTE","alto","alto","medio",NA,"medio","medio","medio","medio","medio","baixo"
2270714,201204,2012-04-01,2012,"04",9.70873786407767,7.28155339805825,2.42718446601942,"SMS RIO HOSPITAL MATERNIDADE FERNANDO MAGALHAES","ADMINISTRACAO PUBLICA","M","NORTE","alto","alto","alto",NA,"medio","alto","medio","medio","medio","alto"
2270714,201205,2012-05-01,2012,"05",5.05050505050505,0,5.05050505050505,"SMS RIO HOSPITAL MATERNIDADE FERNANDO MAGALHAES","ADMINISTRACAO PUBLICA","M","NORTE","alto","alto","alto",NA,"medio","medio","medio","medio","baixo","alto"
2270714,201206,2012-06-01,2012,"06",11.3314447592068,11.3314447592068,0,"SMS RIO HOSPITAL MATERNIDADE FERNANDO MAGALHAES","ADMINISTRACAO PUBLICA","M","NORTE","alto","alto","alto",NA,"alto","alto","medio","medio","alto","baixo"
2270714,201207,2012-07-01,2012,"07",0,0,0,"SMS RIO HOSPITAL MATERNIDADE FERNANDO MAGALHAES","ADMINISTRACAO PUBLICA","M","NORTE","alto","alto","alto",NA,"alto","baixo","medio","baixo","baixo","baixo"
2270714,201208,2012-08-01,2012,"08",17.3010380622837,13.840830449827,3.46020761245675,"SMS RIO HOSPITAL MATERNIDADE FERNANDO MAGALHAES","ADMINISTRACAO PUBLICA","M","NORTE","medio","alto","medio",NA,"medio","medio","medio","alto","alto","alto"
2270714,201209,2012-09-01,2012,"09",8.16326530612245,8.16326530612245,0,"SMS RIO HOSPITAL MATERNIDADE FERNANDO MAGALHAES","ADMINISTRACAO PUBLICA","M","NORTE","medio","medio","medio",NA,"medio","alto","alto","medio","medio","baixo"
2270714,201210,2012-10-01,2012,"10",12.5,12.5,0,"SMS RIO HOSPITAL MATERNIDADE FERNANDO MAGALHAES","ADMINISTRACAO PUBLICA","M","NORTE","medio","medio","medio",NA,"medio","alto","medio","alto","alto","baixo"
2270714,201211,2012-11-01,2012,"11",0,0,0,"SMS RIO HOSPITAL MATERNIDADE FERNANDO MAGALHAES","ADMINISTRACAO PUBLICA","M","NORTE","medio","medio","medio",NA,"medio","baixo","alto","baixo","baixo","baixo"
2270714,201212,2012-12-01,2012,"12",0,0,0,"SMS RIO HOSPITAL MATERNIDADE FERNANDO MAGALHAES","ADMINISTRACAO PUBLICA","M","NORTE","medio","medio","medio",NA,"medio","medio","medio","baixo","baixo","baixo"
2270714,201301,2013-01-01,2013,"01",16.5562913907285,9.93377483443709,6.62251655629139,"SMS RIO HOSPITAL MATERNIDADE FERNANDO MAGALHAES","ADMINISTRACAO PUBLICA","M","NORTE","medio","alto","alto","baixo","medio","medio","medio","alto","alto","alto"
2270714,201302,2013-02-01,2013,"02",12.2324159021407,9.1743119266055,3.05810397553517,"SMS RIO HOSPITAL MATERNIDADE FERNANDO MAGALHAES","ADMINISTRACAO PUBLICA","M","NORTE","medio","alto","medio","medio","baixo","alto","medio","alto","alto","alto"
2270714,201303,2013-03-01,2013,"03",8.87573964497041,8.87573964497041,0,"SMS RIO HOSPITAL MATERNIDADE FERNANDO MAGALHAES","ADMINISTRACAO PUBLICA","M","NORTE","medio","alto","alto","medio","medio","medio","medio","medio","alto","baixo"
2270714,201304,2013-04-01,2013,"04",2.76243093922652,0,2.76243093922652,"SMS RIO HOSPITAL MATERNIDADE FERNANDO MAGALHAES","ADMINISTRACAO PUBLICA","M","NORTE","alto","medio","medio","medio","baixo","baixo","medio","baixo","baixo","alto"
2270714,201305,2013-05-01,2013,"05",5.23560209424084,2.61780104712042,2.61780104712042,"SMS RIO HOSPITAL MATERNIDADE FERNANDO MAGALHAES","ADMINISTRACAO PUBLICA","M","NORTE","alto","alto","alto","medio","baixo","medio","medio","medio","medio","alto"
2270714,201306,2013-06-01,2013,"06",14.5348837209302,11.6279069767442,2.90697674418605,"SMS RIO HOSPITAL MATERNIDADE FERNANDO MAGALHAES","ADMINISTRACAO PUBLICA","M","NORTE","medio","alto","alto","medio","baixo","medio","medio","alto","alto","alto"
2270714,201307,2013-07-01,2013,"07",6.17283950617284,6.17283950617284,0,"SMS RIO HOSPITAL MATERNIDADE FERNANDO MAGALHAES","ADMINISTRACAO PUBLICA","M","NORTE","medio","alto","medio","medio","baixo","medio","medio","medio","medio","baixo"
2270714,201308,2013-08-01,2013,"08",6.15384615384615,6.15384615384615,0,"SMS RIO HOSPITAL MATERNIDADE FERNANDO MAGALHAES","ADMINISTRACAO PUBLICA","M","NORTE","medio","medio","medio","baixo","baixo","medio","medio","medio","medio","baixo"
2270714,201309,2013-09-01,2013,"09",10.0671140939597,6.71140939597315,3.35570469798658,"SMS RIO HOSPITAL MATERNIDADE FERNANDO MAGALHAES","ADMINISTRACAO PUBLICA","M","NORTE","medio","alto","medio","medio","baixo","medio","medio","medio","medio","alto"
2270714,201310,2013-10-01,2013,"10",15.3374233128834,12.2699386503067,3.06748466257669,"SMS RIO HOSPITAL MATERNIDADE FERNANDO MAGALHAES","ADMINISTRACAO PUBLICA","M","NORTE","medio","medio","medio","medio","baixo","alto","medio","alto","alto","alto"
2270714,201311,2013-11-01,2013,"11",23.0263157894737,19.7368421052632,3.28947368421053,"SMS RIO HOSPITAL MATERNIDADE FERNANDO MAGALHAES","ADMINISTRACAO PUBLICA","M","NORTE","medio","medio","medio","alto","baixo","alto","medio","alto","alto","alto"
2270714,201312,2013-12-01,2013,"12",6.38977635782748,3.19488817891374,3.19488817891374,"SMS RIO HOSPITAL MATERNIDADE FERNANDO MAGALHAES","ADMINISTRACAO PUBLICA","M","NORTE","medio","alto","medio","medio","baixo","medio","alto","medio","medio","alto"
2270714,201401,2014-01-01,2014,"01",5.63380281690141,2.8169014084507,2.8169014084507,"SMS RIO HOSPITAL MATERNIDADE FERNANDO MAGALHAES","ADMINISTRACAO PUBLICA","M","NORTE","alto","medio","medio","medio","baixo","medio","medio","medio","medio","alto"
2270714,201402,2014-02-01,2014,"02",6.28930817610063,6.28930817610063,0,"SMS RIO HOSPITAL MATERNIDADE FERNANDO MAGALHAES","ADMINISTRACAO PUBLICA","M","NORTE","medio","alto","medio","medio","baixo","medio","alto","medio","medio","baixo"
2270714,201403,2014-03-01,2014,"03",9.58466453674121,6.38977635782748,3.19488817891374,"SMS RIO HOSPITAL MATERNIDADE FERNANDO MAGALHAES","ADMINISTRACAO PUBLICA","M","NORTE","medio","alto","medio","alto","baixo","medio","medio","medio","medio","alto"
2270714,201404,2014-04-01,2014,"04",5.6980056980057,2.84900284900285,2.84900284900285,"SMS RIO HOSPITAL MATERNIDADE FERNANDO MAGALHAES","ADMINISTRACAO PUBLICA","M","NORTE","alto","medio","medio","alto","baixo","medio","medio","medio","medio","alto"
2270714,201405,2014-05-01,2014,"05",2.5062656641604,0,2.5062656641604,"SMS RIO HOSPITAL MATERNIDADE FERNANDO MAGALHAES","ADMINISTRACAO PUBLICA","M","NORTE","alto","alto","alto","alto","medio","alto","medio","baixo","baixo","alto"
2270714,201406,2014-06-01,2014,"06",6.45161290322581,3.2258064516129,3.2258064516129,"SMS RIO HOSPITAL MATERNIDADE FERNANDO MAGALHAES","ADMINISTRACAO PUBLICA","M","NORTE","medio","alto","medio","alto","baixo","alto","medio","medio","medio","alto"
2270714,201407,2014-07-01,2014,"07",9.375,6.25,3.125,"SMS RIO HOSPITAL MATERNIDADE FERNANDO MAGALHAES","ADMINISTRACAO PUBLICA","M","NORTE","medio","alto","alto","medio","medio","medio","medio","medio","medio","alto"
2270714,201408,2014-08-01,2014,"08",10.5263157894737,7.01754385964912,3.50877192982456,"SMS RIO HOSPITAL MATERNIDADE FERNANDO MAGALHAES","ADMINISTRACAO PUBLICA","M","NORTE","medio","medio","medio","medio","baixo","alto","medio","medio","medio","alto"
2270714,201409,2014-09-01,2014,"09",0,0,0,"SMS RIO HOSPITAL MATERNIDADE FERNANDO MAGALHAES","ADMINISTRACAO PUBLICA","M","NORTE","medio","medio","medio","alto","medio","medio","medio","baixo","baixo","baixo"
2270714,201410,2014-10-01,2014,"10",3.32225913621262,3.32225913621262,0,"SMS RIO HOSPITAL MATERNIDADE FERNANDO MAGALHAES","ADMINISTRACAO PUBLICA","M","NORTE","medio","medio","medio","medio","baixo","baixo","medio","baixo","medio","baixo"
2270714,201411,2014-11-01,2014,"11",5.83090379008746,2.91545189504373,2.91545189504373,"SMS RIO HOSPITAL MATERNIDADE FERNANDO MAGALHAES","ADMINISTRACAO PUBLICA","M","NORTE","medio","medio","medio","medio","baixo","medio","medio","medio","medio","alto"
2270714,201412,2014-12-01,2014,"12",17.9640718562874,8.98203592814371,8.98203592814371,"SMS RIO HOSPITAL MATERNIDADE FERNANDO MAGALHAES","ADMINISTRACAO PUBLICA","M","NORTE","medio","medio","medio","baixo","medio","medio","medio","alto","alto","alto"
2270714,201501,2015-01-01,2015,"01",8.35654596100279,5.57103064066852,2.78551532033426,"SMS RIO HOSPITAL MATERNIDADE FERNANDO MAGALHAES","ADMINISTRACAO PUBLICA","M","NORTE","alto","alto","medio","medio","baixo","medio","medio","medio","medio","alto"
2270714,201502,2015-02-01,2015,"02",8.82352941176471,5.88235294117647,2.94117647058824,"SMS RIO HOSPITAL MATERNIDADE FERNANDO MAGALHAES","ADMINISTRACAO PUBLICA","M","NORTE","medio","alto","medio","alto","baixo","medio","medio","medio","medio","alto"
2270714,201503,2015-03-01,2015,"03",5.39083557951483,5.39083557951483,0,"SMS RIO HOSPITAL MATERNIDADE FERNANDO MAGALHAES","ADMINISTRACAO PUBLICA","M","NORTE","alto","alto","medio","medio","baixo","medio","medio","medio","medio","baixo"
2270714,201504,2015-04-01,2015,"04",11.8694362017804,2.9673590504451,8.90207715133531,"SMS RIO HOSPITAL MATERNIDADE FERNANDO MAGALHAES","ADMINISTRACAO PUBLICA","M","NORTE","medio","alto","medio","alto","baixo","baixo","medio","alto","medio","alto"
2270714,201505,2015-05-01,2015,"05",5.84795321637427,0,5.84795321637427,"SMS RIO HOSPITAL MATERNIDADE FERNANDO MAGALHAES","ADMINISTRACAO PUBLICA","M","NORTE","medio","alto","medio","medio","baixo","medio","medio","medio","baixo","alto"
2270714,201506,2015-06-01,2015,"06",2.92397660818713,2.92397660818713,0,"SMS RIO HOSPITAL MATERNIDADE FERNANDO MAGALHAES","ADMINISTRACAO PUBLICA","M","NORTE","medio","medio","medio","medio","baixo","medio","medio","baixo","medio","baixo"
2270714,201507,2015-07-01,2015,"07",10.3626943005181,7.7720207253886,2.59067357512953,"SMS RIO HOSPITAL MATERNIDADE FERNANDO MAGALHAES","ADMINISTRACAO PUBLICA","M","NORTE","alto","medio","medio","baixo","baixo","baixo","medio","medio","medio","alto"
2270714,201508,2015-08-01,2015,"08",5.81395348837209,5.81395348837209,0,"SMS RIO HOSPITAL MATERNIDADE FERNANDO MAGALHAES","ADMINISTRACAO PUBLICA","M","NORTE","medio","medio","medio","medio","baixo","alto","medio","medio","medio","baixo"
2270714,201509,2015-09-01,2015,"09",2.93255131964809,2.93255131964809,0,"SMS RIO HOSPITAL MATERNIDADE FERNANDO MAGALHAES","ADMINISTRACAO PUBLICA","M","NORTE","medio","medio","medio","medio","baixo","medio","medio","baixo","medio","baixo"
2270714,201510,2015-10-01,2015,"10",6.19195046439629,6.19195046439629,0,"SMS RIO HOSPITAL MATERNIDADE FERNANDO MAGALHAES","ADMINISTRACAO PUBLICA","M","NORTE","medio","medio","medio","medio","baixo","medio","medio","medio","medio","baixo"
2270714,201511,2015-11-01,2015,"11",14.0056022408964,2.80112044817927,11.2044817927171,"SMS RIO HOSPITAL MATERNIDADE FERNANDO MAGALHAES","ADMINISTRACAO PUBLICA","M","NORTE","alto","medio","medio","medio","baixo","medio","medio","alto","medio","alto"
2270714,201512,2015-12-01,2015,"12",7.21153846153846,2.40384615384615,4.80769230769231,"SMS RIO HOSPITAL MATERNIDADE FERNANDO MAGALHAES","ADMINISTRACAO PUBLICA","M","NORTE","alto","medio","medio","medio","baixo","baixo","medio","medio","medio","alto"
2270714,201601,2016-01-01,2016,"01",10.4166666666667,10.4166666666667,0,"SMS RIO HOSPITAL MATERNIDADE FERNANDO MAGALHAES","ADMINISTRACAO PUBLICA","M","NORTE","alto","medio","medio","medio","baixo","medio","medio","medio","alto","baixo"
2270714,201602,2016-02-01,2016,"02",5.95238095238095,5.95238095238095,0,"SMS RIO HOSPITAL MATERNIDADE FERNANDO MAGALHAES","ADMINISTRACAO PUBLICA","M","NORTE","medio","alto","medio","medio","baixo","baixo","medio","medio","medio","baixo"
2270714,201603,2016-03-01,2016,"03",4.85436893203883,2.42718446601942,2.42718446601942,"SMS RIO HOSPITAL MATERNIDADE FERNANDO MAGALHAES","ADMINISTRACAO PUBLICA","M","NORTE","alto","alto","medio","alto","baixo","medio","medio","medio","medio","alto"
2270714,201604,2016-04-01,2016,"04",7.61421319796954,7.61421319796954,0,"SMS RIO HOSPITAL MATERNIDADE FERNANDO MAGALHAES","ADMINISTRACAO PUBLICA","M","NORTE","alto","medio","medio","medio","baixo","medio","medio","medio","medio","baixo"
2270714,201605,2016-05-01,2016,"05",2.4330900243309,2.4330900243309,0,"SMS RIO HOSPITAL MATERNIDADE FERNANDO MAGALHAES","ADMINISTRACAO PUBLICA","M","NORTE","alto","medio","medio","medio","baixo","medio","medio","baixo","medio","baixo"
2270714,201606,2016-06-01,2016,"06",2.8328611898017,2.8328611898017,0,"SMS RIO HOSPITAL MATERNIDADE FERNANDO MAGALHAES","ADMINISTRACAO PUBLICA","M","NORTE","alto","medio","medio","alto","baixo","medio","medio","baixo","medio","baixo"
2270714,201607,2016-07-01,2016,"07",5.89970501474926,2.94985250737463,2.94985250737463,"SMS RIO HOSPITAL MATERNIDADE FERNANDO MAGALHAES","ADMINISTRACAO PUBLICA","M","NORTE","medio","medio","baixo","medio","baixo","medio","medio","medio","medio","alto"
2270714,201608,2016-08-01,2016,"08",15.9574468085106,15.9574468085106,0,"SMS RIO HOSPITAL MATERNIDADE FERNANDO MAGALHAES","ADMINISTRACAO PUBLICA","M","NORTE","alto","medio","medio","medio","baixo","alto","medio","alto","alto","baixo"
2270714,201609,2016-09-01,2016,"09",8.62068965517241,2.8735632183908,5.74712643678161,"SMS RIO HOSPITAL MATERNIDADE FERNANDO MAGALHAES","ADMINISTRACAO PUBLICA","M","NORTE","alto","medio","baixo","medio","baixo","medio","medio","medio","medio","alto"
2270714,201610,2016-10-01,2016,"10",12.0845921450151,12.0845921450151,0,"SMS RIO HOSPITAL MATERNIDADE FERNANDO MAGALHAES","ADMINISTRACAO PUBLICA","M","NORTE","medio","alto","baixo","medio","baixo","alto","medio","alto","alto","baixo"
2270714,201611,2016-11-01,2016,"11",18.5185185185185,15.4320987654321,3.08641975308642,"SMS RIO HOSPITAL MATERNIDADE FERNANDO MAGALHAES","ADMINISTRACAO PUBLICA","M","NORTE","medio","medio","medio","medio","baixo","alto","medio","alto","alto","alto"
2270714,201612,2016-12-01,2016,"12",10.2564102564103,7.69230769230769,2.56410256410256,"SMS RIO HOSPITAL MATERNIDADE FERNANDO MAGALHAES","ADMINISTRACAO PUBLICA","M","NORTE","alto","alto","medio","alto","baixo","medio","medio","medio","medio","alto"
2270714,201701,2017-01-01,2017,"01",2.61780104712042,2.61780104712042,0,"SMS RIO HOSPITAL MATERNIDADE FERNANDO MAGALHAES","ADMINISTRACAO PUBLICA","M","NORTE","alto","medio","medio","medio","baixo","medio","medio","baixo","medio","baixo"
2270714,201702,2017-02-01,2017,"02",10.5540897097625,2.63852242744063,7.9155672823219,"SMS RIO HOSPITAL MATERNIDADE FERNANDO MAGALHAES","ADMINISTRACAO PUBLICA","M","NORTE","alto","medio","baixo","medio","baixo","medio","medio","medio","medio","alto"
2270714,201703,2017-03-01,2017,"03",15.695067264574,13.4529147982063,2.24215246636771,"SMS RIO HOSPITAL MATERNIDADE FERNANDO MAGALHAES","ADMINISTRACAO PUBLICA","M","NORTE","alto","medio","medio","alto","baixo","alto","medio","alto","alto","medio"
2270714,201704,2017-04-01,2017,"04",4.59770114942529,4.59770114942529,0,"SMS RIO HOSPITAL MATERNIDADE FERNANDO MAGALHAES","ADMINISTRACAO PUBLICA","M","NORTE","alto","alto","baixo","medio","baixo","medio","medio","medio","medio","baixo"
2270714,201705,2017-05-01,2017,"05",4.4543429844098,2.2271714922049,2.2271714922049,"SMS RIO HOSPITAL MATERNIDADE FERNANDO MAGALHAES","ADMINISTRACAO PUBLICA","M","NORTE","alto","medio","baixo","medio","baixo","baixo","medio","medio","medio","medio"
2270714,201706,2017-06-01,2017,"06",7.7720207253886,7.7720207253886,0,"SMS RIO HOSPITAL MATERNIDADE FERNANDO MAGALHAES","ADMINISTRACAO PUBLICA","M","NORTE","alto","medio","baixo","medio","baixo","medio","medio","medio","medio","baixo"
2270714,201707,2017-07-01,2017,"07",4.96277915632754,4.96277915632754,0,"SMS RIO HOSPITAL MATERNIDADE FERNANDO MAGALHAES","ADMINISTRACAO PUBLICA","M","NORTE","alto","medio","baixo","alto","baixo","alto","medio","medio","medio","baixo"
2270714,201708,2017-08-01,2017,"08",21.3414634146341,21.3414634146341,0,"SMS RIO HOSPITAL MATERNIDADE FERNANDO MAGALHAES","ADMINISTRACAO PUBLICA","M","NORTE","medio","medio","baixo","medio","baixo","alto","medio","alto","alto","baixo"
2270714,201709,2017-09-01,2017,"09",0,0,0,"SMS RIO HOSPITAL MATERNIDADE FERNANDO MAGALHAES","ADMINISTRACAO PUBLICA","M","NORTE","medio","medio","baixo","alto","baixo","medio","medio","baixo","baixo","baixo"
2270714,201710,2017-10-01,2017,"10",6.09756097560976,6.09756097560976,0,"SMS RIO HOSPITAL MATERNIDADE FERNANDO MAGALHAES","ADMINISTRACAO PUBLICA","M","NORTE","medio","medio","baixo","alto","baixo","medio","medio","medio","medio","baixo"
2270714,201711,2017-11-01,2017,"11",17.3410404624277,14.4508670520231,2.89017341040462,"SMS RIO HOSPITAL MATERNIDADE FERNANDO MAGALHAES","ADMINISTRACAO PUBLICA","M","NORTE","medio","medio","baixo","medio","baixo","medio","medio","alto","alto","alto"
2270714,201712,2017-12-01,2017,"12",5,5,0,"SMS RIO HOSPITAL MATERNIDADE FERNANDO MAGALHAES","ADMINISTRACAO PUBLICA","M","NORTE","alto","baixo","baixo","medio","baixo","baixo","medio","medio","medio","baixo"
2273357,200601,2006-01-01,2006,"01",0,0,0,"HOSPITAL ADVENTISTA SILVESTRE","ENTIDADES SEM FINS LUCRATIVOS","E","SUL","baixo","baixo","baixo","alto","baixo","baixo","alto","baixo","baixo","baixo"
2273357,200602,2006-02-01,2006,"02",0,0,0,"HOSPITAL ADVENTISTA SILVESTRE","ENTIDADES SEM FINS LUCRATIVOS","E","SUL","baixo","alto","baixo","alto","baixo","baixo","alto","baixo","baixo","baixo"
2273357,200603,2006-03-01,2006,"03",111.111111111111,111.111111111111,0,"HOSPITAL ADVENTISTA SILVESTRE","ENTIDADES SEM FINS LUCRATIVOS","E","SUL","baixo","alto","baixo","medio","baixo","alto","alto","alto","alto","baixo"
2273357,200604,2006-04-01,2006,"04",0,0,0,"HOSPITAL ADVENTISTA SILVESTRE","ENTIDADES SEM FINS LUCRATIVOS","E","SUL","baixo","alto","medio","alto","baixo","baixo","alto","baixo","baixo","baixo"
2273357,200605,2006-05-01,2006,"05",0,0,0,"HOSPITAL ADVENTISTA SILVESTRE","ENTIDADES SEM FINS LUCRATIVOS","E","SUL","baixo","baixo","baixo","alto","baixo","baixo","alto","baixo","baixo","baixo"
2273357,200606,2006-06-01,2006,"06",333.333333333333,333.333333333333,0,"HOSPITAL ADVENTISTA SILVESTRE","ENTIDADES SEM FINS LUCRATIVOS","E","SUL","baixo","baixo","baixo","alto","baixo","baixo","medio","alto","alto","baixo"
2273357,200607,2006-07-01,2006,"07",0,0,0,"HOSPITAL ADVENTISTA SILVESTRE","ENTIDADES SEM FINS LUCRATIVOS","E","SUL","baixo","baixo","baixo","alto","baixo","alto","alto","baixo","baixo","baixo"
2273357,200608,2006-08-01,2006,"08",0,0,0,"HOSPITAL ADVENTISTA SILVESTRE","ENTIDADES SEM FINS LUCRATIVOS","E","SUL","baixo","alto","medio","alto","baixo","baixo","alto","baixo","baixo","baixo"
2273357,200609,2006-09-01,2006,"09",0,0,0,"HOSPITAL ADVENTISTA SILVESTRE","ENTIDADES SEM FINS LUCRATIVOS","E","SUL","baixo","baixo","baixo","alto","alto","baixo","alto","baixo","baixo","baixo"
2273357,200610,2006-10-01,2006,"10",0,0,0,"HOSPITAL ADVENTISTA SILVESTRE","ENTIDADES SEM FINS LUCRATIVOS","E","SUL","baixo","baixo","baixo","alto","baixo","baixo","alto","baixo","baixo","baixo"
2273357,200611,2006-11-01,2006,"11",0,0,0,"HOSPITAL ADVENTISTA SILVESTRE","ENTIDADES SEM FINS LUCRATIVOS","E","SUL","baixo","baixo","baixo","alto","baixo","baixo","alto","baixo","baixo","baixo"
2273357,200612,2006-12-01,2006,"12",0,0,0,"HOSPITAL ADVENTISTA SILVESTRE","ENTIDADES SEM FINS LUCRATIVOS","E","SUL","baixo","alto","baixo","alto","baixo","baixo","alto","baixo","baixo","baixo"
2273357,200701,2007-01-01,2007,"01",0,0,0,"HOSPITAL ADVENTISTA SILVESTRE","ENTIDADES SEM FINS LUCRATIVOS","E","SUL","baixo","medio","baixo",NA,"baixo","baixo","alto","baixo","baixo","baixo"
2273357,200702,2007-02-01,2007,"02",0,0,0,"HOSPITAL ADVENTISTA SILVESTRE","ENTIDADES SEM FINS LUCRATIVOS","E","SUL","baixo","alto","medio",NA,"baixo","baixo","alto","baixo","baixo","baixo"
2273357,200703,2007-03-01,2007,"03",0,0,0,"HOSPITAL ADVENTISTA SILVESTRE","ENTIDADES SEM FINS LUCRATIVOS","E","SUL","baixo","alto","medio",NA,"baixo","baixo","alto","baixo","baixo","baixo"
2273357,200704,2007-04-01,2007,"04",0,0,0,"HOSPITAL ADVENTISTA SILVESTRE","ENTIDADES SEM FINS LUCRATIVOS","E","SUL","baixo","alto","medio",NA,"baixo","baixo","alto","baixo","baixo","baixo"
2273357,200705,2007-05-01,2007,"05",0,0,0,"HOSPITAL ADVENTISTA SILVESTRE","ENTIDADES SEM FINS LUCRATIVOS","E","SUL","baixo","baixo","baixo",NA,"baixo","baixo","alto","baixo","baixo","baixo"
2273357,200706,2007-06-01,2007,"06",0,0,0,"HOSPITAL ADVENTISTA SILVESTRE","ENTIDADES SEM FINS LUCRATIVOS","E","SUL","baixo","alto","baixo",NA,"baixo","baixo","alto","baixo","baixo","baixo"
2273357,200707,2007-07-01,2007,"07",0,0,0,"HOSPITAL ADVENTISTA SILVESTRE","ENTIDADES SEM FINS LUCRATIVOS","E","SUL","baixo","alto","baixo",NA,"baixo","baixo","alto","baixo","baixo","baixo"
2273357,200708,2007-08-01,2007,"08",0,0,0,"HOSPITAL ADVENTISTA SILVESTRE","ENTIDADES SEM FINS LUCRATIVOS","E","SUL","baixo","baixo","baixo",NA,"baixo","baixo","alto","baixo","baixo","baixo"
2273357,200709,2007-09-01,2007,"09",0,0,0,"HOSPITAL ADVENTISTA SILVESTRE","ENTIDADES SEM FINS LUCRATIVOS","E","SUL","baixo","medio","baixo",NA,"baixo","alto","alto","baixo","baixo","baixo"
2273357,200710,2007-10-01,2007,"10",0,0,0,"HOSPITAL ADVENTISTA SILVESTRE","ENTIDADES SEM FINS LUCRATIVOS","E","SUL","baixo","baixo","baixo",NA,"baixo","baixo","alto","baixo","baixo","baixo"
2273357,200711,2007-11-01,2007,"11",0,0,0,"HOSPITAL ADVENTISTA SILVESTRE","ENTIDADES SEM FINS LUCRATIVOS","E","SUL","baixo","baixo","baixo",NA,"baixo","baixo","alto","baixo","baixo","baixo"
2273357,200712,2007-12-01,2007,"12",142.857142857143,142.857142857143,0,"HOSPITAL ADVENTISTA SILVESTRE","ENTIDADES SEM FINS LUCRATIVOS","E","SUL","baixo","alto","baixo",NA,"baixo","baixo","alto","alto","alto","baixo"
2273357,200801,2008-01-01,2008,"01",0,0,0,"HOSPITAL ADVENTISTA SILVESTRE","ENTIDADES SEM FINS LUCRATIVOS","E","SUL","baixo","baixo","baixo","alto","baixo","baixo","alto","baixo","baixo","baixo"
2273357,200802,2008-02-01,2008,"02",0,0,0,"HOSPITAL ADVENTISTA SILVESTRE","ENTIDADES SEM FINS LUCRATIVOS","E","SUL","baixo","baixo","baixo","baixo","baixo","baixo","alto","baixo","baixo","baixo"
2273357,200803,2008-03-01,2008,"03",0,0,0,"HOSPITAL ADVENTISTA SILVESTRE","ENTIDADES SEM FINS LUCRATIVOS","E","SUL","baixo","baixo","baixo","alto","baixo","baixo","alto","baixo","baixo","baixo"
2273357,200804,2008-04-01,2008,"04",0,0,0,"HOSPITAL ADVENTISTA SILVESTRE","ENTIDADES SEM FINS LUCRATIVOS","E","SUL","baixo","baixo","baixo","alto","baixo","baixo","alto","baixo","baixo","baixo"
2273357,200805,2008-05-01,2008,"05",0,0,0,"HOSPITAL ADVENTISTA SILVESTRE","ENTIDADES SEM FINS LUCRATIVOS","E","SUL","baixo","baixo","baixo","alto","baixo","baixo","alto","baixo","baixo","baixo"
2273357,200806,2008-06-01,2008,"06",0,0,0,"HOSPITAL ADVENTISTA SILVESTRE","ENTIDADES SEM FINS LUCRATIVOS","E","SUL","baixo","alto","baixo","alto","baixo","alto","alto","baixo","baixo","baixo"
2273357,200807,2008-07-01,2008,"07",0,0,0,"HOSPITAL ADVENTISTA SILVESTRE","ENTIDADES SEM FINS LUCRATIVOS","E","SUL","baixo","medio","baixo","alto","baixo","baixo","alto","baixo","baixo","baixo"
2273357,200808,2008-08-01,2008,"08",0,0,0,"HOSPITAL ADVENTISTA SILVESTRE","ENTIDADES SEM FINS LUCRATIVOS","E","SUL","baixo","baixo","baixo","alto","medio","baixo","alto","baixo","baixo","baixo"
2273357,200809,2008-09-01,2008,"09",0,0,0,"HOSPITAL ADVENTISTA SILVESTRE","ENTIDADES SEM FINS LUCRATIVOS","E","SUL","baixo","alto","baixo","alto","baixo","baixo","alto","baixo","baixo","baixo"
2273357,200810,2008-10-01,2008,"10",0,0,0,"HOSPITAL ADVENTISTA SILVESTRE","ENTIDADES SEM FINS LUCRATIVOS","E","SUL","baixo","alto","baixo","alto","baixo","baixo","alto","baixo","baixo","baixo"
2273357,200811,2008-11-01,2008,"11",0,0,0,"HOSPITAL ADVENTISTA SILVESTRE","ENTIDADES SEM FINS LUCRATIVOS","E","SUL","baixo","baixo","medio","baixo","baixo","baixo","alto","baixo","baixo","baixo"
2273357,200812,2008-12-01,2008,"12",0,0,0,"HOSPITAL ADVENTISTA SILVESTRE","ENTIDADES SEM FINS LUCRATIVOS","E","SUL","baixo","baixo","baixo","baixo","baixo","alto","alto","baixo","baixo","baixo"
2273357,200901,2009-01-01,2009,"01",250,250,0,"HOSPITAL ADVENTISTA SILVESTRE","ENTIDADES SEM FINS LUCRATIVOS","E","SUL","baixo","alto","alto",NA,"baixo","alto","alto","alto","alto","baixo"
2273357,200902,2009-02-01,2009,"02",0,0,0,"HOSPITAL ADVENTISTA SILVESTRE","ENTIDADES SEM FINS LUCRATIVOS","E","SUL","baixo","alto","baixo",NA,"baixo","baixo","alto","baixo","baixo","baixo"
2273357,200903,2009-03-01,2009,"03",0,0,0,"HOSPITAL ADVENTISTA SILVESTRE","ENTIDADES SEM FINS LUCRATIVOS","E","SUL","baixo","alto","baixo",NA,"baixo","baixo","alto","baixo","baixo","baixo"
2273357,200904,2009-04-01,2009,"04",250,0,250,"HOSPITAL ADVENTISTA SILVESTRE","ENTIDADES SEM FINS LUCRATIVOS","E","SUL","baixo","baixo","baixo",NA,"baixo","baixo","alto","alto","baixo","alto"
2273357,200905,2009-05-01,2009,"05",0,0,0,"HOSPITAL ADVENTISTA SILVESTRE","ENTIDADES SEM FINS LUCRATIVOS","E","SUL","baixo","alto","baixo",NA,"baixo","baixo","alto","baixo","baixo","baixo"
2273357,200906,2009-06-01,2009,"06",0,0,0,"HOSPITAL ADVENTISTA SILVESTRE","ENTIDADES SEM FINS LUCRATIVOS","E","SUL","baixo","alto","baixo",NA,"baixo","baixo","alto","baixo","baixo","baixo"
2273357,200907,2009-07-01,2009,"07",0,0,0,"HOSPITAL ADVENTISTA SILVESTRE","ENTIDADES SEM FINS LUCRATIVOS","E","SUL","baixo","baixo","baixo",NA,"baixo","baixo","alto","baixo","baixo","baixo"
2273357,200908,2009-08-01,2009,"08",0,0,0,"HOSPITAL ADVENTISTA SILVESTRE","ENTIDADES SEM FINS LUCRATIVOS","E","SUL","baixo","alto","medio",NA,"baixo","alto","alto","baixo","baixo","baixo"
2273357,200909,2009-09-01,2009,"09",111.111111111111,111.111111111111,0,"HOSPITAL ADVENTISTA SILVESTRE","ENTIDADES SEM FINS LUCRATIVOS","E","SUL","baixo","baixo","baixo",NA,"baixo","baixo","alto","alto","alto","baixo"
2273357,200910,2009-10-01,2009,"10",0,0,0,"HOSPITAL ADVENTISTA SILVESTRE","ENTIDADES SEM FINS LUCRATIVOS","E","SUL","baixo","medio","baixo",NA,"baixo","baixo","alto","baixo","baixo","baixo"
2273357,200911,2009-11-01,2009,"11",0,0,0,"HOSPITAL ADVENTISTA SILVESTRE","ENTIDADES SEM FINS LUCRATIVOS","E","SUL","baixo","baixo","baixo",NA,"baixo","baixo","alto","baixo","baixo","baixo"
2273357,200912,2009-12-01,2009,"12",0,0,0,"HOSPITAL ADVENTISTA SILVESTRE","ENTIDADES SEM FINS LUCRATIVOS","E","SUL","baixo","baixo","baixo",NA,"baixo","baixo","alto","baixo","baixo","baixo"
2273357,201001,2010-01-01,2010,"01",0,0,0,"HOSPITAL ADVENTISTA SILVESTRE","ENTIDADES SEM FINS LUCRATIVOS","E","SUL","baixo","baixo","baixo",NA,"baixo","baixo","alto","baixo","baixo","baixo"
2273357,201002,2010-02-01,2010,"02",0,0,0,"HOSPITAL ADVENTISTA SILVESTRE","ENTIDADES SEM FINS LUCRATIVOS","E","SUL","baixo","baixo","baixo",NA,"baixo","baixo","alto","baixo","baixo","baixo"
2273357,201003,2010-03-01,2010,"03",0,0,0,"HOSPITAL ADVENTISTA SILVESTRE","ENTIDADES SEM FINS LUCRATIVOS","E","SUL","baixo","medio","baixo",NA,"baixo","alto","alto","baixo","baixo","baixo"
2273357,201004,2010-04-01,2010,"04",0,0,0,"HOSPITAL ADVENTISTA SILVESTRE","ENTIDADES SEM FINS LUCRATIVOS","E","SUL","baixo","alto","baixo",NA,"baixo","baixo","alto","baixo","baixo","baixo"
2273357,201005,2010-05-01,2010,"05",0,0,0,"HOSPITAL ADVENTISTA SILVESTRE","ENTIDADES SEM FINS LUCRATIVOS","E","SUL","baixo","baixo","baixo",NA,"baixo","baixo","alto","baixo","baixo","baixo"
2273357,201006,2010-06-01,2010,"06",0,0,0,"HOSPITAL ADVENTISTA SILVESTRE","ENTIDADES SEM FINS LUCRATIVOS","E","SUL","baixo","baixo","baixo",NA,"baixo","baixo","alto","baixo","baixo","baixo"
2273357,201007,2010-07-01,2010,"07",300,300,0,"HOSPITAL ADVENTISTA SILVESTRE","ENTIDADES SEM FINS LUCRATIVOS","E","SUL","baixo","alto","medio",NA,"baixo","alto","alto","alto","alto","baixo"
2273357,201008,2010-08-01,2010,"08",0,0,0,"HOSPITAL ADVENTISTA SILVESTRE","ENTIDADES SEM FINS LUCRATIVOS","E","SUL","baixo","alto","baixo",NA,"baixo","baixo","alto","baixo","baixo","baixo"
2273357,201009,2010-09-01,2010,"09",0,0,0,"HOSPITAL ADVENTISTA SILVESTRE","ENTIDADES SEM FINS LUCRATIVOS","E","SUL","baixo","baixo","baixo",NA,"baixo","baixo","alto","baixo","baixo","baixo"
2273357,201010,2010-10-01,2010,"10",142.857142857143,142.857142857143,0,"HOSPITAL ADVENTISTA SILVESTRE","ENTIDADES SEM FINS LUCRATIVOS","E","SUL","baixo","baixo","baixo",NA,"baixo","baixo","alto","alto","alto","baixo"
2273357,201011,2010-11-01,2010,"11",0,0,0,"HOSPITAL ADVENTISTA SILVESTRE","ENTIDADES SEM FINS LUCRATIVOS","E","SUL","baixo","baixo","medio",NA,"medio","baixo","alto","baixo","baixo","baixo"
2273357,201012,2010-12-01,2010,"12",0,0,0,"HOSPITAL ADVENTISTA SILVESTRE","ENTIDADES SEM FINS LUCRATIVOS","E","SUL","baixo","alto","baixo",NA,"baixo","baixo","alto","baixo","baixo","baixo"
2273357,201101,2011-01-01,2011,"01",0,0,0,"HOSPITAL ADVENTISTA SILVESTRE","ENTIDADES SEM FINS LUCRATIVOS","E","SUL","baixo","alto","baixo","alto","baixo","baixo","alto","baixo","baixo","baixo"
2273357,201102,2011-02-01,2011,"02",0,0,0,"HOSPITAL ADVENTISTA SILVESTRE","ENTIDADES SEM FINS LUCRATIVOS","E","SUL","baixo","alto","baixo","alto","baixo","baixo","alto","baixo","baixo","baixo"
2273357,201103,2011-03-01,2011,"03",0,0,0,"HOSPITAL ADVENTISTA SILVESTRE","ENTIDADES SEM FINS LUCRATIVOS","E","SUL","baixo","baixo","baixo","baixo","baixo","alto","alto","baixo","baixo","baixo"
2273357,201104,2011-04-01,2011,"04",0,0,0,"HOSPITAL ADVENTISTA SILVESTRE","ENTIDADES SEM FINS LUCRATIVOS","E","SUL","baixo","alto","baixo","baixo","baixo","baixo","alto","baixo","baixo","baixo"
2273357,201105,2011-05-01,2011,"05",0,0,0,"HOSPITAL ADVENTISTA SILVESTRE","ENTIDADES SEM FINS LUCRATIVOS","E","SUL","baixo","medio","baixo","alto","baixo","baixo","alto","baixo","baixo","baixo"
2273357,201106,2011-06-01,2011,"06",0,0,0,"HOSPITAL ADVENTISTA SILVESTRE","ENTIDADES SEM FINS LUCRATIVOS","E","SUL","baixo","medio","baixo","medio","baixo","alto","alto","baixo","baixo","baixo"
2273357,201107,2011-07-01,2011,"07",0,0,0,"HOSPITAL ADVENTISTA SILVESTRE","ENTIDADES SEM FINS LUCRATIVOS","E","SUL","baixo","baixo","baixo","alto","baixo","baixo","alto","baixo","baixo","baixo"
2273357,201108,2011-08-01,2011,"08",0,0,0,"HOSPITAL ADVENTISTA SILVESTRE","ENTIDADES SEM FINS LUCRATIVOS","E","SUL","baixo","alto","baixo","medio","baixo","baixo","alto","baixo","baixo","baixo"
2273357,201109,2011-09-01,2011,"09",0,0,0,"HOSPITAL ADVENTISTA SILVESTRE","ENTIDADES SEM FINS LUCRATIVOS","E","SUL","baixo","baixo","baixo","alto","baixo","baixo","alto","baixo","baixo","baixo"
2273357,201110,2011-10-01,2011,"10",0,0,0,"HOSPITAL ADVENTISTA SILVESTRE","ENTIDADES SEM FINS LUCRATIVOS","E","SUL","baixo","baixo","baixo","baixo","baixo","baixo","alto","baixo","baixo","baixo"
2273357,201111,2011-11-01,2011,"11",0,0,0,"HOSPITAL ADVENTISTA SILVESTRE","ENTIDADES SEM FINS LUCRATIVOS","E","SUL","baixo","baixo","baixo","alto","baixo","baixo","alto","baixo","baixo","baixo"
2273357,201112,2011-12-01,2011,"12",0,0,0,"HOSPITAL ADVENTISTA SILVESTRE","ENTIDADES SEM FINS LUCRATIVOS","E","SUL","baixo","medio","baixo","alto","baixo","baixo","alto","baixo","baixo","baixo"
2273357,201201,2012-01-01,2012,"01",0,0,0,"HOSPITAL ADVENTISTA SILVESTRE","ENTIDADES SEM FINS LUCRATIVOS","E","SUL","baixo","baixo","baixo",NA,"baixo","baixo","alto","baixo","baixo","baixo"
2273357,201202,2012-02-01,2012,"02",0,0,0,"HOSPITAL ADVENTISTA SILVESTRE","ENTIDADES SEM FINS LUCRATIVOS","E","SUL","baixo","baixo","baixo",NA,"baixo","baixo","alto","baixo","baixo","baixo"
2273357,201203,2012-03-01,2012,"03",0,0,0,"HOSPITAL ADVENTISTA SILVESTRE","ENTIDADES SEM FINS LUCRATIVOS","E","SUL","baixo","alto","baixo",NA,"baixo","baixo","alto","baixo","baixo","baixo"
2273357,201204,2012-04-01,2012,"04",0,0,0,"HOSPITAL ADVENTISTA SILVESTRE","ENTIDADES SEM FINS LUCRATIVOS","E","SUL","baixo","alto","baixo",NA,"baixo","baixo","alto","baixo","baixo","baixo"
2273357,201205,2012-05-01,2012,"05",0,0,0,"HOSPITAL ADVENTISTA SILVESTRE","ENTIDADES SEM FINS LUCRATIVOS","E","SUL","baixo","alto","baixo",NA,"baixo","baixo","alto","baixo","baixo","baixo"
2273357,201206,2012-06-01,2012,"06",0,0,0,"HOSPITAL ADVENTISTA SILVESTRE","ENTIDADES SEM FINS LUCRATIVOS","E","SUL","baixo","baixo","baixo",NA,"baixo","baixo","alto","baixo","baixo","baixo"
2273357,201207,2012-07-01,2012,"07",0,0,0,"HOSPITAL ADVENTISTA SILVESTRE","ENTIDADES SEM FINS LUCRATIVOS","E","SUL","baixo","baixo","baixo",NA,"baixo","baixo","alto","baixo","baixo","baixo"
2273357,201208,2012-08-01,2012,"08",0,0,0,"HOSPITAL ADVENTISTA SILVESTRE","ENTIDADES SEM FINS LUCRATIVOS","E","SUL","baixo","baixo","baixo",NA,"baixo","baixo","alto","baixo","baixo","baixo"
2273357,201209,2012-09-01,2012,"09",0,0,0,"HOSPITAL ADVENTISTA SILVESTRE","ENTIDADES SEM FINS LUCRATIVOS","E","SUL","baixo","baixo","baixo",NA,"baixo","baixo","alto","baixo","baixo","baixo"
2273357,201210,2012-10-01,2012,"10",0,0,0,"HOSPITAL ADVENTISTA SILVESTRE","ENTIDADES SEM FINS LUCRATIVOS","E","SUL","baixo","baixo","baixo",NA,"baixo","baixo","alto","baixo","baixo","baixo"
2273357,201211,2012-11-01,2012,"11",0,0,0,"HOSPITAL ADVENTISTA SILVESTRE","ENTIDADES SEM FINS LUCRATIVOS","E","SUL","baixo","medio","baixo",NA,"baixo","baixo","alto","baixo","baixo","baixo"
2273357,201212,2012-12-01,2012,"12",0,0,0,"HOSPITAL ADVENTISTA SILVESTRE","ENTIDADES SEM FINS LUCRATIVOS","E","SUL","baixo","baixo","baixo",NA,"baixo","baixo","alto","baixo","baixo","baixo"
2273357,201301,2013-01-01,2013,"01",250,0,250,"HOSPITAL ADVENTISTA SILVESTRE","ENTIDADES SEM FINS LUCRATIVOS","E","SUL","baixo","alto","baixo","alto","baixo","baixo","alto","alto","baixo","alto"
2273357,201302,2013-02-01,2013,"02",0,0,0,"HOSPITAL ADVENTISTA SILVESTRE","ENTIDADES SEM FINS LUCRATIVOS","E","SUL","baixo","baixo","baixo","alto","baixo","baixo","alto","baixo","baixo","baixo"
2273357,201303,2013-03-01,2013,"03",0,0,0,"HOSPITAL ADVENTISTA SILVESTRE","ENTIDADES SEM FINS LUCRATIVOS","E","SUL","baixo","alto","baixo","baixo","baixo","baixo","alto","baixo","baixo","baixo"
2273357,201304,2013-04-01,2013,"04",0,0,0,"HOSPITAL ADVENTISTA SILVESTRE","ENTIDADES SEM FINS LUCRATIVOS","E","SUL","baixo","alto","baixo","alto","baixo","baixo","alto","baixo","baixo","baixo"
2273357,201305,2013-05-01,2013,"05",0,0,0,"HOSPITAL ADVENTISTA SILVESTRE","ENTIDADES SEM FINS LUCRATIVOS","E","SUL","baixo","alto","baixo","alto","baixo","baixo","alto","baixo","baixo","baixo"
2280248,200601,2006-01-01,2006,"01",18.0921052631579,13.1578947368421,4.93421052631579,"SMS MATERNIDADE CARMELA DUTRA AP 32","ADMINISTRACAO PUBLICA","M","NORTE","alto","medio","alto","medio","alto","alto","medio","alto","alto","alto"
2280248,200602,2006-02-01,2006,"02",10.7334525939177,8.94454382826476,1.78890876565295,"SMS MATERNIDADE CARMELA DUTRA AP 32","ADMINISTRACAO PUBLICA","M","NORTE","alto","medio","medio","baixo","alto","alto","medio","medio","alto","medio"
2280248,200603,2006-03-01,2006,"03",8.65800865800866,8.65800865800866,0,"SMS MATERNIDADE CARMELA DUTRA AP 32","ADMINISTRACAO PUBLICA","M","NORTE","alto","medio","alto","medio","alto","alto","medio","medio","alto","baixo"
2280248,200604,2006-04-01,2006,"04",9.18635170603675,9.18635170603675,0,"SMS MATERNIDADE CARMELA DUTRA AP 32","ADMINISTRACAO PUBLICA","M","NORTE","alto","medio","alto","baixo","alto","alto","medio","medio","alto","baixo"
2280248,200605,2006-05-01,2006,"05",3.97350993377483,3.97350993377483,0,"SMS MATERNIDADE CARMELA DUTRA AP 32","ADMINISTRACAO PUBLICA","M","NORTE","alto","medio","alto","medio","alto","alto","medio","medio","medio","baixo"
2280248,200606,2006-06-01,2006,"06",2.82087447108604,2.82087447108604,0,"SMS MATERNIDADE CARMELA DUTRA AP 32","ADMINISTRACAO PUBLICA","M","NORTE","alto","medio","alto","baixo","alto","alto","baixo","baixo","medio","baixo"
2280248,200607,2006-07-01,2006,"07",8.31024930747922,8.31024930747922,0,"SMS MATERNIDADE CARMELA DUTRA AP 32","ADMINISTRACAO PUBLICA","M","NORTE","alto","medio","alto","baixo","alto","alto","medio","medio","medio","baixo"
2280248,200608,2006-08-01,2006,"08",6.15384615384615,4.61538461538462,1.53846153846154,"SMS MATERNIDADE CARMELA DUTRA AP 32","ADMINISTRACAO PUBLICA","M","NORTE","alto","medio","alto","baixo","alto","alto","medio","medio","medio","medio"
2280248,200609,2006-09-01,2006,"09",7.63358778625954,4.58015267175573,3.05343511450382,"SMS MATERNIDADE CARMELA DUTRA AP 32","ADMINISTRACAO PUBLICA","M","NORTE","alto","baixo","alto","baixo","alto","alto","medio","medio","medio","alto"
2280248,200610,2006-10-01,2006,"10",3.09597523219814,1.54798761609907,1.54798761609907,"SMS MATERNIDADE CARMELA DUTRA AP 32","ADMINISTRACAO PUBLICA","M","NORTE","alto","medio","medio","baixo","alto","medio","medio","baixo","baixo","medio"
2280248,200611,2006-11-01,2006,"11",12.4416796267496,10.8864696734059,1.5552099533437,"SMS MATERNIDADE CARMELA DUTRA AP 32","ADMINISTRACAO PUBLICA","M","NORTE","alto","baixo","alto","medio","alto","alto","baixo","alto","alto","medio"
2280248,200612,2006-12-01,2006,"12",10.6382978723404,7.59878419452888,3.03951367781155,"SMS MATERNIDADE CARMELA DUTRA AP 32","ADMINISTRACAO PUBLICA","M","NORTE","alto","medio","alto","baixo","alto","alto","medio","medio","medio","alto"
2280248,200701,2007-01-01,2007,"01",5.6980056980057,5.6980056980057,0,"SMS MATERNIDADE CARMELA DUTRA AP 32","ADMINISTRACAO PUBLICA","M","NORTE","alto","baixo","alto",NA,"alto","alto","baixo","medio","medio","baixo"
2280248,200702,2007-02-01,2007,"02",7.2992700729927,4.37956204379562,2.91970802919708,"SMS MATERNIDADE CARMELA DUTRA AP 32","ADMINISTRACAO PUBLICA","M","NORTE","alto","medio","alto",NA,"alto","alto","baixo","medio","medio","alto"
2280248,200703,2007-03-01,2007,"03",3.94736842105263,2.63157894736842,1.31578947368421,"SMS MATERNIDADE CARMELA DUTRA AP 32","ADMINISTRACAO PUBLICA","M","NORTE","alto","medio","alto",NA,"alto","alto","medio","medio","medio","medio"
2280248,200704,2007-04-01,2007,"04",11.0041265474553,8.25309491059147,2.75103163686382,"SMS MATERNIDADE CARMELA DUTRA AP 32","ADMINISTRACAO PUBLICA","M","NORTE","alto","medio","alto",NA,"alto","alto","baixo","medio","medio","alto"
2280248,200705,2007-05-01,2007,"05",4.0650406504065,2.710027100271,1.3550135501355,"SMS MATERNIDADE CARMELA DUTRA AP 32","ADMINISTRACAO PUBLICA","M","NORTE","alto","baixo","alto",NA,"alto","alto","baixo","medio","medio","medio"
2280248,200706,2007-06-01,2007,"06",8.25309491059147,6.87757909215956,1.37551581843191,"SMS MATERNIDADE CARMELA DUTRA AP 32","ADMINISTRACAO PUBLICA","M","NORTE","alto","medio","alto",NA,"alto","alto","baixo","medio","medio","medio"
2280248,200707,2007-07-01,2007,"07",7.14285714285714,5.71428571428571,1.42857142857143,"SMS MATERNIDADE CARMELA DUTRA AP 32","ADMINISTRACAO PUBLICA","M","NORTE","alto","baixo","alto",NA,"alto","medio","baixo","medio","medio","medio"
2280248,200708,2007-08-01,2007,"08",3.13479623824451,3.13479623824451,0,"SMS MATERNIDADE CARMELA DUTRA AP 32","ADMINISTRACAO PUBLICA","M","NORTE","alto","medio","medio",NA,"alto","alto","medio","baixo","medio","medio"
2280248,200709,2007-09-01,2007,"09",1.67224080267559,1.67224080267559,0,"SMS MATERNIDADE CARMELA DUTRA AP 32","ADMINISTRACAO PUBLICA","M","NORTE","alto","medio","alto",NA,"alto","alto","medio","baixo","baixo","medio"
2280248,200710,2007-10-01,2007,"10",3.29489291598023,1.64744645799012,1.64744645799012,"SMS MATERNIDADE CARMELA DUTRA AP 32","ADMINISTRACAO PUBLICA","M","NORTE","alto","medio","medio",NA,"alto","medio","baixo","baixo","baixo","medio"
2280248,200711,2007-11-01,2007,"11",8.34724540901503,8.34724540901503,0,"SMS MATERNIDADE CARMELA DUTRA AP 32","ADMINISTRACAO PUBLICA","M","NORTE","alto","baixo","medio",NA,"alto","alto","baixo","medio","alto","medio"
2280248,200712,2007-12-01,2007,"12",6.95410292072323,5.56328233657858,1.39082058414465,"SMS MATERNIDADE CARMELA DUTRA AP 32","ADMINISTRACAO PUBLICA","M","NORTE","alto","medio","alto",NA,"alto","alto","baixo","medio","medio","medio"
2280248,200801,2008-01-01,2008,"01",11.6504854368932,9.70873786407767,1.94174757281553,"SMS MATERNIDADE CARMELA DUTRA AP 32","ADMINISTRACAO PUBLICA","M","NORTE","alto","medio","alto","baixo","alto","alto","baixo","alto","alto","medio"
2280248,200802,2008-02-01,2008,"02",12.1212121212121,12.1212121212121,0,"SMS MATERNIDADE CARMELA DUTRA AP 32","ADMINISTRACAO PUBLICA","M","NORTE","alto","medio","alto","baixo","medio","alto","medio","alto","alto","medio"
2280248,200803,2008-03-01,2008,"03",5.91715976331361,1.9723865877712,3.94477317554241,"SMS MATERNIDADE CARMELA DUTRA AP 32","ADMINISTRACAO PUBLICA","M","NORTE","alto","baixo","medio","medio","medio","alto","baixo","medio","medio","alto"
2280248,200804,2008-04-01,2008,"04",7.27272727272727,3.63636363636364,3.63636363636364,"SMS MATERNIDADE CARMELA DUTRA AP 32","ADMINISTRACAO PUBLICA","M","NORTE","alto","medio","alto","baixo","medio","alto","baixo","medio","medio","alto"
2280248,200805,2008-05-01,2008,"05",3.3003300330033,3.3003300330033,0,"SMS MATERNIDADE CARMELA DUTRA AP 32","ADMINISTRACAO PUBLICA","M","NORTE","alto","baixo","alto","medio","medio","medio","medio","baixo","medio","medio"
2280248,200806,2008-06-01,2008,"06",1.8796992481203,0,1.8796992481203,"SMS MATERNIDADE CARMELA DUTRA AP 32","ADMINISTRACAO PUBLICA","M","NORTE","alto","baixo","alto","baixo","alto","medio","medio","baixo","baixo","medio"
2280248,200807,2008-07-01,2008,"07",5.94059405940594,3.96039603960396,1.98019801980198,"SMS MATERNIDADE CARMELA DUTRA AP 32","ADMINISTRACAO PUBLICA","M","NORTE","alto","medio","alto","medio","medio","alto","medio","medio","medio","medio"
2280248,200808,2008-08-01,2008,"08",4.62962962962963,4.62962962962963,0,"SMS MATERNIDADE CARMELA DUTRA AP 32","ADMINISTRACAO PUBLICA","M","NORTE","alto","baixo","alto","medio","medio","medio","medio","medio","medio","medio"
2280248,200809,2008-09-01,2008,"09",0,0,0,"SMS MATERNIDADE CARMELA DUTRA AP 32","ADMINISTRACAO PUBLICA","M","NORTE","alto","medio","alto","baixo","medio","baixo","medio","baixo","baixo","medio"
2280248,200810,2008-10-01,2008,"10",8.26446280991736,8.26446280991736,0,"SMS MATERNIDADE CARMELA DUTRA AP 32","ADMINISTRACAO PUBLICA","M","NORTE","alto","medio","alto","medio","medio","alto","medio","medio","medio","medio"
2280248,200811,2008-11-01,2008,"11",0,0,0,"SMS MATERNIDADE CARMELA DUTRA AP 32","ADMINISTRACAO PUBLICA","M","NORTE","alto","baixo","alto","baixo","medio","medio","medio","baixo","baixo","medio"
2280248,200812,2008-12-01,2008,"12",5.4249547920434,5.4249547920434,0,"SMS MATERNIDADE CARMELA DUTRA AP 32","ADMINISTRACAO PUBLICA","M","NORTE","alto","medio","medio","medio","alto","medio","medio","medio","medio","medio"
2280248,200901,2009-01-01,2009,"01",16.1290322580645,14.336917562724,1.7921146953405,"SMS MATERNIDADE CARMELA DUTRA AP 32","ADMINISTRACAO PUBLICA","M","NORTE","alto","medio","alto",NA,"medio","alto","baixo","alto","alto","medio"
2280248,200902,2009-02-01,2009,"02",7.66283524904215,5.74712643678161,1.91570881226054,"SMS MATERNIDADE CARMELA DUTRA AP 32","ADMINISTRACAO PUBLICA","M","NORTE","alto","medio","alto",NA,"medio","medio","baixo","medio","medio","medio"
2280248,200903,2009-03-01,2009,"03",5.32859680284192,1.77619893428064,3.55239786856128,"SMS MATERNIDADE CARMELA DUTRA AP 32","ADMINISTRACAO PUBLICA","M","NORTE","alto","medio","alto",NA,"medio","alto","medio","medio","baixo","alto"
2280248,200904,2009-04-01,2009,"04",7.00525394045534,7.00525394045534,0,"SMS MATERNIDADE CARMELA DUTRA AP 32","ADMINISTRACAO PUBLICA","M","NORTE","alto","medio","alto",NA,"medio","medio","medio","medio","medio","medio"
2280248,200905,2009-05-01,2009,"05",1.86219739292365,1.86219739292365,0,"SMS MATERNIDADE CARMELA DUTRA AP 32","ADMINISTRACAO PUBLICA","M","NORTE","alto","baixo","alto",NA,"alto","medio","baixo","baixo","medio","medio"
2280248,200906,2009-06-01,2009,"06",18.1451612903226,14.1129032258065,4.03225806451613,"SMS MATERNIDADE CARMELA DUTRA AP 32","ADMINISTRACAO PUBLICA","M","NORTE","alto","baixo","alto",NA,"alto","alto","medio","alto","alto","alto"
2280248,200907,2009-07-01,2009,"07",7.42115027829314,7.42115027829314,0,"SMS MATERNIDADE CARMELA DUTRA AP 32","ADMINISTRACAO PUBLICA","M","NORTE","alto","medio","alto",NA,"medio","alto","medio","medio","medio","medio"
2280248,200908,2009-08-01,2009,"08",6.80272108843537,6.80272108843537,0,"SMS MATERNIDADE CARMELA DUTRA AP 32","ADMINISTRACAO PUBLICA","M","NORTE","alto","medio","alto",NA,"medio","medio","medio","medio","medio","medio"
2280248,200909,2009-09-01,2009,"09",1.93423597678917,1.93423597678917,0,"SMS MATERNIDADE CARMELA DUTRA AP 32","ADMINISTRACAO PUBLICA","M","NORTE","alto","baixo","medio",NA,"medio","medio","medio","baixo","medio","medio"
2280248,200910,2009-10-01,2009,"10",2.41545893719807,2.41545893719807,0,"SMS MATERNIDADE CARMELA DUTRA AP 32","ADMINISTRACAO PUBLICA","M","NORTE","alto","baixo","medio",NA,"medio","baixo","medio","baixo","medio","medio"
2280248,200911,2009-11-01,2009,"11",12.6262626262626,12.6262626262626,0,"SMS MATERNIDADE CARMELA DUTRA AP 32","ADMINISTRACAO PUBLICA","M","NORTE","alto","baixo","medio",NA,"medio","alto","medio","alto","alto","medio"
2280248,200912,2009-12-01,2009,"12",2.2075055187638,2.2075055187638,0,"SMS MATERNIDADE CARMELA DUTRA AP 32","ADMINISTRACAO PUBLICA","M","NORTE","alto","medio","medio",NA,"medio","alto","medio","baixo","medio","medio"
2280248,201001,2010-01-01,2010,"01",11.9521912350598,9.9601593625498,1.99203187250996,"SMS MATERNIDADE CARMELA DUTRA AP 32","ADMINISTRACAO PUBLICA","M","NORTE","alto","baixo","alto",NA,"alto","medio","medio","alto","alto","medio"
2280248,201002,2010-02-01,2010,"02",2.03665987780041,2.03665987780041,0,"SMS MATERNIDADE CARMELA DUTRA AP 32","ADMINISTRACAO PUBLICA","M","NORTE","alto","baixo","alto",NA,"medio","medio","medio","baixo","medio","medio"
2280248,201003,2010-03-01,2010,"03",11.2359550561798,11.2359550561798,0,"SMS MATERNIDADE CARMELA DUTRA AP 32","ADMINISTRACAO PUBLICA","M","NORTE","alto","medio","alto",NA,"alto","medio","medio","medio","alto","medio"
2280248,201004,2010-04-01,2010,"04",4.20168067226891,4.20168067226891,0,"SMS MATERNIDADE CARMELA DUTRA AP 32","ADMINISTRACAO PUBLICA","M","NORTE","alto","medio","alto",NA,"medio","medio","medio","medio","medio","medio"
2280248,201005,2010-05-01,2010,"05",10.9409190371991,6.56455142231947,4.37636761487965,"SMS MATERNIDADE CARMELA DUTRA AP 32","ADMINISTRACAO PUBLICA","M","NORTE","alto","medio","alto",NA,"medio","alto","medio","medio","medio","alto"
2280248,201006,2010-06-01,2010,"06",6.12244897959184,4.08163265306122,2.04081632653061,"SMS MATERNIDADE CARMELA DUTRA AP 32","ADMINISTRACAO PUBLICA","M","NORTE","alto","medio","alto",NA,"medio","baixo","medio","medio","medio","medio"
2280248,201007,2010-07-01,2010,"07",6.42398286937901,4.28265524625268,2.14132762312634,"SMS MATERNIDADE CARMELA DUTRA AP 32","ADMINISTRACAO PUBLICA","M","NORTE","alto","baixo","alto",NA,"medio","medio","medio","medio","medio","medio"
2280248,201008,2010-08-01,2010,"08",13.8248847926267,6.91244239631336,6.91244239631336,"SMS MATERNIDADE CARMELA DUTRA AP 32","ADMINISTRACAO PUBLICA","M","NORTE","alto","baixo","alto",NA,"medio","medio","medio","alto","medio","alto"
2280248,201009,2010-09-01,2010,"09",2.5,0,2.5,"SMS MATERNIDADE CARMELA DUTRA AP 32","ADMINISTRACAO PUBLICA","M","NORTE","alto","baixo","alto",NA,"medio","medio","medio","baixo","baixo","alto"
2280248,201010,2010-10-01,2010,"10",4.78468899521531,4.78468899521531,0,"SMS MATERNIDADE CARMELA DUTRA AP 32","ADMINISTRACAO PUBLICA","M","NORTE","alto","baixo","alto",NA,"medio","medio","medio","medio","medio","medio"
2280248,201011,2010-11-01,2010,"11",4.8780487804878,2.4390243902439,2.4390243902439,"SMS MATERNIDADE CARMELA DUTRA AP 32","ADMINISTRACAO PUBLICA","M","NORTE","alto","baixo","alto",NA,"medio","medio","medio","medio","medio","alto"
2280248,201012,2010-12-01,2010,"12",1.99203187250996,1.99203187250996,0,"SMS MATERNIDADE CARMELA DUTRA AP 32","ADMINISTRACAO PUBLICA","M","NORTE","alto","medio","alto",NA,"medio","medio","medio","baixo","medio","medio"
2280248,201101,2011-01-01,2011,"01",1.79856115107914,1.79856115107914,0,"SMS MATERNIDADE CARMELA DUTRA AP 32","ADMINISTRACAO PUBLICA","M","NORTE","alto","medio","alto","baixo","medio","medio","medio","baixo","baixo","medio"
2280248,201102,2011-02-01,2011,"02",3.86847195357834,3.86847195357834,0,"SMS MATERNIDADE CARMELA DUTRA AP 32","ADMINISTRACAO PUBLICA","M","NORTE","alto","baixo","alto","baixo","medio","alto","medio","medio","medio","medio"
2280248,201103,2011-03-01,2011,"03",11.0062893081761,7.86163522012579,3.14465408805031,"SMS MATERNIDADE CARMELA DUTRA AP 32","ADMINISTRACAO PUBLICA","M","NORTE","alto","baixo","alto","baixo","medio","medio","medio","medio","medio","alto"
2280248,201104,2011-04-01,2011,"04",8.36120401337793,8.36120401337793,0,"SMS MATERNIDADE CARMELA DUTRA AP 32","ADMINISTRACAO PUBLICA","M","NORTE","alto","baixo","alto","medio","medio","medio","medio","medio","alto","medio"
2280248,201105,2011-05-01,2011,"05",7.20720720720721,5.40540540540541,1.8018018018018,"SMS MATERNIDADE CARMELA DUTRA AP 32","ADMINISTRACAO PUBLICA","M","NORTE","alto","medio","alto","alto","alto","alto","medio","medio","medio","medio"
2280248,201106,2011-06-01,2011,"06",0,0,0,"SMS MATERNIDADE CARMELA DUTRA AP 32","ADMINISTRACAO PUBLICA","M","NORTE","alto","baixo","alto","medio","alto","baixo","medio","baixo","baixo","medio"
2280248,201107,2011-07-01,2011,"07",7.07964601769912,7.07964601769912,0,"SMS MATERNIDADE CARMELA DUTRA AP 32","ADMINISTRACAO PUBLICA","M","NORTE","alto","medio","alto","baixo","alto","alto","medio","medio","medio","medio"
2280248,201108,2011-08-01,2011,"08",0,0,0,"SMS MATERNIDADE CARMELA DUTRA AP 32","ADMINISTRACAO PUBLICA","M","NORTE","alto","medio","alto","baixo","alto","baixo","medio","baixo","baixo","medio"
2280248,201109,2011-09-01,2011,"09",0,0,0,"SMS MATERNIDADE CARMELA DUTRA AP 32","ADMINISTRACAO PUBLICA","M","NORTE","alto","baixo","alto","medio","medio","medio","medio","baixo","baixo","medio"
2280248,201110,2011-10-01,2011,"10",2.27272727272727,2.27272727272727,0,"SMS MATERNIDADE CARMELA DUTRA AP 32","ADMINISTRACAO PUBLICA","M","NORTE","alto","medio","alto","medio","medio","medio","medio","baixo","medio","medio"
2280248,201111,2011-11-01,2011,"11",6.49350649350649,4.32900432900433,2.16450216450216,"SMS MATERNIDADE CARMELA DUTRA AP 32","ADMINISTRACAO PUBLICA","M","NORTE","alto","medio","medio","medio","alto","medio","medio","medio","medio","medio"
2280248,201112,2011-12-01,2011,"12",4.18410041841004,2.09205020920502,2.09205020920502,"SMS MATERNIDADE CARMELA DUTRA AP 32","ADMINISTRACAO PUBLICA","M","NORTE","alto","medio","medio","baixo","alto","medio","medio","medio","medio","medio"
2280248,201201,2012-01-01,2012,"01",1.83150183150183,1.83150183150183,0,"SMS MATERNIDADE CARMELA DUTRA AP 32","ADMINISTRACAO PUBLICA","M","NORTE","alto","alto","alto",NA,"alto","medio","medio","baixo","baixo","medio"
2280248,201202,2012-02-01,2012,"02",0,0,0,"SMS MATERNIDADE CARMELA DUTRA AP 32","ADMINISTRACAO PUBLICA","M","NORTE","alto","medio","alto",NA,"alto","baixo","baixo","baixo","baixo","medio"
2280248,201203,2012-03-01,2012,"03",6.86106346483705,5.14579759862779,1.71526586620926,"SMS MATERNIDADE CARMELA DUTRA AP 32","ADMINISTRACAO PUBLICA","M","NORTE","alto","medio","medio",NA,"alto","medio","medio","medio","medio","medio"
2280248,201204,2012-04-01,2012,"04",11.605415860735,7.73694390715667,3.86847195357834,"SMS MATERNIDADE CARMELA DUTRA AP 32","ADMINISTRACAO PUBLICA","M","NORTE","alto","medio","medio",NA,"alto","medio","medio","alto","medio","alto"
2280248,201205,2012-05-01,2012,"05",3.93700787401575,3.93700787401575,0,"SMS MATERNIDADE CARMELA DUTRA AP 32","ADMINISTRACAO PUBLICA","M","NORTE","alto","baixo","medio",NA,"alto","medio","medio","medio","medio","medio"
2280248,201206,2012-06-01,2012,"06",7.16845878136201,7.16845878136201,0,"SMS MATERNIDADE CARMELA DUTRA AP 32","ADMINISTRACAO PUBLICA","M","NORTE","alto","medio","medio",NA,"alto","medio","medio","medio","medio","medio"
2280248,201207,2012-07-01,2012,"07",3.89105058365759,1.94552529182879,1.94552529182879,"SMS MATERNIDADE CARMELA DUTRA AP 32","ADMINISTRACAO PUBLICA","M","NORTE","alto","medio","medio",NA,"alto","alto","medio","medio","medio","medio"
2280248,201208,2012-08-01,2012,"08",7.8740157480315,7.8740157480315,0,"SMS MATERNIDADE CARMELA DUTRA AP 32","ADMINISTRACAO PUBLICA","M","NORTE","alto","baixo","medio",NA,"alto","baixo","medio","medio","medio","medio"
2280248,201209,2012-09-01,2012,"09",0,0,0,"SMS MATERNIDADE CARMELA DUTRA AP 32","ADMINISTRACAO PUBLICA","M","NORTE","alto","medio","medio",NA,"alto","baixo","medio","baixo","baixo","medio"
2280248,201210,2012-10-01,2012,"10",10.1626016260163,8.13008130081301,2.03252032520325,"SMS MATERNIDADE CARMELA DUTRA AP 32","ADMINISTRACAO PUBLICA","M","NORTE","alto","medio","medio",NA,"medio","alto","medio","medio","medio","medio"
2280248,201211,2012-11-01,2012,"11",6.84931506849315,4.5662100456621,2.28310502283105,"SMS MATERNIDADE CARMELA DUTRA AP 32","ADMINISTRACAO PUBLICA","M","NORTE","alto","medio","medio",NA,"medio","medio","baixo","medio","medio","medio"
2280248,201212,2012-12-01,2012,"12",11.2359550561798,8.98876404494382,2.24719101123596,"SMS MATERNIDADE CARMELA DUTRA AP 32","ADMINISTRACAO PUBLICA","M","NORTE","alto","medio","medio",NA,"alto","medio","baixo","medio","alto","medio"
2280248,201301,2013-01-01,2013,"01",14.344262295082,10.2459016393443,4.09836065573771,"SMS MATERNIDADE CARMELA DUTRA AP 32","ADMINISTRACAO PUBLICA","M","NORTE","alto","medio","medio","medio","medio","medio","baixo","alto","alto","alto"
2280248,201302,2013-02-01,2013,"02",0,0,0,"SMS MATERNIDADE CARMELA DUTRA AP 32","ADMINISTRACAO PUBLICA","M","NORTE","alto","medio","medio","baixo","alto","medio","baixo","baixo","baixo","medio"
2280248,201303,2013-03-01,2013,"03",3.88349514563107,1.94174757281553,1.94174757281553,"SMS MATERNIDADE CARMELA DUTRA AP 32","ADMINISTRACAO PUBLICA","M","NORTE","alto","baixo","medio","baixo","medio","medio","medio","medio","medio","medio"
2280248,201304,2013-04-01,2013,"04",7.36648250460405,5.52486187845304,1.84162062615101,"SMS MATERNIDADE CARMELA DUTRA AP 32","ADMINISTRACAO PUBLICA","M","NORTE","alto","medio","medio","medio","alto","medio","baixo","medio","medio","medio"
2280248,201305,2013-05-01,2013,"05",7.49063670411985,7.49063670411985,0,"SMS MATERNIDADE CARMELA DUTRA AP 32","ADMINISTRACAO PUBLICA","M","NORTE","alto","medio","medio","medio","alto","medio","medio","medio","medio","medio"
2280248,201306,2013-06-01,2013,"06",7.75193798449612,5.81395348837209,1.93798449612403,"SMS MATERNIDADE CARMELA DUTRA AP 32","ADMINISTRACAO PUBLICA","M","NORTE","alto","medio","medio","medio","alto","medio","medio","medio","medio","medio"
2280248,201307,2013-07-01,2013,"07",1.99600798403194,1.99600798403194,0,"SMS MATERNIDADE CARMELA DUTRA AP 32","ADMINISTRACAO PUBLICA","M","NORTE","alto","medio","medio","baixo","alto","baixo","baixo","baixo","medio","medio"
2280248,201308,2013-08-01,2013,"08",10.5042016806723,6.30252100840336,4.20168067226891,"SMS MATERNIDADE CARMELA DUTRA AP 32","ADMINISTRACAO PUBLICA","M","NORTE","alto","medio","medio","medio","medio","medio","medio","medio","medio","alto"
2280248,201309,2013-09-01,2013,"09",7.17703349282297,2.39234449760766,4.78468899521531,"SMS MATERNIDADE CARMELA DUTRA AP 32","ADMINISTRACAO PUBLICA","M","NORTE","alto","medio","medio","baixo","alto","baixo","medio","medio","medio","alto"
2280248,201310,2013-10-01,2013,"10",7.14285714285714,7.14285714285714,0,"SMS MATERNIDADE CARMELA DUTRA AP 32","ADMINISTRACAO PUBLICA","M","NORTE","alto","medio","medio","baixo","medio","medio","baixo","medio","medio","medio"
2280248,201311,2013-11-01,2013,"11",2.21729490022173,2.21729490022173,0,"SMS MATERNIDADE CARMELA DUTRA AP 32","ADMINISTRACAO PUBLICA","M","NORTE","alto","baixo","medio","baixo","alto","medio","medio","baixo","medio","medio"
2280248,201312,2013-12-01,2013,"12",2.4390243902439,2.4390243902439,0,"SMS MATERNIDADE CARMELA DUTRA AP 32","ADMINISTRACAO PUBLICA","M","NORTE","alto","medio","medio","baixo","alto","medio","medio","baixo","medio","medio"
2280248,201401,2014-01-01,2014,"01",5.96421471172962,1.98807157057654,3.97614314115308,"SMS MATERNIDADE CARMELA DUTRA AP 32","ADMINISTRACAO PUBLICA","M","NORTE","alto","medio","medio","medio","medio","medio","baixo","medio","medio","alto"
2280248,201402,2014-02-01,2014,"02",13.1004366812227,4.36681222707424,8.73362445414847,"SMS MATERNIDADE CARMELA DUTRA AP 32","ADMINISTRACAO PUBLICA","M","NORTE","alto","medio","medio","medio","medio","alto","baixo","alto","medio","alto"
2280248,201403,2014-03-01,2014,"03",5.83657587548638,3.89105058365759,1.94552529182879,"SMS MATERNIDADE CARMELA DUTRA AP 32","ADMINISTRACAO PUBLICA","M","NORTE","alto","medio","medio","medio","medio","medio","medio","medio","medio","medio"
2280248,201404,2014-04-01,2014,"04",1.91570881226054,0,1.91570881226054,"SMS MATERNIDADE CARMELA DUTRA AP 32","ADMINISTRACAO PUBLICA","M","NORTE","alto","medio","medio","baixo","medio","medio","medio","baixo","baixo","medio"
2280248,201405,2014-05-01,2014,"05",5.98802395209581,5.98802395209581,0,"SMS MATERNIDADE CARMELA DUTRA AP 32","ADMINISTRACAO PUBLICA","M","NORTE","alto","medio","medio","medio","medio","medio","baixo","medio","medio","medio"
2280248,201406,2014-06-01,2014,"06",5.859375,1.953125,3.90625,"SMS MATERNIDADE CARMELA DUTRA AP 32","ADMINISTRACAO PUBLICA","M","NORTE","alto","medio","medio","baixo","medio","medio","baixo","medio","medio","alto"
2280248,201407,2014-07-01,2014,"07",9.80392156862745,9.80392156862745,0,"SMS MATERNIDADE CARMELA DUTRA AP 32","ADMINISTRACAO PUBLICA","M","NORTE","alto","medio","medio","baixo","medio","alto","medio","medio","alto","medio"
2280248,201408,2014-08-01,2014,"08",1.98019801980198,1.98019801980198,0,"SMS MATERNIDADE CARMELA DUTRA AP 32","ADMINISTRACAO PUBLICA","M","NORTE","alto","medio","medio","baixo","medio","medio","baixo","baixo","medio","medio"
2280248,201409,2014-09-01,2014,"09",4.04040404040404,4.04040404040404,0,"SMS MATERNIDADE CARMELA DUTRA AP 32","ADMINISTRACAO PUBLICA","M","NORTE","alto","medio","medio","medio","medio","medio","baixo","medio","medio","medio"
2280248,201410,2014-10-01,2014,"10",2.3094688221709,2.3094688221709,0,"SMS MATERNIDADE CARMELA DUTRA AP 32","ADMINISTRACAO PUBLICA","M","NORTE","alto","medio","baixo","medio","medio","medio","baixo","baixo","medio","medio"
2280248,201411,2014-11-01,2014,"11",9.2378752886836,4.6189376443418,4.6189376443418,"SMS MATERNIDADE CARMELA DUTRA AP 32","ADMINISTRACAO PUBLICA","M","NORTE","alto","medio","baixo","medio","medio","medio","medio","medio","medio","alto"
2280248,201412,2014-12-01,2014,"12",6.2111801242236,6.2111801242236,0,"SMS MATERNIDADE CARMELA DUTRA AP 32","ADMINISTRACAO PUBLICA","M","NORTE","alto","medio","medio","medio","alto","baixo","baixo","medio","medio","medio"
2280248,201501,2015-01-01,2015,"01",3.86100386100386,3.86100386100386,0,"SMS MATERNIDADE CARMELA DUTRA AP 32","ADMINISTRACAO PUBLICA","M","NORTE","alto","medio","medio","medio","alto","baixo","baixo","medio","medio","medio"
2280248,201502,2015-02-01,2015,"02",0,0,0,"SMS MATERNIDADE CARMELA DUTRA AP 32","ADMINISTRACAO PUBLICA","M","NORTE","alto","alto","medio","medio","alto","baixo","medio","baixo","baixo","medio"
2280248,201503,2015-03-01,2015,"03",5.45454545454546,3.63636363636364,1.81818181818182,"SMS MATERNIDADE CARMELA DUTRA AP 32","ADMINISTRACAO PUBLICA","M","NORTE","alto","medio","medio","medio","medio","baixo","baixo","medio","medio","medio"
2280248,201504,2015-04-01,2015,"04",5.29100529100529,5.29100529100529,0,"SMS MATERNIDADE CARMELA DUTRA AP 32","ADMINISTRACAO PUBLICA","M","NORTE","alto","medio","medio","baixo","medio","medio","medio","medio","medio","medio"
2280248,201505,2015-05-01,2015,"05",7.60456273764259,7.60456273764259,0,"SMS MATERNIDADE CARMELA DUTRA AP 32","ADMINISTRACAO PUBLICA","M","NORTE","alto","alto","medio","medio","alto","baixo","medio","medio","medio","medio"
2280248,201506,2015-06-01,2015,"06",6.08519269776876,6.08519269776876,0,"SMS MATERNIDADE CARMELA DUTRA AP 32","ADMINISTRACAO PUBLICA","M","NORTE","alto","medio","medio","medio","medio","baixo","baixo","medio","medio","medio"
2280248,201507,2015-07-01,2015,"07",6.02409638554217,6.02409638554217,0,"SMS MATERNIDADE CARMELA DUTRA AP 32","ADMINISTRACAO PUBLICA","M","NORTE","alto","medio","baixo","medio","medio","medio","medio","medio","medio","medio"
2280248,201508,2015-08-01,2015,"08",8.40336134453782,8.40336134453782,0,"SMS MATERNIDADE CARMELA DUTRA AP 32","ADMINISTRACAO PUBLICA","M","NORTE","alto","medio","medio","medio","medio","medio","medio","medio","alto","medio"
2280248,201509,2015-09-01,2015,"09",4.25531914893617,4.25531914893617,0,"SMS MATERNIDADE CARMELA DUTRA AP 32","ADMINISTRACAO PUBLICA","M","NORTE","alto","medio","medio","medio","medio","medio","medio","medio","medio","medio"
2280248,201510,2015-10-01,2015,"10",8.54700854700855,4.27350427350427,4.27350427350427,"SMS MATERNIDADE CARMELA DUTRA AP 32","ADMINISTRACAO PUBLICA","M","NORTE","alto","baixo","medio","medio","medio","alto","baixo","medio","medio","alto"
2280248,201511,2015-11-01,2015,"11",6.57894736842105,4.3859649122807,2.19298245614035,"SMS MATERNIDADE CARMELA DUTRA AP 32","ADMINISTRACAO PUBLICA","M","NORTE","alto","baixo","baixo","medio","medio","medio","baixo","medio","medio","medio"
2280248,201512,2015-12-01,2015,"12",5.84795321637427,3.89863547758285,1.94931773879142,"SMS MATERNIDADE CARMELA DUTRA AP 32","ADMINISTRACAO PUBLICA","M","NORTE","alto","medio","baixo","baixo","medio","baixo","baixo","medio","medio","medio"
2280248,201601,2016-01-01,2016,"01",3.67647058823529,1.83823529411765,1.83823529411765,"SMS MATERNIDADE CARMELA DUTRA AP 32","ADMINISTRACAO PUBLICA","M","NORTE","alto","medio","medio","alto","medio","baixo","medio","medio","baixo","medio"
2280248,201602,2016-02-01,2016,"02",6.10997963340122,4.07331975560081,2.03665987780041,"SMS MATERNIDADE CARMELA DUTRA AP 32","ADMINISTRACAO PUBLICA","M","NORTE","alto","alto","medio","medio","medio","medio","medio","medio","medio","medio"
2280248,201603,2016-03-01,2016,"03",8.86524822695035,8.86524822695035,0,"SMS MATERNIDADE CARMELA DUTRA AP 32","ADMINISTRACAO PUBLICA","M","NORTE","alto","medio","medio","medio","medio","medio","medio","medio","alto","medio"
2280248,201604,2016-04-01,2016,"04",3.97614314115308,3.97614314115308,0,"SMS MATERNIDADE CARMELA DUTRA AP 32","ADMINISTRACAO PUBLICA","M","NORTE","alto","medio","baixo","medio","medio","baixo","medio","medio","medio","medio"
2280248,201605,2016-05-01,2016,"05",7.73694390715667,7.73694390715667,0,"SMS MATERNIDADE CARMELA DUTRA AP 32","ADMINISTRACAO PUBLICA","M","NORTE","alto","medio","baixo","alto","medio","medio","medio","medio","medio","medio"
2280248,201606,2016-06-01,2016,"06",6.10997963340122,2.03665987780041,4.07331975560081,"SMS MATERNIDADE CARMELA DUTRA AP 32","ADMINISTRACAO PUBLICA","M","NORTE","alto","medio","baixo","medio","medio","medio","medio","medio","medio","alto"
2280248,201607,2016-07-01,2016,"07",6.36942675159236,4.24628450106157,2.12314225053079,"SMS MATERNIDADE CARMELA DUTRA AP 32","ADMINISTRACAO PUBLICA","M","NORTE","alto","medio","baixo","medio","baixo","medio","baixo","medio","medio","medio"
2280248,201608,2016-08-01,2016,"08",2.10526315789474,2.10526315789474,0,"SMS MATERNIDADE CARMELA DUTRA AP 32","ADMINISTRACAO PUBLICA","M","NORTE","alto","baixo","medio","medio","medio","medio","baixo","baixo","medio","medio"
2280248,201609,2016-09-01,2016,"09",2.29357798165138,0,2.29357798165138,"SMS MATERNIDADE CARMELA DUTRA AP 32","ADMINISTRACAO PUBLICA","M","NORTE","alto","baixo","baixo","medio","medio","baixo","medio","baixo","baixo","alto"
2280248,201610,2016-10-01,2016,"10",7.12589073634204,7.12589073634204,0,"SMS MATERNIDADE CARMELA DUTRA AP 32","ADMINISTRACAO PUBLICA","M","NORTE","alto","medio","baixo","medio","medio","baixo","medio","medio","medio","medio"
2280248,201611,2016-11-01,2016,"11",14.6341463414634,9.75609756097561,4.8780487804878,"SMS MATERNIDADE CARMELA DUTRA AP 32","ADMINISTRACAO PUBLICA","M","NORTE","alto","medio","baixo","medio","medio","medio","medio","alto","alto","alto"
2280248,201612,2016-12-01,2016,"12",4.66200466200466,4.66200466200466,0,"SMS MATERNIDADE CARMELA DUTRA AP 32","ADMINISTRACAO PUBLICA","M","NORTE","alto","medio","baixo","medio","baixo","medio","medio","medio","medio","medio"
2280248,201701,2017-01-01,2017,"01",4.5662100456621,4.5662100456621,0,"SMS MATERNIDADE CARMELA DUTRA AP 32","ADMINISTRACAO PUBLICA","M","NORTE","alto","alto","medio","baixo","medio","medio","baixo","medio","medio","medio"
2280248,201702,2017-02-01,2017,"02",6.91244239631336,6.91244239631336,0,"SMS MATERNIDADE CARMELA DUTRA AP 32","ADMINISTRACAO PUBLICA","M","NORTE","alto","alto","baixo","medio","baixo","alto","medio","medio","medio","medio"
2280248,201703,2017-03-01,2017,"03",9.63391136801541,9.63391136801541,0,"SMS MATERNIDADE CARMELA DUTRA AP 32","ADMINISTRACAO PUBLICA","M","NORTE","alto","medio","medio","alto","medio","baixo","baixo","medio","alto","medio"
2280248,201704,2017-04-01,2017,"04",3.86100386100386,0,3.86100386100386,"SMS MATERNIDADE CARMELA DUTRA AP 32","ADMINISTRACAO PUBLICA","M","NORTE","alto","medio","baixo","medio","baixo","medio","medio","medio","baixo","alto"
2280248,201705,2017-05-01,2017,"05",1.83823529411765,0,1.83823529411765,"SMS MATERNIDADE CARMELA DUTRA AP 32","ADMINISTRACAO PUBLICA","M","NORTE","alto","medio","baixo","medio","baixo","medio","baixo","baixo","baixo","medio"
2280248,201706,2017-06-01,2017,"06",7.92079207920792,3.96039603960396,3.96039603960396,"SMS MATERNIDADE CARMELA DUTRA AP 32","ADMINISTRACAO PUBLICA","M","NORTE","alto","medio","baixo","alto","baixo","medio","medio","medio","medio","alto"
2280248,201707,2017-07-01,2017,"07",6.30252100840336,6.30252100840336,0,"SMS MATERNIDADE CARMELA DUTRA AP 32","ADMINISTRACAO PUBLICA","M","NORTE","alto","medio","baixo","alto","medio","medio","baixo","medio","medio","medio"
2280248,201708,2017-08-01,2017,"08",6.08519269776876,4.05679513184584,2.02839756592292,"SMS MATERNIDADE CARMELA DUTRA AP 32","ADMINISTRACAO PUBLICA","M","NORTE","alto","baixo","baixo","medio","baixo","medio","medio","medio","medio","medio"
2280248,201709,2017-09-01,2017,"09",6.63716814159292,2.21238938053097,4.42477876106195,"SMS MATERNIDADE CARMELA DUTRA AP 32","ADMINISTRACAO PUBLICA","M","NORTE","alto","medio","baixo","medio","baixo","medio","medio","medio","medio","alto"
2280248,201710,2017-10-01,2017,"10",6.32911392405063,6.32911392405063,0,"SMS MATERNIDADE CARMELA DUTRA AP 32","ADMINISTRACAO PUBLICA","M","NORTE","alto","baixo","baixo","baixo","baixo","alto","medio","medio","medio","medio"
2280248,201711,2017-11-01,2017,"11",6.83371298405467,4.55580865603645,2.27790432801822,"SMS MATERNIDADE CARMELA DUTRA AP 32","ADMINISTRACAO PUBLICA","M","NORTE","alto","medio","baixo","baixo","baixo","medio","medio","medio","medio","medio"
2280248,201712,2017-12-01,2017,"12",4.19287211740042,2.09643605870021,2.09643605870021,"SMS MATERNIDADE CARMELA DUTRA AP 32","ADMINISTRACAO PUBLICA","M","NORTE","alto","medio","baixo","alto","baixo","medio","medio","medio","medio","medio"
2295407,200601,2006-01-01,2006,"01",14.4578313253012,14.4578313253012,0,"SMS HOSPITAL MUNICIPAL ROCHA FARIA AP 52","ADMINISTRACAO PUBLICA","M","OESTE","alto","baixo","alto","medio","alto","alto","baixo","alto","alto","medio"
2295407,200602,2006-02-01,2006,"02",28.328611898017,14.1643059490085,14.1643059490085,"SMS HOSPITAL MUNICIPAL ROCHA FARIA AP 52","ADMINISTRACAO PUBLICA","M","OESTE","alto","medio","alto","baixo","alto","alto","baixo","alto","alto","alto"
2295407,200603,2006-03-01,2006,"03",23.4741784037559,14.0845070422535,9.38967136150235,"SMS HOSPITAL MUNICIPAL ROCHA FARIA AP 52","ADMINISTRACAO PUBLICA","M","OESTE","alto","baixo","alto","medio","alto","alto","baixo","alto","alto","alto"
2295407,200604,2006-04-01,2006,"04",15.4867256637168,13.2743362831858,2.21238938053097,"SMS HOSPITAL MUNICIPAL ROCHA FARIA AP 52","ADMINISTRACAO PUBLICA","M","OESTE","alto","baixo","alto","medio","alto","alto","baixo","alto","alto","medio"
2295407,200605,2006-05-01,2006,"05",28.7958115183246,26.1780104712042,2.61780104712042,"SMS HOSPITAL MUNICIPAL ROCHA FARIA AP 52","ADMINISTRACAO PUBLICA","M","OESTE","alto","baixo","alto","medio","alto","alto","baixo","alto","alto","alto"
2295407,200606,2006-06-01,2006,"06",16.6270783847981,9.50118764845606,7.12589073634204,"SMS HOSPITAL MUNICIPAL ROCHA FARIA AP 52","ADMINISTRACAO PUBLICA","M","OESTE","alto","baixo","alto","medio","alto","alto","baixo","alto","alto","alto"
2295407,200607,2006-07-01,2006,"07",10.2564102564103,5.12820512820513,5.12820512820513,"SMS HOSPITAL MUNICIPAL ROCHA FARIA AP 52","ADMINISTRACAO PUBLICA","M","OESTE","alto","baixo","alto","medio","alto","alto","baixo","medio","medio","alto"
2295407,200608,2006-08-01,2006,"08",7.2289156626506,2.40963855421687,4.81927710843374,"SMS HOSPITAL MUNICIPAL ROCHA FARIA AP 52","ADMINISTRACAO PUBLICA","M","OESTE","alto","baixo","alto","medio","alto","medio","baixo","medio","medio","alto"
2295407,200609,2006-09-01,2006,"09",7.57575757575758,2.52525252525253,5.05050505050505,"SMS HOSPITAL MUNICIPAL ROCHA FARIA AP 52","ADMINISTRACAO PUBLICA","M","OESTE","alto","baixo","alto","medio","alto","medio","baixo","medio","medio","alto"
2295407,200610,2006-10-01,2006,"10",7.8740157480315,7.8740157480315,0,"SMS HOSPITAL MUNICIPAL ROCHA FARIA AP 52","ADMINISTRACAO PUBLICA","M","OESTE","alto","medio","medio","medio","alto","medio","baixo","medio","medio","medio"
2295407,200611,2006-11-01,2006,"11",19.7802197802198,13.1868131868132,6.59340659340659,"SMS HOSPITAL MUNICIPAL ROCHA FARIA AP 52","ADMINISTRACAO PUBLICA","M","OESTE","alto","baixo","alto","baixo","alto","medio","baixo","alto","alto","alto"
2295407,200612,2006-12-01,2006,"12",16.0427807486631,5.3475935828877,10.6951871657754,"SMS HOSPITAL MUNICIPAL ROCHA FARIA AP 52","ADMINISTRACAO PUBLICA","M","OESTE","alto","baixo","alto","baixo","alto","medio","baixo","alto","medio","alto"
2295407,200701,2007-01-01,2007,"01",6.75675675675676,6.75675675675676,0,"SMS HOSPITAL MUNICIPAL ROCHA FARIA AP 52","ADMINISTRACAO PUBLICA","M","OESTE","alto","baixo","alto",NA,"alto","alto","baixo","medio","medio","medio"
2295407,200702,2007-02-01,2007,"02",14.792899408284,14.792899408284,0,"SMS HOSPITAL MUNICIPAL ROCHA FARIA AP 52","ADMINISTRACAO PUBLICA","M","OESTE","medio","baixo","alto",NA,"alto","alto","baixo","alto","alto","medio"
2295407,200703,2007-03-01,2007,"03",25.2873563218391,16.0919540229885,9.19540229885057,"SMS HOSPITAL MUNICIPAL ROCHA FARIA AP 52","ADMINISTRACAO PUBLICA","M","OESTE","alto","baixo","medio",NA,"alto","alto","baixo","alto","alto","alto"
2295407,200704,2007-04-01,2007,"04",6.96055684454756,4.64037122969838,2.32018561484919,"SMS HOSPITAL MUNICIPAL ROCHA FARIA AP 52","ADMINISTRACAO PUBLICA","M","OESTE","alto","baixo","medio",NA,"alto","medio","baixo","medio","medio","alto"
2295407,200705,2007-05-01,2007,"05",9.21658986175115,4.60829493087558,4.60829493087558,"SMS HOSPITAL MUNICIPAL ROCHA FARIA AP 52","ADMINISTRACAO PUBLICA","M","OESTE","alto","baixo","alto",NA,"alto","medio","baixo","medio","medio","alto"
2295407,200706,2007-06-01,2007,"06",15.695067264574,13.4529147982063,2.24215246636771,"SMS HOSPITAL MUNICIPAL ROCHA FARIA AP 52","ADMINISTRACAO PUBLICA","M","OESTE","alto","baixo","alto",NA,"alto","medio","baixo","alto","alto","medio"
2295407,200707,2007-07-01,2007,"07",18.8172043010753,13.4408602150538,5.37634408602151,"SMS HOSPITAL MUNICIPAL ROCHA FARIA AP 52","ADMINISTRACAO PUBLICA","M","OESTE","alto","medio","medio",NA,"alto","medio","baixo","alto","alto","alto"
2295407,200708,2007-08-01,2007,"08",16.2790697674419,9.30232558139535,6.97674418604651,"SMS HOSPITAL MUNICIPAL ROCHA FARIA AP 52","ADMINISTRACAO PUBLICA","M","OESTE","alto","baixo","alto",NA,"alto","alto","baixo","alto","alto","alto"
2295407,200709,2007-09-01,2007,"09",15.4867256637168,8.84955752212389,6.63716814159292,"SMS HOSPITAL MUNICIPAL ROCHA FARIA AP 52","ADMINISTRACAO PUBLICA","M","OESTE","alto","baixo","alto",NA,"alto","alto","baixo","alto","alto","alto"
2295407,200710,2007-10-01,2007,"10",4.93827160493827,4.93827160493827,0,"SMS HOSPITAL MUNICIPAL ROCHA FARIA AP 52","ADMINISTRACAO PUBLICA","M","OESTE","alto","baixo","medio",NA,"alto","alto","baixo","medio","medio","medio"
2295407,200711,2007-11-01,2007,"11",23.0769230769231,17.9487179487179,5.12820512820513,"SMS HOSPITAL MUNICIPAL ROCHA FARIA AP 52","ADMINISTRACAO PUBLICA","M","OESTE","alto","baixo","alto",NA,"alto","alto","baixo","alto","alto","alto"
2295407,200712,2007-12-01,2007,"12",7.7120822622108,5.1413881748072,2.5706940874036,"SMS HOSPITAL MUNICIPAL ROCHA FARIA AP 52","ADMINISTRACAO PUBLICA","M","OESTE","alto","medio","alto",NA,"alto","alto","baixo","medio","medio","alto"
2295407,200801,2008-01-01,2008,"01",16.548463356974,14.1843971631206,2.36406619385343,"SMS HOSPITAL MUNICIPAL ROCHA FARIA AP 52","ADMINISTRACAO PUBLICA","M","OESTE","alto","baixo","alto","baixo","alto","alto","baixo","alto","alto","alto"
2295407,200802,2008-02-01,2008,"02",14.7783251231527,9.85221674876847,4.92610837438424,"SMS HOSPITAL MUNICIPAL ROCHA FARIA AP 52","ADMINISTRACAO PUBLICA","M","OESTE","alto","baixo","alto","baixo","alto","alto","baixo","alto","alto","alto"
2295407,200803,2008-03-01,2008,"03",14.7368421052632,8.42105263157895,6.31578947368421,"SMS HOSPITAL MUNICIPAL ROCHA FARIA AP 52","ADMINISTRACAO PUBLICA","M","OESTE","alto","baixo","alto","baixo","alto","alto","baixo","alto","alto","alto"
2295407,200804,2008-04-01,2008,"04",9.1743119266055,6.88073394495413,2.29357798165138,"SMS HOSPITAL MUNICIPAL ROCHA FARIA AP 52","ADMINISTRACAO PUBLICA","M","OESTE","alto","medio","alto","baixo","alto","alto","baixo","medio","medio","alto"
2295407,200805,2008-05-01,2008,"05",12.9032258064516,10.752688172043,2.1505376344086,"SMS HOSPITAL MUNICIPAL ROCHA FARIA AP 52","ADMINISTRACAO PUBLICA","M","OESTE","alto","baixo","alto","medio","alto","alto","baixo","alto","alto","medio"
2295407,200806,2008-06-01,2008,"06",16.1616161616162,10.1010101010101,6.06060606060606,"SMS HOSPITAL MUNICIPAL ROCHA FARIA AP 52","ADMINISTRACAO PUBLICA","M","OESTE","alto","baixo","alto","baixo","alto","alto","baixo","alto","alto","alto"
2295407,200807,2008-07-01,2008,"07",13.4529147982063,8.96860986547085,4.48430493273543,"SMS HOSPITAL MUNICIPAL ROCHA FARIA AP 52","ADMINISTRACAO PUBLICA","M","OESTE","alto","baixo","alto","baixo","alto","medio","baixo","alto","alto","alto"
2295407,200808,2008-08-01,2008,"08",4.97512437810945,4.97512437810945,0,"SMS HOSPITAL MUNICIPAL ROCHA FARIA AP 52","ADMINISTRACAO PUBLICA","M","OESTE","alto","baixo","alto","medio","alto","medio","baixo","medio","medio","medio"
2295407,200809,2008-09-01,2008,"09",2.60416666666667,2.60416666666667,0,"SMS HOSPITAL MUNICIPAL ROCHA FARIA AP 52","ADMINISTRACAO PUBLICA","M","OESTE","alto","alto","alto","baixo","alto","medio","baixo","baixo","medio","medio"
2295407,200810,2008-10-01,2008,"10",90.9090909090909,72.7272727272727,18.1818181818182,"SMS HOSPITAL MUNICIPAL ROCHA FARIA AP 52","ADMINISTRACAO PUBLICA","M","OESTE","baixo","alto","alto","alto","alto","medio","medio","alto","alto","alto"
2295407,200811,2008-11-01,2008,"11",46.5116279069767,0,46.5116279069767,"SMS HOSPITAL MUNICIPAL ROCHA FARIA AP 52","ADMINISTRACAO PUBLICA","M","OESTE","baixo","medio","alto","alto","alto","baixo","medio","alto","baixo","alto"
2295407,200812,2008-12-01,2008,"12",8.13008130081301,8.13008130081301,0,"SMS HOSPITAL MUNICIPAL ROCHA FARIA AP 52","ADMINISTRACAO PUBLICA","M","OESTE","medio","baixo","alto","baixo","alto","medio","baixo","medio","medio","medio"
2295407,200901,2009-01-01,2009,"01",14.5985401459854,12.1654501216545,2.4330900243309,"SMS HOSPITAL MUNICIPAL ROCHA FARIA AP 52","ADMINISTRACAO PUBLICA","M","OESTE","alto","baixo","alto",NA,"alto","alto","baixo","alto","alto","alto"
2295407,200902,2009-02-01,2009,"02",12.2199592668024,12.2199592668024,0,"SMS HOSPITAL MUNICIPAL ROCHA FARIA AP 52","ADMINISTRACAO PUBLICA","M","OESTE","alto","medio","alto",NA,"alto","alto","baixo","alto","alto","medio"
2295407,200903,2009-03-01,2009,"03",14.1176470588235,11.7647058823529,2.35294117647059,"SMS HOSPITAL MUNICIPAL ROCHA FARIA AP 52","ADMINISTRACAO PUBLICA","M","OESTE","alto","baixo","alto",NA,"alto","alto","baixo","alto","alto","alto"
2295407,200904,2009-04-01,2009,"04",6.78733031674208,6.78733031674208,0,"SMS HOSPITAL MUNICIPAL ROCHA FARIA AP 52","ADMINISTRACAO PUBLICA","M","OESTE","alto","baixo","alto",NA,"alto","alto","baixo","medio","medio","medio"
2295407,200905,2009-05-01,2009,"05",2.24719101123596,2.24719101123596,0,"SMS HOSPITAL MUNICIPAL ROCHA FARIA AP 52","ADMINISTRACAO PUBLICA","M","OESTE","alto","baixo","alto",NA,"alto","medio","baixo","baixo","medio","medio"
2295407,200906,2009-06-01,2009,"06",12.0192307692308,7.21153846153846,4.80769230769231,"SMS HOSPITAL MUNICIPAL ROCHA FARIA AP 52","ADMINISTRACAO PUBLICA","M","OESTE","alto","medio","alto",NA,"alto","alto","baixo","alto","medio","alto"
2295407,200907,2009-07-01,2009,"07",9.85221674876847,9.85221674876847,0,"SMS HOSPITAL MUNICIPAL ROCHA FARIA AP 52","ADMINISTRACAO PUBLICA","M","OESTE","alto","medio","alto",NA,"alto","alto","baixo","medio","alto","medio"
2295407,200908,2009-08-01,2009,"08",8.52272727272727,5.68181818181818,2.84090909090909,"SMS HOSPITAL MUNICIPAL ROCHA FARIA AP 52","ADMINISTRACAO PUBLICA","M","OESTE","alto","medio","alto",NA,"alto","alto","baixo","medio","medio","alto"
2295407,200909,2009-09-01,2009,"09",7.6530612244898,7.6530612244898,0,"SMS HOSPITAL MUNICIPAL ROCHA FARIA AP 52","ADMINISTRACAO PUBLICA","M","OESTE","alto","medio","alto",NA,"alto","alto","baixo","medio","medio","medio"
2295407,200910,2009-10-01,2009,"10",18.9189189189189,16.2162162162162,2.7027027027027,"SMS HOSPITAL MUNICIPAL ROCHA FARIA AP 52","ADMINISTRACAO PUBLICA","M","OESTE","alto","baixo","alto",NA,"alto","alto","baixo","alto","alto","alto"
2295407,200911,2009-11-01,2009,"11",9.75609756097561,7.31707317073171,2.4390243902439,"SMS HOSPITAL MUNICIPAL ROCHA FARIA AP 52","ADMINISTRACAO PUBLICA","M","OESTE","alto","medio","alto",NA,"alto","alto","baixo","medio","medio","alto"
2295407,200912,2009-12-01,2009,"12",15.2671755725191,10.1781170483461,5.08905852417303,"SMS HOSPITAL MUNICIPAL ROCHA FARIA AP 52","ADMINISTRACAO PUBLICA","M","OESTE","alto","medio","alto",NA,"alto","alto","baixo","alto","alto","alto"
2295407,201001,2010-01-01,2010,"01",13.2450331125828,11.037527593819,2.2075055187638,"SMS HOSPITAL MUNICIPAL ROCHA FARIA AP 52","ADMINISTRACAO PUBLICA","M","OESTE","alto","medio","alto",NA,"alto","medio","baixo","alto","alto","medio"
2295407,201002,2010-02-01,2010,"02",6.63716814159292,6.63716814159292,0,"SMS HOSPITAL MUNICIPAL ROCHA FARIA AP 52","ADMINISTRACAO PUBLICA","M","OESTE","alto","baixo","alto",NA,"alto","medio","baixo","medio","medio","medio"
2295407,201003,2010-03-01,2010,"03",6.5359477124183,4.35729847494553,2.17864923747277,"SMS HOSPITAL MUNICIPAL ROCHA FARIA AP 52","ADMINISTRACAO PUBLICA","M","OESTE","alto","baixo","alto",NA,"alto","medio","baixo","medio","medio","medio"
2295407,201004,2010-04-01,2010,"04",4.72813238770686,2.36406619385343,2.36406619385343,"SMS HOSPITAL MUNICIPAL ROCHA FARIA AP 52","ADMINISTRACAO PUBLICA","M","OESTE","alto","medio","alto",NA,"alto","alto","baixo","medio","medio","alto"
2295407,201005,2010-05-01,2010,"05",2.17391304347826,2.17391304347826,0,"SMS HOSPITAL MUNICIPAL ROCHA FARIA AP 52","ADMINISTRACAO PUBLICA","M","OESTE","alto","baixo","alto",NA,"alto","alto","medio","baixo","medio","medio"
2295407,201006,2010-06-01,2010,"06",9.97506234413965,7.48129675810474,2.49376558603491,"SMS HOSPITAL MUNICIPAL ROCHA FARIA AP 52","ADMINISTRACAO PUBLICA","M","OESTE","alto","baixo","alto",NA,"alto","alto","baixo","medio","medio","alto"
2295407,201007,2010-07-01,2010,"07",6.80272108843537,4.53514739229025,2.26757369614512,"SMS HOSPITAL MUNICIPAL ROCHA FARIA AP 52","ADMINISTRACAO PUBLICA","M","OESTE","alto","baixo","alto",NA,"alto","medio","baixo","medio","medio","medio"
2295407,201008,2010-08-01,2010,"08",23.7388724035608,20.7715133531157,2.9673590504451,"SMS HOSPITAL MUNICIPAL ROCHA FARIA AP 52","ADMINISTRACAO PUBLICA","M","OESTE","medio","baixo","alto",NA,"alto","alto","baixo","alto","alto","alto"
2295407,201009,2010-09-01,2010,"09",2.92397660818713,2.92397660818713,0,"SMS HOSPITAL MUNICIPAL ROCHA FARIA AP 52","ADMINISTRACAO PUBLICA","M","OESTE","medio","baixo","alto",NA,"alto","alto","medio","baixo","medio","medio"
2295407,201010,2010-10-01,2010,"10",16.7865707434053,11.9904076738609,4.79616306954436,"SMS HOSPITAL MUNICIPAL ROCHA FARIA AP 52","ADMINISTRACAO PUBLICA","M","OESTE","alto","medio","alto",NA,"alto","medio","baixo","alto","alto","alto"
2295407,201011,2010-11-01,2010,"11",8,8,0,"SMS HOSPITAL MUNICIPAL ROCHA FARIA AP 52","ADMINISTRACAO PUBLICA","M","OESTE","alto","medio","alto",NA,"alto","alto","baixo","medio","medio","medio"
2295407,201012,2010-12-01,2010,"12",10.6382978723404,8.86524822695035,1.77304964539007,"SMS HOSPITAL MUNICIPAL ROCHA FARIA AP 52","ADMINISTRACAO PUBLICA","M","OESTE","alto","medio","alto",NA,"alto","medio","baixo","medio","alto","medio"
2295407,201101,2011-01-01,2011,"01",10.3703703703704,7.40740740740741,2.96296296296296,"SMS HOSPITAL MUNICIPAL ROCHA FARIA AP 52","ADMINISTRACAO PUBLICA","M","OESTE","alto","medio","alto","baixo","medio","medio","baixo","medio","medio","alto"
2295407,201102,2011-02-01,2011,"02",12.1527777777778,8.68055555555556,3.47222222222222,"SMS HOSPITAL MUNICIPAL ROCHA FARIA AP 52","ADMINISTRACAO PUBLICA","M","OESTE","alto","medio","alto","baixo","alto","alto","baixo","alto","alto","alto"
2295407,201103,2011-03-01,2011,"03",8.26446280991736,8.26446280991736,0,"SMS HOSPITAL MUNICIPAL ROCHA FARIA AP 52","ADMINISTRACAO PUBLICA","M","OESTE","alto","medio","alto","medio","alto","alto","baixo","medio","medio","medio"
2295407,201104,2011-04-01,2011,"04",6.48298217179903,4.86223662884927,1.62074554294976,"SMS HOSPITAL MUNICIPAL ROCHA FARIA AP 52","ADMINISTRACAO PUBLICA","M","OESTE","alto","alto","alto","medio","alto","medio","baixo","medio","medio","medio"
2295407,201105,2011-05-01,2011,"05",14.0350877192982,10.5263157894737,3.50877192982456,"SMS HOSPITAL MUNICIPAL ROCHA FARIA AP 52","ADMINISTRACAO PUBLICA","M","OESTE","alto","medio","alto","medio","medio","alto","baixo","alto","alto","alto"
2295407,201106,2011-06-01,2011,"06",1.84162062615101,1.84162062615101,0,"SMS HOSPITAL MUNICIPAL ROCHA FARIA AP 52","ADMINISTRACAO PUBLICA","M","OESTE","alto","medio","alto","baixo","medio","baixo","baixo","baixo","baixo","medio"
2295407,201107,2011-07-01,2011,"07",10.8108108108108,9.00900900900901,1.8018018018018,"SMS HOSPITAL MUNICIPAL ROCHA FARIA AP 52","ADMINISTRACAO PUBLICA","M","OESTE","alto","medio","alto","baixo","alto","medio","baixo","medio","alto","medio"
2295407,201108,2011-08-01,2011,"08",7.70712909441233,7.70712909441233,0,"SMS HOSPITAL MUNICIPAL ROCHA FARIA AP 52","ADMINISTRACAO PUBLICA","M","OESTE","alto","medio","alto","baixo","alto","medio","baixo","medio","medio","medio"
2295407,201109,2011-09-01,2011,"09",10.6837606837607,10.6837606837607,0,"SMS HOSPITAL MUNICIPAL ROCHA FARIA AP 52","ADMINISTRACAO PUBLICA","M","OESTE","alto","medio","alto","baixo","alto","medio","baixo","medio","alto","medio"
2295407,201110,2011-10-01,2011,"10",16.0550458715596,11.4678899082569,4.58715596330275,"SMS HOSPITAL MUNICIPAL ROCHA FARIA AP 52","ADMINISTRACAO PUBLICA","M","OESTE","alto","medio","alto","baixo","alto","medio","baixo","alto","alto","alto"
2295407,201111,2011-11-01,2011,"11",16.5876777251185,9.47867298578199,7.10900473933649,"SMS HOSPITAL MUNICIPAL ROCHA FARIA AP 52","ADMINISTRACAO PUBLICA","M","OESTE","alto","medio","alto","baixo","alto","medio","baixo","alto","alto","alto"
2295407,201112,2011-12-01,2011,"12",19.3050193050193,17.3745173745174,1.93050193050193,"SMS HOSPITAL MUNICIPAL ROCHA FARIA AP 52","ADMINISTRACAO PUBLICA","M","OESTE","alto","alto","alto","medio","alto","alto","baixo","alto","alto","medio"
2295407,201201,2012-01-01,2012,"01",9.82318271119843,7.85854616895874,1.96463654223969,"SMS HOSPITAL MUNICIPAL ROCHA FARIA AP 52","ADMINISTRACAO PUBLICA","M","OESTE","alto","alto","alto",NA,"alto","medio","baixo","medio","medio","medio"
2295407,201202,2012-02-01,2012,"02",11.2994350282486,9.41619585687382,1.88323917137476,"SMS HOSPITAL MUNICIPAL ROCHA FARIA AP 52","ADMINISTRACAO PUBLICA","M","OESTE","alto","alto","alto",NA,"alto","medio","baixo","medio","alto","medio"
2295407,201203,2012-03-01,2012,"03",7.7639751552795,7.7639751552795,0,"SMS HOSPITAL MUNICIPAL ROCHA FARIA AP 52","ADMINISTRACAO PUBLICA","M","OESTE","alto","alto","alto",NA,"alto","alto","baixo","medio","medio","medio"
2295407,201204,2012-04-01,2012,"04",13.7693631669535,10.3270223752151,3.44234079173838,"SMS HOSPITAL MUNICIPAL ROCHA FARIA AP 52","ADMINISTRACAO PUBLICA","M","OESTE","alto","alto","alto",NA,"alto","alto","baixo","alto","alto","alto"
2295407,201205,2012-05-01,2012,"05",16.0642570281124,14.0562248995984,2.00803212851406,"SMS HOSPITAL MUNICIPAL ROCHA FARIA AP 52","ADMINISTRACAO PUBLICA","M","OESTE","alto","alto","alto",NA,"alto","medio","baixo","alto","alto","medio"
2295407,201206,2012-06-01,2012,"06",9.97506234413965,7.48129675810474,2.49376558603491,"SMS HOSPITAL MUNICIPAL ROCHA FARIA AP 52","ADMINISTRACAO PUBLICA","M","OESTE","alto","alto","alto",NA,"alto","medio","baixo","medio","medio","alto"
2295407,201207,2012-07-01,2012,"07",11.7924528301887,11.7924528301887,0,"SMS HOSPITAL MUNICIPAL ROCHA FARIA AP 52","ADMINISTRACAO PUBLICA","M","OESTE","alto","medio","alto",NA,"alto","alto","baixo","alto","alto","medio"
2295407,201208,2012-08-01,2012,"08",3.07692307692308,3.07692307692308,0,"SMS HOSPITAL MUNICIPAL ROCHA FARIA AP 52","ADMINISTRACAO PUBLICA","M","OESTE","medio","medio","medio",NA,"medio","medio","baixo","baixo","medio","medio"
2295407,201209,2012-09-01,2012,"09",8.62068965517241,5.74712643678161,2.8735632183908,"SMS HOSPITAL MUNICIPAL ROCHA FARIA AP 52","ADMINISTRACAO PUBLICA","M","OESTE","alto","medio","alto",NA,"medio","medio","baixo","medio","medio","alto"
2295407,201210,2012-10-01,2012,"10",8.82352941176471,5.88235294117647,2.94117647058824,"SMS HOSPITAL MUNICIPAL ROCHA FARIA AP 52","ADMINISTRACAO PUBLICA","M","OESTE","medio","medio","medio",NA,"medio","medio","medio","medio","medio","alto"
2295407,201211,2012-11-01,2012,"11",8.28729281767956,5.52486187845304,2.76243093922652,"SMS HOSPITAL MUNICIPAL ROCHA FARIA AP 52","ADMINISTRACAO PUBLICA","M","OESTE","alto","medio","medio",NA,"medio","medio","medio","medio","medio","alto"
2295407,201212,2012-12-01,2012,"12",5.97014925373134,5.97014925373134,0,"SMS HOSPITAL MUNICIPAL ROCHA FARIA AP 52","ADMINISTRACAO PUBLICA","M","OESTE","medio","alto","medio",NA,"medio","medio","medio","medio","medio","medio"
2295407,201301,2013-01-01,2013,"01",15.3846153846154,12.8205128205128,2.56410256410256,"SMS HOSPITAL MUNICIPAL ROCHA FARIA AP 52","ADMINISTRACAO PUBLICA","M","OESTE","alto","alto","alto","baixo","medio","medio","baixo","alto","alto","alto"
2295407,201302,2013-02-01,2013,"02",2.8328611898017,2.8328611898017,0,"SMS HOSPITAL MUNICIPAL ROCHA FARIA AP 52","ADMINISTRACAO PUBLICA","M","OESTE","alto","alto","alto","medio","alto","alto","medio","baixo","medio","medio"
2295407,201303,2013-03-01,2013,"03",17.3410404624277,17.3410404624277,0,"SMS HOSPITAL MUNICIPAL ROCHA FARIA AP 52","ADMINISTRACAO PUBLICA","M","OESTE","medio","alto","alto","baixo","medio","alto","medio","alto","alto","medio"
2295407,201304,2013-04-01,2013,"04",16.260162601626,10.840108401084,5.42005420054201,"SMS HOSPITAL MUNICIPAL ROCHA FARIA AP 52","ADMINISTRACAO PUBLICA","M","OESTE","alto","alto","alto","medio","medio","alto","baixo","alto","alto","alto"
2295407,201305,2013-05-01,2013,"05",5.31914893617021,5.31914893617021,0,"SMS HOSPITAL MUNICIPAL ROCHA FARIA AP 52","ADMINISTRACAO PUBLICA","M","OESTE","alto","alto","alto","baixo","medio","medio","baixo","medio","medio","medio"
2295407,201306,2013-06-01,2013,"06",8.04289544235925,8.04289544235925,0,"SMS HOSPITAL MUNICIPAL ROCHA FARIA AP 52","ADMINISTRACAO PUBLICA","M","OESTE","alto","alto","alto","baixo","medio","medio","medio","medio","medio","medio"
2295407,201307,2013-07-01,2013,"07",5.40540540540541,2.7027027027027,2.7027027027027,"SMS HOSPITAL MUNICIPAL ROCHA FARIA AP 52","ADMINISTRACAO PUBLICA","M","OESTE","alto","alto","alto","medio","medio","baixo","medio","medio","medio","alto"
2295407,201308,2013-08-01,2013,"08",5.22193211488251,5.22193211488251,0,"SMS HOSPITAL MUNICIPAL ROCHA FARIA AP 52","ADMINISTRACAO PUBLICA","M","OESTE","alto","medio","alto","baixo","medio","medio","baixo","medio","medio","medio"
2295407,201309,2013-09-01,2013,"09",2.710027100271,0,2.710027100271,"SMS HOSPITAL MUNICIPAL ROCHA FARIA AP 52","ADMINISTRACAO PUBLICA","M","OESTE","alto","baixo","medio","baixo","medio","baixo","medio","baixo","baixo","alto"
2295407,201310,2013-10-01,2013,"10",17.4418604651163,8.72093023255814,8.72093023255814,"SMS HOSPITAL MUNICIPAL ROCHA FARIA AP 52","ADMINISTRACAO PUBLICA","M","OESTE","medio","medio","alto","baixo","medio","medio","medio","alto","alto","alto"
2295407,201311,2013-11-01,2013,"11",14.4092219020173,2.88184438040346,11.5273775216138,"SMS HOSPITAL MUNICIPAL ROCHA FARIA AP 52","ADMINISTRACAO PUBLICA","M","OESTE","medio","medio","medio","baixo","baixo","alto","medio","alto","medio","alto"
2295407,201312,2013-12-01,2013,"12",2.71739130434783,2.71739130434783,0,"SMS HOSPITAL MUNICIPAL ROCHA FARIA AP 52","ADMINISTRACAO PUBLICA","M","OESTE","alto","medio","medio","baixo","medio","baixo","medio","baixo","medio","medio"
2295407,201401,2014-01-01,2014,"01",20.1005025125628,12.5628140703518,7.53768844221105,"SMS HOSPITAL MUNICIPAL ROCHA FARIA AP 52","ADMINISTRACAO PUBLICA","M","OESTE","alto","alto","alto","baixo","medio","medio","medio","alto","alto","alto"
2295407,201402,2014-02-01,2014,"02",10.0502512562814,10.0502512562814,0,"SMS HOSPITAL MUNICIPAL ROCHA FARIA AP 52","ADMINISTRACAO PUBLICA","M","OESTE","alto","alto","medio","baixo","medio","medio","medio","medio","alto","medio"
2295407,201403,2014-03-01,2014,"03",13.1004366812227,10.9170305676856,2.18340611353712,"SMS HOSPITAL MUNICIPAL ROCHA FARIA AP 52","ADMINISTRACAO PUBLICA","M","OESTE","alto","alto","alto","medio","medio","medio","medio","alto","alto","medio"
2295407,201404,2014-04-01,2014,"04",2.51256281407035,2.51256281407035,0,"SMS HOSPITAL MUNICIPAL ROCHA FARIA AP 52","ADMINISTRACAO PUBLICA","M","OESTE","alto","alto","alto","baixo","medio","medio","baixo","baixo","medio","medio"
2295407,201405,2014-05-01,2014,"05",10.3092783505155,8.24742268041237,2.06185567010309,"SMS HOSPITAL MUNICIPAL ROCHA FARIA AP 52","ADMINISTRACAO PUBLICA","M","OESTE","alto","medio","alto","baixo","medio","medio","medio","medio","medio","medio"
2295407,201406,2014-06-01,2014,"06",23.3100233100233,16.3170163170163,6.99300699300699,"SMS HOSPITAL MUNICIPAL ROCHA FARIA AP 52","ADMINISTRACAO PUBLICA","M","OESTE","alto","alto","medio","baixo","medio","alto","baixo","alto","alto","alto"
2295407,201407,2014-07-01,2014,"07",4.53514739229025,4.53514739229025,0,"SMS HOSPITAL MUNICIPAL ROCHA FARIA AP 52","ADMINISTRACAO PUBLICA","M","OESTE","alto","alto","medio","baixo","medio","medio","medio","medio","medio","medio"
2295407,201408,2014-08-01,2014,"08",9.34579439252336,7.00934579439252,2.33644859813084,"SMS HOSPITAL MUNICIPAL ROCHA FARIA AP 52","ADMINISTRACAO PUBLICA","M","OESTE","alto","alto","medio","baixo","medio","medio","medio","medio","medio","alto"
2295407,201409,2014-09-01,2014,"09",2.23713646532438,0,2.23713646532438,"SMS HOSPITAL MUNICIPAL ROCHA FARIA AP 52","ADMINISTRACAO PUBLICA","M","OESTE","alto","baixo","medio","baixo","medio","medio","medio","baixo","baixo","medio"
2295407,201410,2014-10-01,2014,"10",14.9253731343284,7.46268656716418,7.46268656716418,"SMS HOSPITAL MUNICIPAL ROCHA FARIA AP 52","ADMINISTRACAO PUBLICA","M","OESTE","alto","medio","medio","baixo","medio","alto","medio","alto","medio","alto"
2295407,201411,2014-11-01,2014,"11",9.09090909090909,6.81818181818182,2.27272727272727,"SMS HOSPITAL MUNICIPAL ROCHA FARIA AP 52","ADMINISTRACAO PUBLICA","M","OESTE","alto","medio","medio","medio","medio","medio","medio","medio","medio","medio"
2295407,201412,2014-12-01,2014,"12",6.34249471458774,6.34249471458774,0,"SMS HOSPITAL MUNICIPAL ROCHA FARIA AP 52","ADMINISTRACAO PUBLICA","M","OESTE","alto","alto","medio","baixo","medio","alto","medio","medio","medio","medio"
2295407,201501,2015-01-01,2015,"01",1.99600798403194,1.99600798403194,0,"SMS HOSPITAL MUNICIPAL ROCHA FARIA AP 52","ADMINISTRACAO PUBLICA","M","OESTE","alto","medio","medio","medio","medio","alto","medio","baixo","medio","medio"
2295407,201502,2015-02-01,2015,"02",7.63358778625954,5.72519083969466,1.90839694656489,"SMS HOSPITAL MUNICIPAL ROCHA FARIA AP 52","ADMINISTRACAO PUBLICA","M","OESTE","alto","medio","medio","baixo","medio","medio","medio","medio","medio","medio"
2295407,201503,2015-03-01,2015,"03",5.38599640933573,3.59066427289048,1.79533213644524,"SMS HOSPITAL MUNICIPAL ROCHA FARIA AP 52","ADMINISTRACAO PUBLICA","M","OESTE","alto","medio","medio","medio","medio","medio","medio","medio","medio","medio"
2295407,201504,2015-04-01,2015,"04",5.78034682080925,1.92678227360308,3.85356454720617,"SMS HOSPITAL MUNICIPAL ROCHA FARIA AP 52","ADMINISTRACAO PUBLICA","M","OESTE","alto","medio","medio","medio","medio","medio","medio","medio","medio","alto"
2295407,201505,2015-05-01,2015,"05",12.9032258064516,12.9032258064516,0,"SMS HOSPITAL MUNICIPAL ROCHA FARIA AP 52","ADMINISTRACAO PUBLICA","M","OESTE","alto","medio","medio","medio","baixo","medio","medio","alto","alto","medio"
2295407,201506,2015-06-01,2015,"06",8.96860986547085,6.72645739910314,2.24215246636771,"SMS HOSPITAL MUNICIPAL ROCHA FARIA AP 52","ADMINISTRACAO PUBLICA","M","OESTE","alto","medio","medio","medio","medio","medio","medio","medio","medio","medio"
2295407,201507,2015-07-01,2015,"07",2.16919739696312,2.16919739696312,0,"SMS HOSPITAL MUNICIPAL ROCHA FARIA AP 52","ADMINISTRACAO PUBLICA","M","OESTE","alto","medio","medio","medio","baixo","medio","medio","baixo","medio","medio"
2295407,201508,2015-08-01,2015,"08",6.22406639004149,4.149377593361,2.0746887966805,"SMS HOSPITAL MUNICIPAL ROCHA FARIA AP 52","ADMINISTRACAO PUBLICA","M","OESTE","alto","medio","medio","baixo","baixo","medio","medio","medio","medio","medio"
2295407,201509,2015-09-01,2015,"09",2.1551724137931,0,2.1551724137931,"SMS HOSPITAL MUNICIPAL ROCHA FARIA AP 52","ADMINISTRACAO PUBLICA","M","OESTE","alto","medio","medio","medio","baixo","baixo","medio","baixo","baixo","medio"
2295407,201510,2015-10-01,2015,"10",6.91244239631336,4.60829493087558,2.30414746543779,"SMS HOSPITAL MUNICIPAL ROCHA FARIA AP 52","ADMINISTRACAO PUBLICA","M","OESTE","alto","medio","medio","baixo","baixo","baixo","medio","medio","medio","alto"
2295407,201511,2015-11-01,2015,"11",6.9284064665127,6.9284064665127,0,"SMS HOSPITAL MUNICIPAL ROCHA FARIA AP 52","ADMINISTRACAO PUBLICA","M","OESTE","alto","medio","medio","baixo","baixo","alto","medio","medio","medio","medio"
2295407,201512,2015-12-01,2015,"12",4.32900432900433,2.16450216450216,2.16450216450216,"SMS HOSPITAL MUNICIPAL ROCHA FARIA AP 52","ADMINISTRACAO PUBLICA","M","OESTE","alto","medio","medio","medio","baixo","medio","baixo","medio","medio","medio"
2295407,201601,2016-01-01,2016,"01",0,0,0,"SMS HOSPITAL MUNICIPAL ROCHA FARIA AP 52","ADMINISTRACAO PUBLICA","M","OESTE","alto","medio","medio","baixo","baixo","baixo","baixo","baixo","baixo","medio"
2295407,201602,2016-02-01,2016,"02",0,0,0,"SMS HOSPITAL MUNICIPAL ROCHA FARIA AP 52","ADMINISTRACAO PUBLICA","M","OESTE","alto","alto","medio","medio","baixo","medio","medio","baixo","baixo","medio"
2295407,201603,2016-03-01,2016,"03",8.79120879120879,8.79120879120879,0,"SMS HOSPITAL MUNICIPAL ROCHA FARIA AP 52","ADMINISTRACAO PUBLICA","M","OESTE","alto","alto","medio","baixo","baixo","medio","medio","medio","alto","medio"
2295407,201604,2016-04-01,2016,"04",2.27272727272727,2.27272727272727,0,"SMS HOSPITAL MUNICIPAL ROCHA FARIA AP 52","ADMINISTRACAO PUBLICA","M","OESTE","alto","alto","medio","medio","baixo","baixo","medio","baixo","medio","medio"
2295407,201605,2016-05-01,2016,"05",6.31578947368421,6.31578947368421,0,"SMS HOSPITAL MUNICIPAL ROCHA FARIA AP 52","ADMINISTRACAO PUBLICA","M","OESTE","alto","alto","medio","baixo","baixo","baixo","medio","medio","medio","medio"
2295407,201606,2016-06-01,2016,"06",3.24675324675325,3.24675324675325,0,"SMS HOSPITAL MUNICIPAL ROCHA FARIA AP 52","ADMINISTRACAO PUBLICA","M","OESTE","medio","medio","medio","medio","baixo","baixo","medio","baixo","medio","medio"
2295407,201607,2016-07-01,2016,"07",8.72093023255814,8.72093023255814,0,"SMS HOSPITAL MUNICIPAL ROCHA FARIA AP 52","ADMINISTRACAO PUBLICA","M","OESTE","medio","alto","baixo","medio","baixo","medio","medio","medio","alto","medio"
2295407,201608,2016-08-01,2016,"08",10,6.66666666666667,3.33333333333333,"SMS HOSPITAL MUNICIPAL ROCHA FARIA AP 52","ADMINISTRACAO PUBLICA","M","OESTE","medio","medio","baixo","medio","baixo","medio","medio","medio","medio","alto"
2295407,201609,2016-09-01,2016,"09",7.83289817232376,7.83289817232376,0,"SMS HOSPITAL MUNICIPAL ROCHA FARIA AP 52","ADMINISTRACAO PUBLICA","M","OESTE","alto","medio","baixo","medio","baixo","medio","medio","medio","medio","medio"
2295407,201610,2016-10-01,2016,"10",15.1515151515152,12.6262626262626,2.52525252525253,"SMS HOSPITAL MUNICIPAL ROCHA FARIA AP 52","ADMINISTRACAO PUBLICA","M","OESTE","alto","medio","medio","baixo","baixo","alto","medio","alto","alto","alto"
2295407,201611,2016-11-01,2016,"11",5.10204081632653,2.55102040816327,2.55102040816327,"SMS HOSPITAL MUNICIPAL ROCHA FARIA AP 52","ADMINISTRACAO PUBLICA","M","OESTE","alto","baixo","baixo","medio","baixo","alto","medio","medio","medio","alto"
2295407,201612,2016-12-01,2016,"12",8.65800865800866,8.65800865800866,0,"SMS HOSPITAL MUNICIPAL ROCHA FARIA AP 52","ADMINISTRACAO PUBLICA","M","OESTE","alto","medio","medio","baixo","baixo","alto","medio","medio","alto","medio"
2295407,201701,2017-01-01,2017,"01",8.94854586129754,6.71140939597315,2.23713646532438,"SMS HOSPITAL MUNICIPAL ROCHA FARIA AP 52","ADMINISTRACAO PUBLICA","M","OESTE","alto","alto","baixo","medio","baixo","alto","medio","medio","medio","medio"
2295407,201702,2017-02-01,2017,"02",4.26439232409382,4.26439232409382,0,"SMS HOSPITAL MUNICIPAL ROCHA FARIA AP 52","ADMINISTRACAO PUBLICA","M","OESTE","alto","alto","medio","baixo","baixo","alto","medio","medio","medio","medio"
2295407,201703,2017-03-01,2017,"03",9.72762645914397,3.89105058365759,5.83657587548638,"SMS HOSPITAL MUNICIPAL ROCHA FARIA AP 52","ADMINISTRACAO PUBLICA","M","OESTE","alto","alto","baixo","baixo","baixo","medio","medio","medio","medio","alto"
2295407,201704,2017-04-01,2017,"04",9.9009900990099,5.94059405940594,3.96039603960396,"SMS HOSPITAL MUNICIPAL ROCHA FARIA AP 52","ADMINISTRACAO PUBLICA","M","OESTE","alto","alto","baixo","medio","baixo","alto","medio","medio","medio","alto"
2295407,201705,2017-05-01,2017,"05",9.88142292490119,7.90513833992095,1.97628458498024,"SMS HOSPITAL MUNICIPAL ROCHA FARIA AP 52","ADMINISTRACAO PUBLICA","M","OESTE","alto","medio","baixo","medio","baixo","medio","medio","medio","medio","medio"
2295407,201706,2017-06-01,2017,"06",4.62962962962963,4.62962962962963,0,"SMS HOSPITAL MUNICIPAL ROCHA FARIA AP 52","ADMINISTRACAO PUBLICA","M","OESTE","alto","medio","baixo","baixo","baixo","medio","medio","medio","medio","medio"
2295407,201707,2017-07-01,2017,"07",2.30414746543779,2.30414746543779,0,"SMS HOSPITAL MUNICIPAL ROCHA FARIA AP 52","ADMINISTRACAO PUBLICA","M","OESTE","alto","medio","baixo","medio","baixo","medio","medio","baixo","medio","medio"
2295407,201708,2017-08-01,2017,"08",9.1533180778032,4.5766590389016,4.5766590389016,"SMS HOSPITAL MUNICIPAL ROCHA FARIA AP 52","ADMINISTRACAO PUBLICA","M","OESTE","alto","medio","baixo","medio","baixo","medio","medio","medio","medio","alto"
2295407,201709,2017-09-01,2017,"09",12.4378109452736,9.9502487562189,2.48756218905473,"SMS HOSPITAL MUNICIPAL ROCHA FARIA AP 52","ADMINISTRACAO PUBLICA","M","OESTE","alto","baixo","baixo","medio","baixo","medio","baixo","alto","alto","alto"
2295407,201710,2017-10-01,2017,"10",17.0940170940171,14.2450142450142,2.84900284900285,"SMS HOSPITAL MUNICIPAL ROCHA FARIA AP 52","ADMINISTRACAO PUBLICA","M","OESTE","alto","baixo","baixo","baixo","baixo","medio","baixo","alto","alto","alto"
2295407,201711,2017-11-01,2017,"11",22.9508196721311,22.9508196721311,0,"SMS HOSPITAL MUNICIPAL ROCHA FARIA AP 52","ADMINISTRACAO PUBLICA","M","OESTE","medio","medio","baixo","baixo","baixo","medio","medio","alto","alto","medio"
2295407,201712,2017-12-01,2017,"12",0,0,0,"SMS HOSPITAL MUNICIPAL ROCHA FARIA AP 52","ADMINISTRACAO PUBLICA","M","OESTE","medio","medio","baixo","medio","baixo","medio","medio","baixo","baixo","medio"
2295415,200601,2006-01-01,2006,"01",0,0,0,"HOSPITAL UNIVERSITARIO GAFFREE E GUINLE","ADMINISTRACAO PUBLICA","M","NORTE","baixo","baixo","medio","alto","alto","alto","alto","baixo","baixo","medio"
2295415,200602,2006-02-01,2006,"02",0,0,0,"HOSPITAL UNIVERSITARIO GAFFREE E GUINLE","ADMINISTRACAO PUBLICA","M","NORTE","baixo","medio","baixo","medio","baixo","baixo","alto","baixo","baixo","medio"
2295415,200603,2006-03-01,2006,"03",0,0,0,"HOSPITAL UNIVERSITARIO GAFFREE E GUINLE","ADMINISTRACAO PUBLICA","M","NORTE","baixo","baixo","baixo","alto","alto","baixo","alto","baixo","baixo","medio"
2295415,200604,2006-04-01,2006,"04",0,0,0,"HOSPITAL UNIVERSITARIO GAFFREE E GUINLE","ADMINISTRACAO PUBLICA","M","NORTE","baixo","baixo","baixo","alto","alto","baixo","alto","baixo","baixo","medio"
2295415,200605,2006-05-01,2006,"05",0,0,0,"HOSPITAL UNIVERSITARIO GAFFREE E GUINLE","ADMINISTRACAO PUBLICA","M","NORTE","baixo","baixo","medio","alto","alto","baixo","alto","baixo","baixo","medio"
2295415,200606,2006-06-01,2006,"06",0,0,0,"HOSPITAL UNIVERSITARIO GAFFREE E GUINLE","ADMINISTRACAO PUBLICA","M","NORTE","baixo","alto","baixo","alto","medio","baixo","alto","baixo","baixo","medio"
2295415,200607,2006-07-01,2006,"07",200,200,0,"HOSPITAL UNIVERSITARIO GAFFREE E GUINLE","ADMINISTRACAO PUBLICA","M","NORTE","baixo","baixo","baixo","alto","alto","baixo","alto","alto","alto","medio"
2295415,200608,2006-08-01,2006,"08",0,0,0,"HOSPITAL UNIVERSITARIO GAFFREE E GUINLE","ADMINISTRACAO PUBLICA","M","NORTE","baixo","baixo","baixo","baixo","baixo","baixo","alto","baixo","baixo","medio"
2295415,200609,2006-09-01,2006,"09",0,0,0,"HOSPITAL UNIVERSITARIO GAFFREE E GUINLE","ADMINISTRACAO PUBLICA","M","NORTE","baixo","baixo","baixo","alto","medio","baixo","alto","baixo","baixo","medio"
2295415,200610,2006-10-01,2006,"10",0,0,0,"HOSPITAL UNIVERSITARIO GAFFREE E GUINLE","ADMINISTRACAO PUBLICA","M","NORTE","baixo","alto","baixo","alto","medio","baixo","alto","baixo","baixo","medio"
2295415,200611,2006-11-01,2006,"11",0,0,0,"HOSPITAL UNIVERSITARIO GAFFREE E GUINLE","ADMINISTRACAO PUBLICA","M","NORTE","baixo","baixo","baixo","medio","baixo","baixo","alto","baixo","baixo","medio"
2295415,200612,2006-12-01,2006,"12",0,0,0,"HOSPITAL UNIVERSITARIO GAFFREE E GUINLE","ADMINISTRACAO PUBLICA","M","NORTE","baixo","alto","baixo","baixo","medio","baixo","alto","baixo","baixo","medio"
2295415,200701,2007-01-01,2007,"01",0,0,0,"HOSPITAL UNIVERSITARIO GAFFREE E GUINLE","ADMINISTRACAO PUBLICA","M","NORTE","baixo","baixo","baixo",NA,"alto","baixo","alto","baixo","baixo","medio"
2295415,200702,2007-02-01,2007,"02",0,0,0,"HOSPITAL UNIVERSITARIO GAFFREE E GUINLE","ADMINISTRACAO PUBLICA","M","NORTE","baixo","baixo","medio",NA,"alto","baixo","alto","baixo","baixo","medio"
2295415,200703,2007-03-01,2007,"03",0,0,0,"HOSPITAL UNIVERSITARIO GAFFREE E GUINLE","ADMINISTRACAO PUBLICA","M","NORTE","baixo","baixo","baixo",NA,"medio","baixo","alto","baixo","baixo","medio"
2295415,200704,2007-04-01,2007,"04",0,0,0,"HOSPITAL UNIVERSITARIO GAFFREE E GUINLE","ADMINISTRACAO PUBLICA","M","NORTE","baixo","baixo","baixo",NA,"medio","alto","medio","baixo","baixo","medio"
2295415,200705,2007-05-01,2007,"05",30.3030303030303,30.3030303030303,0,"HOSPITAL UNIVERSITARIO GAFFREE E GUINLE","ADMINISTRACAO PUBLICA","M","NORTE","baixo","baixo","medio",NA,"medio","alto","alto","alto","alto","medio"
2295415,200706,2007-06-01,2007,"06",0,0,0,"HOSPITAL UNIVERSITARIO GAFFREE E GUINLE","ADMINISTRACAO PUBLICA","M","NORTE","baixo","baixo","alto",NA,"alto","baixo","baixo","baixo","baixo","medio"
2295415,200707,2007-07-01,2007,"07",50,50,0,"HOSPITAL UNIVERSITARIO GAFFREE E GUINLE","ADMINISTRACAO PUBLICA","M","NORTE","baixo","alto","alto",NA,"baixo","alto","alto","alto","alto","medio"
2295415,200708,2007-08-01,2007,"08",0,0,0,"HOSPITAL UNIVERSITARIO GAFFREE E GUINLE","ADMINISTRACAO PUBLICA","M","NORTE","baixo","baixo","medio",NA,"medio","alto","alto","baixo","baixo","medio"
2295415,200709,2007-09-01,2007,"09",0,0,0,"HOSPITAL UNIVERSITARIO GAFFREE E GUINLE","ADMINISTRACAO PUBLICA","M","NORTE","baixo","baixo","alto",NA,"medio","alto","alto","baixo","baixo","medio"
2295415,200710,2007-10-01,2007,"10",0,0,0,"HOSPITAL UNIVERSITARIO GAFFREE E GUINLE","ADMINISTRACAO PUBLICA","M","NORTE","baixo","medio","baixo",NA,"medio","alto","alto","baixo","baixo","medio"
2295415,200711,2007-11-01,2007,"11",33.3333333333333,0,33.3333333333333,"HOSPITAL UNIVERSITARIO GAFFREE E GUINLE","ADMINISTRACAO PUBLICA","M","NORTE","baixo","baixo","baixo",NA,"medio","alto","alto","alto","baixo","alto"
2295415,200712,2007-12-01,2007,"12",0,0,0,"HOSPITAL UNIVERSITARIO GAFFREE E GUINLE","ADMINISTRACAO PUBLICA","M","NORTE","baixo","baixo","baixo",NA,"medio","baixo","medio","baixo","baixo","medio"
2295415,200801,2008-01-01,2008,"01",20.8333333333333,20.8333333333333,0,"HOSPITAL UNIVERSITARIO GAFFREE E GUINLE","ADMINISTRACAO PUBLICA","M","NORTE","baixo","baixo","medio","baixo","medio","alto","alto","alto","alto","medio"
2295415,200802,2008-02-01,2008,"02",22.7272727272727,0,22.7272727272727,"HOSPITAL UNIVERSITARIO GAFFREE E GUINLE","ADMINISTRACAO PUBLICA","M","NORTE","baixo","baixo","baixo","medio","baixo","baixo","alto","alto","baixo","alto"
2295415,200803,2008-03-01,2008,"03",21.7391304347826,21.7391304347826,0,"HOSPITAL UNIVERSITARIO GAFFREE E GUINLE","ADMINISTRACAO PUBLICA","M","NORTE","baixo","baixo","medio","baixo","medio","alto","alto","alto","alto","medio"
2295415,200804,2008-04-01,2008,"04",0,0,0,"HOSPITAL UNIVERSITARIO GAFFREE E GUINLE","ADMINISTRACAO PUBLICA","M","NORTE","baixo","baixo","baixo","baixo","alto","alto","alto","baixo","baixo","medio"
2295415,200805,2008-05-01,2008,"05",0,0,0,"HOSPITAL UNIVERSITARIO GAFFREE E GUINLE","ADMINISTRACAO PUBLICA","M","NORTE","baixo","baixo","medio","alto","medio","baixo","alto","baixo","baixo","medio"
2295415,200806,2008-06-01,2008,"06",0,0,0,"HOSPITAL UNIVERSITARIO GAFFREE E GUINLE","ADMINISTRACAO PUBLICA","M","NORTE","baixo","alto","baixo","medio","baixo","alto","alto","baixo","baixo","medio"
2295415,200807,2008-07-01,2008,"07",0,0,0,"HOSPITAL UNIVERSITARIO GAFFREE E GUINLE","ADMINISTRACAO PUBLICA","M","NORTE","baixo","alto","alto","medio","baixo","alto","alto","baixo","baixo","medio"
2295415,200808,2008-08-01,2008,"08",0,0,0,"HOSPITAL UNIVERSITARIO GAFFREE E GUINLE","ADMINISTRACAO PUBLICA","M","NORTE","baixo","baixo","medio","medio","medio","baixo","alto","baixo","baixo","medio"
2295415,200809,2008-09-01,2008,"09",0,0,0,"HOSPITAL UNIVERSITARIO GAFFREE E GUINLE","ADMINISTRACAO PUBLICA","M","NORTE","baixo","baixo","baixo","baixo","medio","baixo","alto","baixo","baixo","medio"
2295415,200810,2008-10-01,2008,"10",32.258064516129,32.258064516129,0,"HOSPITAL UNIVERSITARIO GAFFREE E GUINLE","ADMINISTRACAO PUBLICA","M","NORTE","baixo","medio","baixo","alto","medio","baixo","alto","alto","alto","medio"
2295415,200811,2008-11-01,2008,"11",0,0,0,"HOSPITAL UNIVERSITARIO GAFFREE E GUINLE","ADMINISTRACAO PUBLICA","M","NORTE","baixo","baixo","medio","alto","medio","alto","alto","baixo","baixo","medio"
2295415,200812,2008-12-01,2008,"12",0,0,0,"HOSPITAL UNIVERSITARIO GAFFREE E GUINLE","ADMINISTRACAO PUBLICA","M","NORTE","baixo","alto","medio","alto","baixo","baixo","medio","baixo","baixo","medio"
2295415,200901,2009-01-01,2009,"01",23.8095238095238,23.8095238095238,0,"HOSPITAL UNIVERSITARIO GAFFREE E GUINLE","ADMINISTRACAO PUBLICA","M","NORTE","baixo","medio","medio",NA,"medio","baixo","alto","alto","alto","medio"
2295415,200902,2009-02-01,2009,"02",55.5555555555556,27.7777777777778,27.7777777777778,"HOSPITAL UNIVERSITARIO GAFFREE E GUINLE","ADMINISTRACAO PUBLICA","M","NORTE","baixo","baixo","medio",NA,"medio","baixo","alto","alto","alto","alto"
2295415,200903,2009-03-01,2009,"03",0,0,0,"HOSPITAL UNIVERSITARIO GAFFREE E GUINLE","ADMINISTRACAO PUBLICA","M","NORTE","baixo","baixo","medio",NA,"baixo","baixo","alto","baixo","baixo","medio"
2295415,200904,2009-04-01,2009,"04",25.6410256410256,0,25.6410256410256,"HOSPITAL UNIVERSITARIO GAFFREE E GUINLE","ADMINISTRACAO PUBLICA","M","NORTE","baixo","baixo","medio",NA,"baixo","baixo","alto","alto","baixo","alto"
2295415,200905,2009-05-01,2009,"05",18.1818181818182,0,18.1818181818182,"HOSPITAL UNIVERSITARIO GAFFREE E GUINLE","ADMINISTRACAO PUBLICA","M","NORTE","baixo","baixo","alto",NA,"alto","medio","alto","alto","baixo","alto"
2295415,200906,2009-06-01,2009,"06",0,0,0,"HOSPITAL UNIVERSITARIO GAFFREE E GUINLE","ADMINISTRACAO PUBLICA","M","NORTE","baixo","baixo","medio",NA,"medio","alto","alto","baixo","baixo","medio"
2295415,200907,2009-07-01,2009,"07",0,0,0,"HOSPITAL UNIVERSITARIO GAFFREE E GUINLE","ADMINISTRACAO PUBLICA","M","NORTE","baixo","baixo","baixo",NA,"baixo","baixo","medio","baixo","baixo","medio"
2295415,200908,2009-08-01,2009,"08",0,0,0,"HOSPITAL UNIVERSITARIO GAFFREE E GUINLE","ADMINISTRACAO PUBLICA","M","NORTE","baixo","baixo","baixo",NA,"baixo","alto","alto","baixo","baixo","medio"
2295415,200909,2009-09-01,2009,"09",0,0,0,"HOSPITAL UNIVERSITARIO GAFFREE E GUINLE","ADMINISTRACAO PUBLICA","M","NORTE","baixo","baixo","alto",NA,"medio","baixo","alto","baixo","baixo","medio"
2295415,200910,2009-10-01,2009,"10",0,0,0,"HOSPITAL UNIVERSITARIO GAFFREE E GUINLE","ADMINISTRACAO PUBLICA","M","NORTE","baixo","baixo","baixo",NA,"alto","baixo","baixo","baixo","baixo","medio"
2295415,200911,2009-11-01,2009,"11",0,0,0,"HOSPITAL UNIVERSITARIO GAFFREE E GUINLE","ADMINISTRACAO PUBLICA","M","NORTE","baixo","alto","medio",NA,"medio","baixo","alto","baixo","baixo","medio"
2295415,200912,2009-12-01,2009,"12",0,0,0,"HOSPITAL UNIVERSITARIO GAFFREE E GUINLE","ADMINISTRACAO PUBLICA","M","NORTE","baixo","baixo","baixo",NA,"baixo","baixo","alto","baixo","baixo","medio"
2295415,201001,2010-01-01,2010,"01",0,0,0,"HOSPITAL UNIVERSITARIO GAFFREE E GUINLE","ADMINISTRACAO PUBLICA","M","NORTE","baixo","baixo","baixo",NA,"medio","alto","alto","baixo","baixo","medio"
2295415,201002,2010-02-01,2010,"02",0,0,0,"HOSPITAL UNIVERSITARIO GAFFREE E GUINLE","ADMINISTRACAO PUBLICA","M","NORTE","baixo","alto","alto",NA,"baixo","baixo","alto","baixo","baixo","medio"
2295415,201003,2010-03-01,2010,"03",60.6060606060606,60.6060606060606,0,"HOSPITAL UNIVERSITARIO GAFFREE E GUINLE","ADMINISTRACAO PUBLICA","M","NORTE","baixo","baixo","medio",NA,"baixo","baixo","alto","alto","alto","medio"
2295415,201004,2010-04-01,2010,"04",0,0,0,"HOSPITAL UNIVERSITARIO GAFFREE E GUINLE","ADMINISTRACAO PUBLICA","M","NORTE","baixo","baixo","medio",NA,"medio","alto","alto","baixo","baixo","medio"
2295415,201005,2010-05-01,2010,"05",0,0,0,"HOSPITAL UNIVERSITARIO GAFFREE E GUINLE","ADMINISTRACAO PUBLICA","M","NORTE","baixo","alto","medio",NA,"baixo","alto","alto","baixo","baixo","medio"
2295415,201006,2010-06-01,2010,"06",0,0,0,"HOSPITAL UNIVERSITARIO GAFFREE E GUINLE","ADMINISTRACAO PUBLICA","M","NORTE","baixo","medio","medio",NA,"medio","baixo","alto","baixo","baixo","medio"
2295415,201007,2010-07-01,2010,"07",16.1290322580645,0,16.1290322580645,"HOSPITAL UNIVERSITARIO GAFFREE E GUINLE","ADMINISTRACAO PUBLICA","M","NORTE","baixo","baixo","alto",NA,"baixo","alto","alto","alto","baixo","alto"
2295415,201008,2010-08-01,2010,"08",0,0,0,"HOSPITAL UNIVERSITARIO GAFFREE E GUINLE","ADMINISTRACAO PUBLICA","M","NORTE","baixo","baixo","medio",NA,"medio","alto","medio","baixo","baixo","medio"
2295415,201009,2010-09-01,2010,"09",0,0,0,"HOSPITAL UNIVERSITARIO GAFFREE E GUINLE","ADMINISTRACAO PUBLICA","M","NORTE","baixo","medio","baixo",NA,"medio","alto","alto","baixo","baixo","medio"
2295415,201010,2010-10-01,2010,"10",20.8333333333333,20.8333333333333,0,"HOSPITAL UNIVERSITARIO GAFFREE E GUINLE","ADMINISTRACAO PUBLICA","M","NORTE","baixo","baixo","medio",NA,"medio","baixo","alto","alto","alto","medio"
2295415,201011,2010-11-01,2010,"11",0,0,0,"HOSPITAL UNIVERSITARIO GAFFREE E GUINLE","ADMINISTRACAO PUBLICA","M","NORTE","baixo","baixo","medio",NA,"baixo","baixo","alto","baixo","baixo","medio"
2295415,201012,2010-12-01,2010,"12",0,0,0,"HOSPITAL UNIVERSITARIO GAFFREE E GUINLE","ADMINISTRACAO PUBLICA","M","NORTE","baixo","alto","medio",NA,"medio","alto","alto","baixo","baixo","medio"
2295415,201101,2011-01-01,2011,"01",16.9491525423729,16.9491525423729,0,"HOSPITAL UNIVERSITARIO GAFFREE E GUINLE","ADMINISTRACAO PUBLICA","M","NORTE","baixo","medio","baixo","medio","baixo","medio","alto","alto","alto","medio"
2295415,201102,2011-02-01,2011,"02",0,0,0,"HOSPITAL UNIVERSITARIO GAFFREE E GUINLE","ADMINISTRACAO PUBLICA","M","NORTE","baixo","baixo","medio","alto","medio","baixo","alto","baixo","baixo","medio"
2295415,201103,2011-03-01,2011,"03",0,0,0,"HOSPITAL UNIVERSITARIO GAFFREE E GUINLE","ADMINISTRACAO PUBLICA","M","NORTE","baixo","baixo","medio","medio","medio","alto","alto","baixo","baixo","medio"
2295415,201104,2011-04-01,2011,"04",0,0,0,"HOSPITAL UNIVERSITARIO GAFFREE E GUINLE","ADMINISTRACAO PUBLICA","M","NORTE","baixo","alto","medio","alto","medio","alto","alto","baixo","baixo","medio"
2295415,201105,2011-05-01,2011,"05",0,0,0,"HOSPITAL UNIVERSITARIO GAFFREE E GUINLE","ADMINISTRACAO PUBLICA","M","NORTE","baixo","baixo","alto","medio","medio","baixo","medio","baixo","baixo","medio"
2295415,201106,2011-06-01,2011,"06",0,0,0,"HOSPITAL UNIVERSITARIO GAFFREE E GUINLE","ADMINISTRACAO PUBLICA","M","NORTE","baixo","medio","medio","alto","medio","medio","alto","baixo","baixo","medio"
2295415,201107,2011-07-01,2011,"07",10.2040816326531,10.2040816326531,0,"HOSPITAL UNIVERSITARIO GAFFREE E GUINLE","ADMINISTRACAO PUBLICA","M","NORTE","baixo","medio","medio","medio","medio","baixo","medio","medio","alto","medio"
2295415,201108,2011-08-01,2011,"08",20.6185567010309,0,20.6185567010309,"HOSPITAL UNIVERSITARIO GAFFREE E GUINLE","ADMINISTRACAO PUBLICA","M","NORTE","baixo","medio","medio","alto","medio","medio","medio","alto","baixo","alto"
2295415,201109,2011-09-01,2011,"09",0,0,0,"HOSPITAL UNIVERSITARIO GAFFREE E GUINLE","ADMINISTRACAO PUBLICA","M","NORTE","baixo","baixo","medio","alto","medio","medio","medio","baixo","baixo","medio"
2295415,201110,2011-10-01,2011,"10",23.5294117647059,23.5294117647059,0,"HOSPITAL UNIVERSITARIO GAFFREE E GUINLE","ADMINISTRACAO PUBLICA","M","NORTE","baixo","baixo","medio","alto","medio","alto","medio","alto","alto","medio"
2295415,201111,2011-11-01,2011,"11",35.7142857142857,35.7142857142857,0,"HOSPITAL UNIVERSITARIO GAFFREE E GUINLE","ADMINISTRACAO PUBLICA","M","NORTE","baixo","baixo","alto","alto","medio","alto","medio","alto","alto","medio"
2295415,201112,2011-12-01,2011,"12",0,0,0,"HOSPITAL UNIVERSITARIO GAFFREE E GUINLE","ADMINISTRACAO PUBLICA","M","NORTE","baixo","baixo","medio","medio","medio","alto","alto","baixo","baixo","medio"
2295415,201201,2012-01-01,2012,"01",9.61538461538462,9.61538461538462,0,"HOSPITAL UNIVERSITARIO GAFFREE E GUINLE","ADMINISTRACAO PUBLICA","M","NORTE","baixo","alto","baixo",NA,"medio","alto","medio","medio","alto","medio"
2295415,201202,2012-02-01,2012,"02",0,0,0,"HOSPITAL UNIVERSITARIO GAFFREE E GUINLE","ADMINISTRACAO PUBLICA","M","NORTE","baixo","baixo","medio",NA,"medio","medio","medio","baixo","baixo","medio"
2295415,201203,2012-03-01,2012,"03",27.5229357798165,18.348623853211,9.1743119266055,"HOSPITAL UNIVERSITARIO GAFFREE E GUINLE","ADMINISTRACAO PUBLICA","M","NORTE","baixo","alto","medio",NA,"medio","medio","medio","alto","alto","alto"
2295415,201204,2012-04-01,2012,"04",32.258064516129,10.752688172043,21.505376344086,"HOSPITAL UNIVERSITARIO GAFFREE E GUINLE","ADMINISTRACAO PUBLICA","M","NORTE","baixo","medio","alto",NA,"medio","medio","medio","alto","alto","alto"
2295415,201205,2012-05-01,2012,"05",0,0,0,"HOSPITAL UNIVERSITARIO GAFFREE E GUINLE","ADMINISTRACAO PUBLICA","M","NORTE","baixo","medio","alto",NA,"alto","medio","medio","baixo","baixo","medio"
2295415,201206,2012-06-01,2012,"06",0,0,0,"HOSPITAL UNIVERSITARIO GAFFREE E GUINLE","ADMINISTRACAO PUBLICA","M","NORTE","baixo","medio","alto",NA,"medio","medio","medio","baixo","baixo","medio"
2295415,201207,2012-07-01,2012,"07",19.6078431372549,19.6078431372549,0,"HOSPITAL UNIVERSITARIO GAFFREE E GUINLE","ADMINISTRACAO PUBLICA","M","NORTE","baixo","medio","medio",NA,"alto","alto","medio","alto","alto","medio"
2295415,201208,2012-08-01,2012,"08",0,0,0,"HOSPITAL UNIVERSITARIO GAFFREE E GUINLE","ADMINISTRACAO PUBLICA","M","NORTE","baixo","medio","medio",NA,"medio","medio","medio","baixo","baixo","medio"
2295415,201209,2012-09-01,2012,"09",0,0,0,"HOSPITAL UNIVERSITARIO GAFFREE E GUINLE","ADMINISTRACAO PUBLICA","M","NORTE","baixo","medio","baixo",NA,"medio","medio","baixo","baixo","baixo","medio"
2295415,201210,2012-10-01,2012,"10",0,0,0,"HOSPITAL UNIVERSITARIO GAFFREE E GUINLE","ADMINISTRACAO PUBLICA","M","NORTE","baixo","medio","medio",NA,"medio","medio","medio","baixo","baixo","medio"
2295415,201211,2012-11-01,2012,"11",0,0,0,"HOSPITAL UNIVERSITARIO GAFFREE E GUINLE","ADMINISTRACAO PUBLICA","M","NORTE","baixo","baixo","medio",NA,"alto","baixo","baixo","baixo","baixo","medio"
2295415,201212,2012-12-01,2012,"12",0,0,0,"HOSPITAL UNIVERSITARIO GAFFREE E GUINLE","ADMINISTRACAO PUBLICA","M","NORTE","baixo","baixo","medio",NA,"medio","baixo","medio","baixo","baixo","medio"
2295415,201301,2013-01-01,2013,"01",10.989010989011,10.989010989011,0,"HOSPITAL UNIVERSITARIO GAFFREE E GUINLE","ADMINISTRACAO PUBLICA","M","NORTE","baixo","medio","alto","medio","medio","baixo","medio","medio","alto","medio"
2295415,201302,2013-02-01,2013,"02",0,0,0,"HOSPITAL UNIVERSITARIO GAFFREE E GUINLE","ADMINISTRACAO PUBLICA","M","NORTE","baixo","alto","alto","baixo","medio","medio","medio","baixo","baixo","medio"
2295415,201303,2013-03-01,2013,"03",9.70873786407767,9.70873786407767,0,"HOSPITAL UNIVERSITARIO GAFFREE E GUINLE","ADMINISTRACAO PUBLICA","M","NORTE","baixo","medio","alto","medio","medio","medio","baixo","medio","alto","medio"
2295415,201304,2013-04-01,2013,"04",0,0,0,"HOSPITAL UNIVERSITARIO GAFFREE E GUINLE","ADMINISTRACAO PUBLICA","M","NORTE","baixo","baixo","medio","baixo","medio","alto","medio","baixo","baixo","medio"
2295415,201305,2013-05-01,2013,"05",9.09090909090909,9.09090909090909,0,"HOSPITAL UNIVERSITARIO GAFFREE E GUINLE","ADMINISTRACAO PUBLICA","M","NORTE","baixo","medio","medio","alto","alto","alto","baixo","medio","alto","medio"
2295415,201306,2013-06-01,2013,"06",0,0,0,"HOSPITAL UNIVERSITARIO GAFFREE E GUINLE","ADMINISTRACAO PUBLICA","M","NORTE","baixo","alto","medio","baixo","alto","baixo","medio","baixo","baixo","medio"
2295415,201307,2013-07-01,2013,"07",0,0,0,"HOSPITAL UNIVERSITARIO GAFFREE E GUINLE","ADMINISTRACAO PUBLICA","M","NORTE","baixo","medio","medio","medio","alto","baixo","medio","baixo","baixo","medio"
2295415,201308,2013-08-01,2013,"08",0,0,0,"HOSPITAL UNIVERSITARIO GAFFREE E GUINLE","ADMINISTRACAO PUBLICA","M","NORTE","baixo","baixo","medio","medio","baixo","medio","alto","baixo","baixo","medio"
2295415,201309,2013-09-01,2013,"09",21.978021978022,21.978021978022,0,"HOSPITAL UNIVERSITARIO GAFFREE E GUINLE","ADMINISTRACAO PUBLICA","M","NORTE","baixo","alto","baixo","medio","medio","medio","medio","alto","alto","medio"
2295415,201310,2013-10-01,2013,"10",0,0,0,"HOSPITAL UNIVERSITARIO GAFFREE E GUINLE","ADMINISTRACAO PUBLICA","M","NORTE","baixo","baixo","baixo","alto","medio","baixo","alto","baixo","baixo","medio"
2295415,201311,2013-11-01,2013,"11",14.4927536231884,14.4927536231884,0,"HOSPITAL UNIVERSITARIO GAFFREE E GUINLE","ADMINISTRACAO PUBLICA","M","NORTE","baixo","medio","medio","baixo","medio","baixo","medio","alto","alto","medio"
2295415,201312,2013-12-01,2013,"12",0,0,0,"HOSPITAL UNIVERSITARIO GAFFREE E GUINLE","ADMINISTRACAO PUBLICA","M","NORTE","baixo","medio","medio","baixo","medio","baixo","medio","baixo","baixo","medio"
2295415,201401,2014-01-01,2014,"01",10.3092783505155,10.3092783505155,0,"HOSPITAL UNIVERSITARIO GAFFREE E GUINLE","ADMINISTRACAO PUBLICA","M","NORTE","baixo","medio","medio","baixo","medio","alto","medio","medio","alto","medio"
2295415,201402,2014-02-01,2014,"02",10.752688172043,10.752688172043,0,"HOSPITAL UNIVERSITARIO GAFFREE E GUINLE","ADMINISTRACAO PUBLICA","M","NORTE","baixo","alto","medio","baixo","alto","baixo","medio","medio","alto","medio"
2295415,201403,2014-03-01,2014,"03",9.09090909090909,0,9.09090909090909,"HOSPITAL UNIVERSITARIO GAFFREE E GUINLE","ADMINISTRACAO PUBLICA","M","NORTE","baixo","alto","medio","medio","alto","medio","medio","medio","baixo","alto"
2295415,201404,2014-04-01,2014,"04",0,0,0,"HOSPITAL UNIVERSITARIO GAFFREE E GUINLE","ADMINISTRACAO PUBLICA","M","NORTE","baixo","medio","medio","alto","medio","baixo","medio","baixo","baixo","medio"
2295415,201405,2014-05-01,2014,"05",10.4166666666667,10.4166666666667,0,"HOSPITAL UNIVERSITARIO GAFFREE E GUINLE","ADMINISTRACAO PUBLICA","M","NORTE","baixo","alto","medio","medio","medio","alto","medio","medio","alto","medio"
2295415,201406,2014-06-01,2014,"06",0,0,0,"HOSPITAL UNIVERSITARIO GAFFREE E GUINLE","ADMINISTRACAO PUBLICA","M","NORTE","baixo","baixo","medio","medio","baixo","medio","medio","baixo","baixo","medio"
2295415,201407,2014-07-01,2014,"07",9.70873786407767,9.70873786407767,0,"HOSPITAL UNIVERSITARIO GAFFREE E GUINLE","ADMINISTRACAO PUBLICA","M","NORTE","baixo","alto","medio","medio","medio","alto","medio","medio","alto","medio"
2295415,201408,2014-08-01,2014,"08",0,0,0,"HOSPITAL UNIVERSITARIO GAFFREE E GUINLE","ADMINISTRACAO PUBLICA","M","NORTE","baixo","alto","medio","alto","alto","baixo","alto","baixo","baixo","medio"
2295415,201409,2014-09-01,2014,"09",0,0,0,"HOSPITAL UNIVERSITARIO GAFFREE E GUINLE","ADMINISTRACAO PUBLICA","M","NORTE","baixo","baixo","baixo","alto","medio","alto","medio","baixo","baixo","medio"
2295415,201410,2014-10-01,2014,"10",0,0,0,"HOSPITAL UNIVERSITARIO GAFFREE E GUINLE","ADMINISTRACAO PUBLICA","M","NORTE","baixo","baixo","baixo","medio","medio","baixo","baixo","baixo","baixo","medio"
2295415,201411,2014-11-01,2014,"11",0,0,0,"HOSPITAL UNIVERSITARIO GAFFREE E GUINLE","ADMINISTRACAO PUBLICA","M","NORTE","baixo","alto","baixo","medio","medio","baixo","medio","baixo","baixo","medio"
2295415,201412,2014-12-01,2014,"12",0,0,0,"HOSPITAL UNIVERSITARIO GAFFREE E GUINLE","ADMINISTRACAO PUBLICA","M","NORTE","baixo","medio","medio","baixo","medio","medio","alto","baixo","baixo","medio"
2295415,201501,2015-01-01,2015,"01",0,0,0,"HOSPITAL UNIVERSITARIO GAFFREE E GUINLE","ADMINISTRACAO PUBLICA","M","NORTE","baixo","medio","baixo","medio","medio","baixo","medio","baixo","baixo","medio"
2295415,201502,2015-02-01,2015,"02",12.8205128205128,0,12.8205128205128,"HOSPITAL UNIVERSITARIO GAFFREE E GUINLE","ADMINISTRACAO PUBLICA","M","NORTE","baixo","medio","baixo","medio","alto","medio","medio","alto","baixo","alto"
2295415,201503,2015-03-01,2015,"03",0,0,0,"HOSPITAL UNIVERSITARIO GAFFREE E GUINLE","ADMINISTRACAO PUBLICA","M","NORTE","baixo","alto","medio","alto","alto","baixo","medio","baixo","baixo","medio"
2295415,201504,2015-04-01,2015,"04",0,0,0,"HOSPITAL UNIVERSITARIO GAFFREE E GUINLE","ADMINISTRACAO PUBLICA","M","NORTE","baixo","alto","baixo","medio","medio","baixo","medio","baixo","baixo","medio"
2295415,201505,2015-05-01,2015,"05",0,0,0,"HOSPITAL UNIVERSITARIO GAFFREE E GUINLE","ADMINISTRACAO PUBLICA","M","NORTE","baixo","medio","baixo","medio","medio","alto","medio","baixo","baixo","medio"
2295415,201506,2015-06-01,2015,"06",0,0,0,"HOSPITAL UNIVERSITARIO GAFFREE E GUINLE","ADMINISTRACAO PUBLICA","M","NORTE","baixo","medio","medio","medio","medio","baixo","medio","baixo","baixo","medio"
2295415,201507,2015-07-01,2015,"07",12.5,0,12.5,"HOSPITAL UNIVERSITARIO GAFFREE E GUINLE","ADMINISTRACAO PUBLICA","M","NORTE","baixo","medio","medio","alto","medio","alto","alto","alto","baixo","alto"
2295415,201508,2015-08-01,2015,"08",0,0,0,"HOSPITAL UNIVERSITARIO GAFFREE E GUINLE","ADMINISTRACAO PUBLICA","M","NORTE","baixo","baixo","baixo","alto","medio","medio","medio","baixo","baixo","medio"
2295415,201509,2015-09-01,2015,"09",0,0,0,"HOSPITAL UNIVERSITARIO GAFFREE E GUINLE","ADMINISTRACAO PUBLICA","M","NORTE","baixo","medio","baixo","alto","baixo","baixo","medio","baixo","baixo","medio"
2295415,201510,2015-10-01,2015,"10",18.1818181818182,18.1818181818182,0,"HOSPITAL UNIVERSITARIO GAFFREE E GUINLE","ADMINISTRACAO PUBLICA","M","NORTE","baixo","medio","baixo","alto","medio","baixo","medio","alto","alto","medio"
2295415,201511,2015-11-01,2015,"11",0,0,0,"HOSPITAL UNIVERSITARIO GAFFREE E GUINLE","ADMINISTRACAO PUBLICA","M","NORTE","baixo","alto","medio","medio","baixo","baixo","medio","baixo","baixo","medio"
2295415,201512,2015-12-01,2015,"12",12.6582278481013,0,12.6582278481013,"HOSPITAL UNIVERSITARIO GAFFREE E GUINLE","ADMINISTRACAO PUBLICA","M","NORTE","baixo","medio","baixo","alto","baixo","baixo","medio","alto","baixo","alto"
2295415,201601,2016-01-01,2016,"01",0,0,0,"HOSPITAL UNIVERSITARIO GAFFREE E GUINLE","ADMINISTRACAO PUBLICA","M","NORTE","baixo","alto","medio","medio","baixo","medio","medio","baixo","baixo","medio"
2295415,201602,2016-02-01,2016,"02",0,0,0,"HOSPITAL UNIVERSITARIO GAFFREE E GUINLE","ADMINISTRACAO PUBLICA","M","NORTE","baixo","medio","baixo","baixo","baixo","alto","medio","baixo","baixo","medio"
2295415,201603,2016-03-01,2016,"03",13.8888888888889,0,13.8888888888889,"HOSPITAL UNIVERSITARIO GAFFREE E GUINLE","ADMINISTRACAO PUBLICA","M","NORTE","baixo","alto","medio","baixo","medio","medio","alto","alto","baixo","alto"
2295415,201604,2016-04-01,2016,"04",0,0,0,"HOSPITAL UNIVERSITARIO GAFFREE E GUINLE","ADMINISTRACAO PUBLICA","M","NORTE","baixo","alto","medio","baixo","baixo","medio","alto","baixo","baixo","medio"
2295415,201605,2016-05-01,2016,"05",0,0,0,"HOSPITAL UNIVERSITARIO GAFFREE E GUINLE","ADMINISTRACAO PUBLICA","M","NORTE","baixo","medio","medio","medio","baixo","baixo","medio","baixo","baixo","medio"
2295415,201606,2016-06-01,2016,"06",15.8730158730159,0,15.8730158730159,"HOSPITAL UNIVERSITARIO GAFFREE E GUINLE","ADMINISTRACAO PUBLICA","M","NORTE","baixo","medio","baixo","medio","baixo","alto","medio","alto","baixo","alto"
2295415,201607,2016-07-01,2016,"07",0,0,0,"HOSPITAL UNIVERSITARIO GAFFREE E GUINLE","ADMINISTRACAO PUBLICA","M","NORTE","baixo","baixo","medio","alto","medio","baixo","alto","baixo","baixo","medio"
2295415,201608,2016-08-01,2016,"08",0,0,0,"HOSPITAL UNIVERSITARIO GAFFREE E GUINLE","ADMINISTRACAO PUBLICA","M","NORTE","baixo","alto","baixo","medio","medio","medio","medio","baixo","baixo","medio"
2295415,201609,2016-09-01,2016,"09",0,0,0,"HOSPITAL UNIVERSITARIO GAFFREE E GUINLE","ADMINISTRACAO PUBLICA","M","NORTE","baixo","alto","baixo","alto","baixo","medio","medio","baixo","baixo","medio"
2295415,201610,2016-10-01,2016,"10",0,0,0,"HOSPITAL UNIVERSITARIO GAFFREE E GUINLE","ADMINISTRACAO PUBLICA","M","NORTE","baixo","baixo","baixo","medio","baixo","baixo","medio","baixo","baixo","medio"
2295415,201611,2016-11-01,2016,"11",0,0,0,"HOSPITAL UNIVERSITARIO GAFFREE E GUINLE","ADMINISTRACAO PUBLICA","M","NORTE","baixo","medio","baixo","medio","baixo","baixo","alto","baixo","baixo","medio"
2295415,201612,2016-12-01,2016,"12",0,0,0,"HOSPITAL UNIVERSITARIO GAFFREE E GUINLE","ADMINISTRACAO PUBLICA","M","NORTE","baixo","alto","baixo","alto","baixo","alto","alto","baixo","baixo","medio"
2295415,201708,2017-08-01,2017,"08",0,0,0,"HOSPITAL UNIVERSITARIO GAFFREE E GUINLE","ADMINISTRACAO PUBLICA","M","NORTE","baixo","alto","baixo","baixo","baixo","baixo","alto","baixo","baixo","medio"
2295415,201711,2017-11-01,2017,"11",0,0,0,"HOSPITAL UNIVERSITARIO GAFFREE E GUINLE","ADMINISTRACAO PUBLICA","M","NORTE","baixo","baixo","baixo","alto","baixo","baixo","alto","baixo","baixo","medio"
2295415,201712,2017-12-01,2017,"12",0,0,0,"HOSPITAL UNIVERSITARIO GAFFREE E GUINLE","ADMINISTRACAO PUBLICA","M","NORTE","baixo","baixo","baixo","baixo","baixo","baixo","alto","baixo","baixo","medio"
2298120,200601,2006-01-01,2006,"01",5.29100529100529,5.29100529100529,0,"SMS HOSPITAL MUNICIPAL ALBERT SCHWEITZER AP 51","ADMINISTRACAO PUBLICA","M","OESTE","medio","baixo","alto","baixo","alto","alto","baixo","medio","medio","medio"
2298120,200602,2006-02-01,2006,"02",5.52486187845304,5.52486187845304,0,"SMS HOSPITAL MUNICIPAL ALBERT SCHWEITZER AP 51","ADMINISTRACAO PUBLICA","M","OESTE","medio","baixo","alto","baixo","alto","alto","baixo","medio","medio","medio"
2298120,200603,2006-03-01,2006,"03",17.6211453744493,17.6211453744493,0,"SMS HOSPITAL MUNICIPAL ALBERT SCHWEITZER AP 51","ADMINISTRACAO PUBLICA","M","OESTE","medio","baixo","alto","baixo","alto","alto","baixo","alto","alto","medio"
2298120,200604,2006-04-01,2006,"04",27.7777777777778,27.7777777777778,0,"SMS HOSPITAL MUNICIPAL ALBERT SCHWEITZER AP 51","ADMINISTRACAO PUBLICA","M","OESTE","medio","baixo","alto","medio","alto","alto","baixo","alto","alto","medio"
2298120,200605,2006-05-01,2006,"05",9.38967136150235,4.69483568075117,4.69483568075117,"SMS HOSPITAL MUNICIPAL ALBERT SCHWEITZER AP 51","ADMINISTRACAO PUBLICA","M","OESTE","medio","baixo","alto","baixo","alto","alto","baixo","medio","medio","alto"
2298120,200606,2006-06-01,2006,"06",11.9760479041916,5.98802395209581,5.98802395209581,"SMS HOSPITAL MUNICIPAL ALBERT SCHWEITZER AP 51","ADMINISTRACAO PUBLICA","M","OESTE","medio","baixo","alto","medio","alto","alto","baixo","alto","medio","alto"
2298120,200607,2006-07-01,2006,"07",30.9278350515464,20.6185567010309,10.3092783505155,"SMS HOSPITAL MUNICIPAL ALBERT SCHWEITZER AP 51","ADMINISTRACAO PUBLICA","M","OESTE","baixo","baixo","alto","medio","alto","medio","baixo","alto","alto","alto"
2298120,200608,2006-08-01,2006,"08",6.75675675675676,6.75675675675676,0,"SMS HOSPITAL MUNICIPAL ALBERT SCHWEITZER AP 51","ADMINISTRACAO PUBLICA","M","OESTE","medio","baixo","alto","baixo","alto","medio","baixo","medio","medio","medio"
2298120,200609,2006-09-01,2006,"09",6.84931506849315,6.84931506849315,0,"SMS HOSPITAL MUNICIPAL ALBERT SCHWEITZER AP 51","ADMINISTRACAO PUBLICA","M","OESTE","medio","baixo","alto","baixo","alto","medio","baixo","medio","medio","medio"
2298120,200610,2006-10-01,2006,"10",6.32911392405063,6.32911392405063,0,"SMS HOSPITAL MUNICIPAL ALBERT SCHWEITZER AP 51","ADMINISTRACAO PUBLICA","M","OESTE","medio","baixo","alto","baixo","alto","alto","baixo","medio","medio","medio"
2298120,200611,2006-11-01,2006,"11",23.4375,15.625,7.8125,"SMS HOSPITAL MUNICIPAL ALBERT SCHWEITZER AP 51","ADMINISTRACAO PUBLICA","M","OESTE","medio","baixo","alto","baixo","alto","alto","baixo","alto","alto","alto"
2298120,200612,2006-12-01,2006,"12",7.75193798449612,7.75193798449612,0,"SMS HOSPITAL MUNICIPAL ALBERT SCHWEITZER AP 51","ADMINISTRACAO PUBLICA","M","OESTE","medio","baixo","alto","baixo","alto","medio","baixo","medio","medio","medio"
2298120,200701,2007-01-01,2007,"01",6.2111801242236,6.2111801242236,0,"SMS HOSPITAL MUNICIPAL ALBERT SCHWEITZER AP 51","ADMINISTRACAO PUBLICA","M","OESTE","medio","baixo","alto",NA,"alto","baixo","baixo","medio","medio","medio"
2298120,200702,2007-02-01,2007,"02",4.76190476190476,4.76190476190476,0,"SMS HOSPITAL MUNICIPAL ALBERT SCHWEITZER AP 51","ADMINISTRACAO PUBLICA","M","OESTE","medio","baixo","alto",NA,"alto","alto","baixo","medio","medio","medio"
2298120,200703,2007-03-01,2007,"03",19.5121951219512,19.5121951219512,0,"SMS HOSPITAL MUNICIPAL ALBERT SCHWEITZER AP 51","ADMINISTRACAO PUBLICA","M","OESTE","medio","baixo","alto",NA,"alto","alto","baixo","alto","alto","medio"
2298120,200704,2007-04-01,2007,"04",0,0,0,"SMS HOSPITAL MUNICIPAL ALBERT SCHWEITZER AP 51","ADMINISTRACAO PUBLICA","M","OESTE","medio","baixo","alto",NA,"alto","alto","baixo","baixo","baixo","medio"
2298120,200705,2007-05-01,2007,"05",9.75609756097561,9.75609756097561,0,"SMS HOSPITAL MUNICIPAL ALBERT SCHWEITZER AP 51","ADMINISTRACAO PUBLICA","M","OESTE","medio","baixo","alto",NA,"alto","alto","baixo","medio","alto","medio"
2298120,200706,2007-06-01,2007,"06",10.8695652173913,10.8695652173913,0,"SMS HOSPITAL MUNICIPAL ALBERT SCHWEITZER AP 51","ADMINISTRACAO PUBLICA","M","OESTE","medio","baixo","alto",NA,"alto","alto","baixo","medio","alto","medio"
2298120,200707,2007-07-01,2007,"07",6.84931506849315,6.84931506849315,0,"SMS HOSPITAL MUNICIPAL ALBERT SCHWEITZER AP 51","ADMINISTRACAO PUBLICA","M","OESTE","medio","baixo","alto",NA,"alto","alto","baixo","medio","medio","medio"
2298120,200708,2007-08-01,2007,"08",0,0,0,"SMS HOSPITAL MUNICIPAL ALBERT SCHWEITZER AP 51","ADMINISTRACAO PUBLICA","M","OESTE","medio","baixo","alto",NA,"alto","alto","baixo","baixo","baixo","medio"
2298120,200709,2007-09-01,2007,"09",6.57894736842105,6.57894736842105,0,"SMS HOSPITAL MUNICIPAL ALBERT SCHWEITZER AP 51","ADMINISTRACAO PUBLICA","M","OESTE","medio","baixo","alto",NA,"medio","alto","baixo","medio","medio","medio"
2298120,200710,2007-10-01,2007,"10",17.5438596491228,17.5438596491228,0,"SMS HOSPITAL MUNICIPAL ALBERT SCHWEITZER AP 51","ADMINISTRACAO PUBLICA","M","OESTE","medio","baixo","alto",NA,"alto","alto","baixo","alto","alto","medio"
2298120,200711,2007-11-01,2007,"11",13.3333333333333,13.3333333333333,0,"SMS HOSPITAL MUNICIPAL ALBERT SCHWEITZER AP 51","ADMINISTRACAO PUBLICA","M","OESTE","medio","baixo","alto",NA,"alto","alto","baixo","alto","alto","medio"
2298120,200712,2007-12-01,2007,"12",5.10204081632653,5.10204081632653,0,"SMS HOSPITAL MUNICIPAL ALBERT SCHWEITZER AP 51","ADMINISTRACAO PUBLICA","M","OESTE","medio","baixo","alto",NA,"alto","alto","baixo","medio","medio","medio"
2298120,200801,2008-01-01,2008,"01",13.7614678899083,13.7614678899083,0,"SMS HOSPITAL MUNICIPAL ALBERT SCHWEITZER AP 51","ADMINISTRACAO PUBLICA","M","OESTE","medio","baixo","alto","medio","alto","alto","baixo","alto","alto","medio"
2298120,200802,2008-02-01,2008,"02",4.83091787439614,4.83091787439614,0,"SMS HOSPITAL MUNICIPAL ALBERT SCHWEITZER AP 51","ADMINISTRACAO PUBLICA","M","OESTE","medio","baixo","alto","baixo","alto","alto","baixo","medio","medio","medio"
2298120,200803,2008-03-01,2008,"03",4.71698113207547,4.71698113207547,0,"SMS HOSPITAL MUNICIPAL ALBERT SCHWEITZER AP 51","ADMINISTRACAO PUBLICA","M","OESTE","medio","baixo","alto","medio","alto","alto","baixo","medio","medio","medio"
2298120,200804,2008-04-01,2008,"04",8.58369098712446,8.58369098712446,0,"SMS HOSPITAL MUNICIPAL ALBERT SCHWEITZER AP 51","ADMINISTRACAO PUBLICA","M","OESTE","medio","baixo","alto","baixo","alto","medio","baixo","medio","alto","medio"
2298120,200805,2008-05-01,2008,"05",17.2413793103448,17.2413793103448,0,"SMS HOSPITAL MUNICIPAL ALBERT SCHWEITZER AP 51","ADMINISTRACAO PUBLICA","M","OESTE","medio","baixo","alto","baixo","alto","alto","baixo","alto","alto","medio"
2298120,200806,2008-06-01,2008,"06",0,0,0,"SMS HOSPITAL MUNICIPAL ALBERT SCHWEITZER AP 51","ADMINISTRACAO PUBLICA","M","OESTE","medio","baixo","alto","baixo","medio","alto","baixo","baixo","baixo","medio"
2298120,200807,2008-07-01,2008,"07",5.18134715025907,5.18134715025907,0,"SMS HOSPITAL MUNICIPAL ALBERT SCHWEITZER AP 51","ADMINISTRACAO PUBLICA","M","OESTE","medio","baixo","alto","baixo","alto","alto","baixo","medio","medio","medio"
2298120,200808,2008-08-01,2008,"08",0,0,0,"SMS HOSPITAL MUNICIPAL ALBERT SCHWEITZER AP 51","ADMINISTRACAO PUBLICA","M","OESTE","medio","baixo","alto","baixo","alto","alto","baixo","baixo","baixo","medio"
2298120,200809,2008-09-01,2008,"09",0,0,0,"SMS HOSPITAL MUNICIPAL ALBERT SCHWEITZER AP 51","ADMINISTRACAO PUBLICA","M","OESTE","medio","baixo","alto","medio","alto","baixo","baixo","baixo","baixo","medio"
2298120,200810,2008-10-01,2008,"10",8.23045267489712,8.23045267489712,0,"SMS HOSPITAL MUNICIPAL ALBERT SCHWEITZER AP 51","ADMINISTRACAO PUBLICA","M","OESTE","medio","baixo","alto","medio","alto","alto","baixo","medio","medio","medio"
2298120,200811,2008-11-01,2008,"11",0,0,0,"SMS HOSPITAL MUNICIPAL ALBERT SCHWEITZER AP 51","ADMINISTRACAO PUBLICA","M","OESTE","medio","baixo","alto","baixo","alto","alto","baixo","baixo","baixo","medio"
2298120,200812,2008-12-01,2008,"12",10.0502512562814,5.0251256281407,5.0251256281407,"SMS HOSPITAL MUNICIPAL ALBERT SCHWEITZER AP 51","ADMINISTRACAO PUBLICA","M","OESTE","medio","baixo","alto","baixo","alto","medio","baixo","medio","medio","alto"
2298120,200901,2009-01-01,2009,"01",16.1943319838057,12.1457489878543,4.04858299595142,"SMS HOSPITAL MUNICIPAL ALBERT SCHWEITZER AP 51","ADMINISTRACAO PUBLICA","M","OESTE","medio","baixo","alto",NA,"alto","alto","baixo","alto","alto","alto"
2298120,200902,2009-02-01,2009,"02",8.36820083682008,8.36820083682008,0,"SMS HOSPITAL MUNICIPAL ALBERT SCHWEITZER AP 51","ADMINISTRACAO PUBLICA","M","OESTE","medio","baixo","alto",NA,"alto","alto","baixo","medio","alto","medio"
2298120,200903,2009-03-01,2009,"03",7.06713780918728,7.06713780918728,0,"SMS HOSPITAL MUNICIPAL ALBERT SCHWEITZER AP 51","ADMINISTRACAO PUBLICA","M","OESTE","medio","baixo","alto",NA,"alto","alto","baixo","medio","medio","medio"
2298120,200904,2009-04-01,2009,"04",0,0,0,"SMS HOSPITAL MUNICIPAL ALBERT SCHWEITZER AP 51","ADMINISTRACAO PUBLICA","M","OESTE","medio","baixo","alto",NA,"alto","alto","baixo","baixo","baixo","medio"
2298120,200905,2009-05-01,2009,"05",0,0,0,"SMS HOSPITAL MUNICIPAL ALBERT SCHWEITZER AP 51","ADMINISTRACAO PUBLICA","M","OESTE","medio","baixo","alto",NA,"alto","alto","baixo","baixo","baixo","medio"
2298120,200906,2009-06-01,2009,"06",5.20833333333333,5.20833333333333,0,"SMS HOSPITAL MUNICIPAL ALBERT SCHWEITZER AP 51","ADMINISTRACAO PUBLICA","M","OESTE","medio","baixo","alto",NA,"alto","alto","baixo","medio","medio","medio"
2298120,200907,2009-07-01,2009,"07",0,0,0,"SMS HOSPITAL MUNICIPAL ALBERT SCHWEITZER AP 51","ADMINISTRACAO PUBLICA","M","OESTE","medio","baixo","alto",NA,"alto","alto","baixo","baixo","baixo","medio"
2298120,200908,2009-08-01,2009,"08",9.70873786407767,9.70873786407767,0,"SMS HOSPITAL MUNICIPAL ALBERT SCHWEITZER AP 51","ADMINISTRACAO PUBLICA","M","OESTE","medio","baixo","alto",NA,"alto","alto","baixo","medio","alto","medio"
2298120,200909,2009-09-01,2009,"09",8.26446280991736,8.26446280991736,0,"SMS HOSPITAL MUNICIPAL ALBERT SCHWEITZER AP 51","ADMINISTRACAO PUBLICA","M","OESTE","medio","baixo","alto",NA,"alto","alto","baixo","medio","medio","medio"
2298120,200910,2009-10-01,2009,"10",4,4,0,"SMS HOSPITAL MUNICIPAL ALBERT SCHWEITZER AP 51","ADMINISTRACAO PUBLICA","M","OESTE","medio","baixo","alto",NA,"alto","alto","baixo","medio","medio","medio"
2298120,200911,2009-11-01,2009,"11",17.7777777777778,13.3333333333333,4.44444444444444,"SMS HOSPITAL MUNICIPAL ALBERT SCHWEITZER AP 51","ADMINISTRACAO PUBLICA","M","OESTE","medio","baixo","alto",NA,"alto","alto","baixo","alto","alto","alto"
2298120,200912,2009-12-01,2009,"12",4.76190476190476,4.76190476190476,0,"SMS HOSPITAL MUNICIPAL ALBERT SCHWEITZER AP 51","ADMINISTRACAO PUBLICA","M","OESTE","medio","baixo","alto",NA,"alto","alto","baixo","medio","medio","medio"
2298120,201001,2010-01-01,2010,"01",7.8125,7.8125,0,"SMS HOSPITAL MUNICIPAL ALBERT SCHWEITZER AP 51","ADMINISTRACAO PUBLICA","M","OESTE","medio","baixo","alto",NA,"alto","alto","baixo","medio","medio","medio"
2298120,201002,2010-02-01,2010,"02",18.5873605947955,14.8698884758364,3.71747211895911,"SMS HOSPITAL MUNICIPAL ALBERT SCHWEITZER AP 51","ADMINISTRACAO PUBLICA","M","OESTE","medio","baixo","alto",NA,"alto","alto","baixo","alto","alto","alto"
2298120,201003,2010-03-01,2010,"03",7.60456273764259,7.60456273764259,0,"SMS HOSPITAL MUNICIPAL ALBERT SCHWEITZER AP 51","ADMINISTRACAO PUBLICA","M","OESTE","medio","baixo","alto",NA,"medio","alto","baixo","medio","medio","medio"
2298120,201004,2010-04-01,2010,"04",3.74531835205992,0,3.74531835205992,"SMS HOSPITAL MUNICIPAL ALBERT SCHWEITZER AP 51","ADMINISTRACAO PUBLICA","M","OESTE","medio","baixo","alto",NA,"alto","alto","baixo","medio","baixo","alto"
2298120,201005,2010-05-01,2010,"05",9.25925925925926,9.25925925925926,0,"SMS HOSPITAL MUNICIPAL ALBERT SCHWEITZER AP 51","ADMINISTRACAO PUBLICA","M","OESTE","medio","baixo","alto",NA,"alto","alto","baixo","medio","alto","medio"
2298120,201006,2010-06-01,2010,"06",7.84313725490196,7.84313725490196,0,"SMS HOSPITAL MUNICIPAL ALBERT SCHWEITZER AP 51","ADMINISTRACAO PUBLICA","M","OESTE","medio","baixo","alto",NA,"alto","alto","baixo","medio","medio","medio"
2298120,201007,2010-07-01,2010,"07",4.48430493273543,4.48430493273543,0,"SMS HOSPITAL MUNICIPAL ALBERT SCHWEITZER AP 51","ADMINISTRACAO PUBLICA","M","OESTE","medio","baixo","alto",NA,"alto","alto","baixo","medio","medio","medio"
2298120,201008,2010-08-01,2010,"08",14.6341463414634,14.6341463414634,0,"SMS HOSPITAL MUNICIPAL ALBERT SCHWEITZER AP 51","ADMINISTRACAO PUBLICA","M","OESTE","medio","baixo","alto",NA,"alto","alto","baixo","alto","alto","medio"
2298120,201009,2010-09-01,2010,"09",5.29100529100529,5.29100529100529,0,"SMS HOSPITAL MUNICIPAL ALBERT SCHWEITZER AP 51","ADMINISTRACAO PUBLICA","M","OESTE","medio","baixo","alto",NA,"alto","baixo","medio","medio","medio","medio"
2298120,201010,2010-10-01,2010,"10",14.7783251231527,14.7783251231527,0,"SMS HOSPITAL MUNICIPAL ALBERT SCHWEITZER AP 51","ADMINISTRACAO PUBLICA","M","OESTE","medio","baixo","alto",NA,"alto","alto","medio","alto","alto","medio"
2298120,201011,2010-11-01,2010,"11",4.71698113207547,4.71698113207547,0,"SMS HOSPITAL MUNICIPAL ALBERT SCHWEITZER AP 51","ADMINISTRACAO PUBLICA","M","OESTE","medio","baixo","alto",NA,"alto","medio","baixo","medio","medio","medio"
2298120,201012,2010-12-01,2010,"12",3.73134328358209,3.73134328358209,0,"SMS HOSPITAL MUNICIPAL ALBERT SCHWEITZER AP 51","ADMINISTRACAO PUBLICA","M","OESTE","medio","baixo","alto",NA,"alto","alto","baixo","medio","medio","medio"
2298120,201101,2011-01-01,2011,"01",9.70873786407767,9.70873786407767,0,"SMS HOSPITAL MUNICIPAL ALBERT SCHWEITZER AP 51","ADMINISTRACAO PUBLICA","M","OESTE","medio","baixo","alto","baixo","alto","alto","baixo","medio","alto","medio"
2298120,201102,2011-02-01,2011,"02",0,0,0,"SMS HOSPITAL MUNICIPAL ALBERT SCHWEITZER AP 51","ADMINISTRACAO PUBLICA","M","OESTE","medio","baixo","alto","baixo","alto","medio","baixo","baixo","baixo","medio"
2298120,201103,2011-03-01,2011,"03",5.29100529100529,5.29100529100529,0,"SMS HOSPITAL MUNICIPAL ALBERT SCHWEITZER AP 51","ADMINISTRACAO PUBLICA","M","OESTE","alto","baixo","alto","baixo","medio","medio","baixo","medio","medio","medio"
2298120,201104,2011-04-01,2011,"04",0,0,0,"SMS HOSPITAL MUNICIPAL ALBERT SCHWEITZER AP 51","ADMINISTRACAO PUBLICA","M","OESTE","medio","medio","alto","medio","alto","alto","medio","baixo","baixo","medio"
2298120,201105,2011-05-01,2011,"05",6.62251655629139,6.62251655629139,0,"SMS HOSPITAL MUNICIPAL ALBERT SCHWEITZER AP 51","ADMINISTRACAO PUBLICA","M","OESTE","medio","medio","alto","baixo","medio","alto","baixo","medio","medio","medio"
2298120,201106,2011-06-01,2011,"06",8.31024930747922,8.31024930747922,0,"SMS HOSPITAL MUNICIPAL ALBERT SCHWEITZER AP 51","ADMINISTRACAO PUBLICA","M","OESTE","alto","baixo","alto","baixo","medio","medio","baixo","medio","medio","medio"
2298120,201107,2011-07-01,2011,"07",0,0,0,"SMS HOSPITAL MUNICIPAL ALBERT SCHWEITZER AP 51","ADMINISTRACAO PUBLICA","M","OESTE","alto","baixo","alto","baixo","medio","alto","baixo","baixo","baixo","medio"
2298120,201108,2011-08-01,2011,"08",0,0,0,"SMS HOSPITAL MUNICIPAL ALBERT SCHWEITZER AP 51","ADMINISTRACAO PUBLICA","M","OESTE","alto","medio","medio","baixo","medio","medio","baixo","baixo","baixo","medio"
2298120,201109,2011-09-01,2011,"09",13.3333333333333,13.3333333333333,0,"SMS HOSPITAL MUNICIPAL ALBERT SCHWEITZER AP 51","ADMINISTRACAO PUBLICA","M","OESTE","alto","baixo","alto","baixo","medio","medio","medio","alto","alto","medio"
2298120,201110,2011-10-01,2011,"10",20.7792207792208,18.1818181818182,2.5974025974026,"SMS HOSPITAL MUNICIPAL ALBERT SCHWEITZER AP 51","ADMINISTRACAO PUBLICA","M","OESTE","alto","baixo","medio","medio","medio","alto","medio","alto","alto","alto"
2298120,201111,2011-11-01,2011,"11",15.4241645244216,10.2827763496144,5.1413881748072,"SMS HOSPITAL MUNICIPAL ALBERT SCHWEITZER AP 51","ADMINISTRACAO PUBLICA","M","OESTE","alto","medio","alto","baixo","medio","alto","medio","alto","alto","alto"
2298120,201112,2011-12-01,2011,"12",12.2249388753056,9.7799511002445,2.44498777506112,"SMS HOSPITAL MUNICIPAL ALBERT SCHWEITZER AP 51","ADMINISTRACAO PUBLICA","M","OESTE","alto","baixo","alto","baixo","medio","alto","medio","alto","alto","alto"
2298120,201201,2012-01-01,2012,"01",8.36820083682008,6.27615062761506,2.09205020920502,"SMS HOSPITAL MUNICIPAL ALBERT SCHWEITZER AP 51","ADMINISTRACAO PUBLICA","M","OESTE","alto","baixo","medio",NA,"medio","medio","baixo","medio","medio","medio"
2298120,201202,2012-02-01,2012,"02",9.43396226415094,4.71698113207547,4.71698113207547,"SMS HOSPITAL MUNICIPAL ALBERT SCHWEITZER AP 51","ADMINISTRACAO PUBLICA","M","OESTE","alto","baixo","medio",NA,"medio","alto","medio","medio","medio","alto"
2298120,201203,2012-03-01,2012,"03",8.58369098712446,4.29184549356223,4.29184549356223,"SMS HOSPITAL MUNICIPAL ALBERT SCHWEITZER AP 51","ADMINISTRACAO PUBLICA","M","OESTE","alto","baixo","medio",NA,"medio","alto","medio","medio","medio","alto"
2298120,201204,2012-04-01,2012,"04",15.5210643015521,11.0864745011086,4.43458980044346,"SMS HOSPITAL MUNICIPAL ALBERT SCHWEITZER AP 51","ADMINISTRACAO PUBLICA","M","OESTE","alto","baixo","alto",NA,"medio","alto","medio","alto","alto","alto"
2298120,201205,2012-05-01,2012,"05",34.1880341880342,19.2307692307692,14.957264957265,"SMS HOSPITAL MUNICIPAL ALBERT SCHWEITZER AP 51","ADMINISTRACAO PUBLICA","M","OESTE","alto","medio","medio",NA,"medio","alto","medio","alto","alto","alto"
2298120,201206,2012-06-01,2012,"06",24.7524752475248,17.3267326732673,7.42574257425743,"SMS HOSPITAL MUNICIPAL ALBERT SCHWEITZER AP 51","ADMINISTRACAO PUBLICA","M","OESTE","alto","baixo","alto",NA,"medio","alto","medio","alto","alto","alto"
2298120,201207,2012-07-01,2012,"07",17.2910662824208,8.64553314121038,8.64553314121038,"SMS HOSPITAL MUNICIPAL ALBERT SCHWEITZER AP 51","ADMINISTRACAO PUBLICA","M","OESTE","medio","medio","medio",NA,"medio","medio","medio","alto","alto","alto"
2298120,201208,2012-08-01,2012,"08",33.7078651685393,14.9812734082397,18.7265917602996,"SMS HOSPITAL MUNICIPAL ALBERT SCHWEITZER AP 51","ADMINISTRACAO PUBLICA","M","OESTE","medio","baixo","medio",NA,"medio","alto","medio","alto","alto","alto"
2298120,201209,2012-09-01,2012,"09",20.5761316872428,16.4609053497942,4.11522633744856,"SMS HOSPITAL MUNICIPAL ALBERT SCHWEITZER AP 51","ADMINISTRACAO PUBLICA","M","OESTE","medio","baixo","medio",NA,"medio","alto","medio","alto","alto","alto"
2298120,201210,2012-10-01,2012,"10",15.3846153846154,3.84615384615385,11.5384615384615,"SMS HOSPITAL MUNICIPAL ALBERT SCHWEITZER AP 51","ADMINISTRACAO PUBLICA","M","OESTE","medio","baixo","baixo",NA,"baixo","alto","medio","alto","medio","alto"
2298120,201211,2012-11-01,2012,"11",27.5590551181102,11.8110236220472,15.748031496063,"SMS HOSPITAL MUNICIPAL ALBERT SCHWEITZER AP 51","ADMINISTRACAO PUBLICA","M","OESTE","medio","medio","medio",NA,"medio","alto","medio","alto","alto","alto"
2298120,201212,2012-12-01,2012,"12",11.4503816793893,11.4503816793893,0,"SMS HOSPITAL MUNICIPAL ALBERT SCHWEITZER AP 51","ADMINISTRACAO PUBLICA","M","OESTE","medio","baixo","medio",NA,"medio","baixo","medio","alto","alto","medio"
2298120,201301,2013-01-01,2013,"01",3.43642611683849,0,3.43642611683849,"SMS HOSPITAL MUNICIPAL ALBERT SCHWEITZER AP 51","ADMINISTRACAO PUBLICA","M","OESTE","medio","baixo","medio","baixo","medio","alto","medio","baixo","baixo","alto"
2298120,201302,2013-02-01,2013,"02",22.6415094339623,18.8679245283019,3.77358490566038,"SMS HOSPITAL MUNICIPAL ALBERT SCHWEITZER AP 51","ADMINISTRACAO PUBLICA","M","OESTE","medio","medio","medio","baixo","baixo","alto","medio","alto","alto","alto"
2298120,201303,2013-03-01,2013,"03",0,0,0,"SMS HOSPITAL MUNICIPAL ALBERT SCHWEITZER AP 51","ADMINISTRACAO PUBLICA","M","OESTE","medio","baixo","medio","medio","medio","medio","medio","baixo","baixo","medio"
2298120,201304,2013-04-01,2013,"04",6.99300699300699,3.4965034965035,3.4965034965035,"SMS HOSPITAL MUNICIPAL ALBERT SCHWEITZER AP 51","ADMINISTRACAO PUBLICA","M","OESTE","medio","baixo","medio","baixo","medio","alto","medio","medio","medio","alto"
2298120,201305,2013-05-01,2013,"05",12.4223602484472,9.3167701863354,3.1055900621118,"SMS HOSPITAL MUNICIPAL ALBERT SCHWEITZER AP 51","ADMINISTRACAO PUBLICA","M","OESTE","medio","medio","medio","medio","medio","medio","medio","alto","alto","alto"
2298120,201306,2013-06-01,2013,"06",10.3448275862069,6.89655172413793,3.44827586206897,"SMS HOSPITAL MUNICIPAL ALBERT SCHWEITZER AP 51","ADMINISTRACAO PUBLICA","M","OESTE","medio","medio","medio","baixo","medio","medio","medio","medio","medio","alto"
2298120,201307,2013-07-01,2013,"07",10.3092783505155,6.87285223367698,3.43642611683849,"SMS HOSPITAL MUNICIPAL ALBERT SCHWEITZER AP 51","ADMINISTRACAO PUBLICA","M","OESTE","medio","baixo","medio","baixo","baixo","alto","medio","medio","medio","alto"
2298120,201308,2013-08-01,2013,"08",15.0375939849624,15.0375939849624,0,"SMS HOSPITAL MUNICIPAL ALBERT SCHWEITZER AP 51","ADMINISTRACAO PUBLICA","M","OESTE","medio","baixo","medio","baixo","baixo","medio","medio","alto","alto","medio"
2298120,201309,2013-09-01,2013,"09",22.1238938053097,8.84955752212389,13.2743362831858,"SMS HOSPITAL MUNICIPAL ALBERT SCHWEITZER AP 51","ADMINISTRACAO PUBLICA","M","OESTE","medio","baixo","medio","medio","medio","alto","medio","alto","alto","alto"
2298120,201310,2013-10-01,2013,"10",36.3636363636364,18.1818181818182,18.1818181818182,"SMS HOSPITAL MUNICIPAL ALBERT SCHWEITZER AP 51","ADMINISTRACAO PUBLICA","M","OESTE","medio","medio","medio","baixo","baixo","alto","medio","alto","alto","alto"
2298120,201311,2013-11-01,2013,"11",16.2162162162162,16.2162162162162,0,"SMS HOSPITAL MUNICIPAL ALBERT SCHWEITZER AP 51","ADMINISTRACAO PUBLICA","M","OESTE","medio","baixo","medio","baixo","baixo","alto","medio","alto","alto","medio"
2298120,201312,2013-12-01,2013,"12",10,10,0,"SMS HOSPITAL MUNICIPAL ALBERT SCHWEITZER AP 51","ADMINISTRACAO PUBLICA","M","OESTE","medio","baixo","medio","medio","baixo","alto","medio","medio","alto","medio"
2298120,201401,2014-01-01,2014,"01",0,0,0,"SMS HOSPITAL MUNICIPAL ALBERT SCHWEITZER AP 51","ADMINISTRACAO PUBLICA","M","OESTE","medio","medio","medio","baixo","baixo","medio","medio","baixo","baixo","medio"
2298120,201402,2014-02-01,2014,"02",21.2765957446809,17.0212765957447,4.25531914893617,"SMS HOSPITAL MUNICIPAL ALBERT SCHWEITZER AP 51","ADMINISTRACAO PUBLICA","M","OESTE","medio","baixo","medio","baixo","baixo","alto","medio","alto","alto","alto"
2298120,201403,2014-03-01,2014,"03",8.23045267489712,8.23045267489712,0,"SMS HOSPITAL MUNICIPAL ALBERT SCHWEITZER AP 51","ADMINISTRACAO PUBLICA","M","OESTE","medio","medio","medio","baixo","baixo","alto","medio","medio","medio","medio"
2298120,201404,2014-04-01,2014,"04",13.7614678899083,9.1743119266055,4.58715596330275,"SMS HOSPITAL MUNICIPAL ALBERT SCHWEITZER AP 51","ADMINISTRACAO PUBLICA","M","OESTE","medio","baixo","medio","baixo","baixo","medio","medio","alto","alto","alto"
2298120,201405,2014-05-01,2014,"05",0,0,0,"SMS HOSPITAL MUNICIPAL ALBERT SCHWEITZER AP 51","ADMINISTRACAO PUBLICA","M","OESTE","medio","baixo","medio","baixo","baixo","baixo","baixo","baixo","baixo","medio"
2298120,201406,2014-06-01,2014,"06",3.90625,3.90625,0,"SMS HOSPITAL MUNICIPAL ALBERT SCHWEITZER AP 51","ADMINISTRACAO PUBLICA","M","OESTE","medio","medio","medio","baixo","baixo","medio","medio","medio","medio","medio"
2298120,201407,2014-07-01,2014,"07",8.23045267489712,8.23045267489712,0,"SMS HOSPITAL MUNICIPAL ALBERT SCHWEITZER AP 51","ADMINISTRACAO PUBLICA","M","OESTE","medio","baixo","medio","medio","baixo","alto","baixo","medio","medio","medio"
2298120,201408,2014-08-01,2014,"08",0,0,0,"SMS HOSPITAL MUNICIPAL ALBERT SCHWEITZER AP 51","ADMINISTRACAO PUBLICA","M","OESTE","medio","medio","medio","medio","baixo","medio","medio","baixo","baixo","medio"
2298120,201409,2014-09-01,2014,"09",0,0,0,"SMS HOSPITAL MUNICIPAL ALBERT SCHWEITZER AP 51","ADMINISTRACAO PUBLICA","M","OESTE","medio","baixo","medio","medio","baixo","baixo","baixo","baixo","baixo","medio"
2298120,201410,2014-10-01,2014,"10",10.3092783505155,10.3092783505155,0,"SMS HOSPITAL MUNICIPAL ALBERT SCHWEITZER AP 51","ADMINISTRACAO PUBLICA","M","OESTE","medio","medio","medio","baixo","medio","alto","medio","medio","alto","medio"
2298120,201411,2014-11-01,2014,"11",4.60829493087558,4.60829493087558,0,"SMS HOSPITAL MUNICIPAL ALBERT SCHWEITZER AP 51","ADMINISTRACAO PUBLICA","M","OESTE","medio","medio","medio","baixo","baixo","alto","medio","medio","medio","medio"
2298120,201412,2014-12-01,2014,"12",3.59712230215827,3.59712230215827,0,"SMS HOSPITAL MUNICIPAL ALBERT SCHWEITZER AP 51","ADMINISTRACAO PUBLICA","M","OESTE","medio","baixo","medio","baixo","medio","medio","medio","medio","medio","medio"
2298120,201501,2015-01-01,2015,"01",17.4825174825175,17.4825174825175,0,"SMS HOSPITAL MUNICIPAL ALBERT SCHWEITZER AP 51","ADMINISTRACAO PUBLICA","M","OESTE","medio","medio","medio","baixo","baixo","alto","medio","alto","alto","medio"
2298120,201502,2015-02-01,2015,"02",10,6.66666666666667,3.33333333333333,"SMS HOSPITAL MUNICIPAL ALBERT SCHWEITZER AP 51","ADMINISTRACAO PUBLICA","M","OESTE","medio","baixo","medio","medio","baixo","alto","medio","medio","medio","alto"
2298120,201503,2015-03-01,2015,"03",12.8865979381443,12.8865979381443,0,"SMS HOSPITAL MUNICIPAL ALBERT SCHWEITZER AP 51","ADMINISTRACAO PUBLICA","M","OESTE","alto","medio","medio","medio","baixo","alto","medio","alto","alto","medio"
2298120,201504,2015-04-01,2015,"04",8.54700854700855,8.54700854700855,0,"SMS HOSPITAL MUNICIPAL ALBERT SCHWEITZER AP 51","ADMINISTRACAO PUBLICA","M","OESTE","alto","baixo","medio","medio","baixo","alto","medio","medio","alto","medio"
2298120,201505,2015-05-01,2015,"05",9.96677740863787,9.96677740863787,0,"SMS HOSPITAL MUNICIPAL ALBERT SCHWEITZER AP 51","ADMINISTRACAO PUBLICA","M","OESTE","medio","medio","medio","medio","baixo","baixo","medio","medio","alto","medio"
2298120,201506,2015-06-01,2015,"06",3.93700787401575,3.93700787401575,0,"SMS HOSPITAL MUNICIPAL ALBERT SCHWEITZER AP 51","ADMINISTRACAO PUBLICA","M","OESTE","medio","baixo","medio","baixo","baixo","medio","baixo","medio","medio","medio"
2298120,201507,2015-07-01,2015,"07",7.09219858156028,0,7.09219858156028,"SMS HOSPITAL MUNICIPAL ALBERT SCHWEITZER AP 51","ADMINISTRACAO PUBLICA","M","OESTE","medio","baixo","medio","medio","baixo","medio","medio","medio","baixo","alto"
2298120,201508,2015-08-01,2015,"08",17.0940170940171,8.54700854700855,8.54700854700855,"SMS HOSPITAL MUNICIPAL ALBERT SCHWEITZER AP 51","ADMINISTRACAO PUBLICA","M","OESTE","medio","baixo","alto","baixo","baixo","medio","medio","alto","alto","alto"
2298120,201509,2015-09-01,2015,"09",13.8888888888889,9.25925925925926,4.62962962962963,"SMS HOSPITAL MUNICIPAL ALBERT SCHWEITZER AP 51","ADMINISTRACAO PUBLICA","M","OESTE","medio","medio","medio","baixo","medio","baixo","medio","alto","alto","alto"
2298120,201510,2015-10-01,2015,"10",3.32225913621262,3.32225913621262,0,"SMS HOSPITAL MUNICIPAL ALBERT SCHWEITZER AP 51","ADMINISTRACAO PUBLICA","M","OESTE","medio","medio","medio","baixo","baixo","medio","medio","baixo","medio","medio"
2298120,201511,2015-11-01,2015,"11",0,0,0,"SMS HOSPITAL MUNICIPAL ALBERT SCHWEITZER AP 51","ADMINISTRACAO PUBLICA","M","OESTE","medio","medio","medio","baixo","medio","baixo","baixo","baixo","baixo","medio"
2298120,201512,2015-12-01,2015,"12",3.67647058823529,3.67647058823529,0,"SMS HOSPITAL MUNICIPAL ALBERT SCHWEITZER AP 51","ADMINISTRACAO PUBLICA","M","OESTE","medio","baixo","medio","baixo","baixo","medio","medio","medio","medio","medio"
2298120,201601,2016-01-01,2016,"01",3.96825396825397,3.96825396825397,0,"SMS HOSPITAL MUNICIPAL ALBERT SCHWEITZER AP 51","ADMINISTRACAO PUBLICA","M","OESTE","medio","alto","medio","medio","baixo","medio","medio","medio","medio","medio"
2298120,201602,2016-02-01,2016,"02",3.7593984962406,0,3.7593984962406,"SMS HOSPITAL MUNICIPAL ALBERT SCHWEITZER AP 51","ADMINISTRACAO PUBLICA","M","OESTE","medio","medio","medio","medio","baixo","medio","medio","medio","baixo","alto"
2298120,201603,2016-03-01,2016,"03",3.48432055749129,0,3.48432055749129,"SMS HOSPITAL MUNICIPAL ALBERT SCHWEITZER AP 51","ADMINISTRACAO PUBLICA","M","OESTE","medio","medio","medio","medio","baixo","medio","medio","baixo","baixo","alto"
2298120,201604,2016-04-01,2016,"04",19.4174757281553,16.1812297734628,3.23624595469256,"SMS HOSPITAL MUNICIPAL ALBERT SCHWEITZER AP 51","ADMINISTRACAO PUBLICA","M","OESTE","medio","medio","medio","medio","baixo","alto","medio","alto","alto","alto"
2298120,201605,2016-05-01,2016,"05",13.8888888888889,13.8888888888889,0,"SMS HOSPITAL MUNICIPAL ALBERT SCHWEITZER AP 51","ADMINISTRACAO PUBLICA","M","OESTE","medio","alto","medio","baixo","baixo","medio","medio","alto","alto","medio"
2298120,201606,2016-06-01,2016,"06",6.11620795107034,6.11620795107034,0,"SMS HOSPITAL MUNICIPAL ALBERT SCHWEITZER AP 51","ADMINISTRACAO PUBLICA","M","OESTE","medio","medio","medio","medio","baixo","medio","medio","medio","medio","medio"
2298120,201607,2016-07-01,2016,"07",9.03614457831325,9.03614457831325,0,"SMS HOSPITAL MUNICIPAL ALBERT SCHWEITZER AP 51","ADMINISTRACAO PUBLICA","M","OESTE","medio","baixo","medio","baixo","baixo","medio","medio","medio","alto","medio"
2298120,201608,2016-08-01,2016,"08",3.59712230215827,3.59712230215827,0,"SMS HOSPITAL MUNICIPAL ALBERT SCHWEITZER AP 51","ADMINISTRACAO PUBLICA","M","OESTE","medio","baixo","medio","baixo","baixo","baixo","medio","medio","medio","medio"
2298120,201609,2016-09-01,2016,"09",3.63636363636364,3.63636363636364,0,"SMS HOSPITAL MUNICIPAL ALBERT SCHWEITZER AP 51","ADMINISTRACAO PUBLICA","M","OESTE","medio","baixo","baixo","baixo","baixo","baixo","medio","medio","medio","medio"
2298120,201610,2016-10-01,2016,"10",6.45161290322581,6.45161290322581,0,"SMS HOSPITAL MUNICIPAL ALBERT SCHWEITZER AP 51","ADMINISTRACAO PUBLICA","M","OESTE","medio","baixo","baixo","baixo","baixo","alto","medio","medio","medio","medio"
2298120,201611,2016-11-01,2016,"11",6.64451827242525,6.64451827242525,0,"SMS HOSPITAL MUNICIPAL ALBERT SCHWEITZER AP 51","ADMINISTRACAO PUBLICA","M","OESTE","medio","baixo","medio","medio","baixo","medio","medio","medio","medio","medio"
2298120,201612,2016-12-01,2016,"12",6.38977635782748,6.38977635782748,0,"SMS HOSPITAL MUNICIPAL ALBERT SCHWEITZER AP 51","ADMINISTRACAO PUBLICA","M","OESTE","medio","baixo","medio","medio","baixo","medio","medio","medio","medio","medio"
2298120,201701,2017-01-01,2017,"01",6.11620795107034,3.05810397553517,3.05810397553517,"SMS HOSPITAL MUNICIPAL ALBERT SCHWEITZER AP 51","ADMINISTRACAO PUBLICA","M","OESTE","medio","medio","medio","baixo","baixo","medio","medio","medio","medio","alto"
2298120,201702,2017-02-01,2017,"02",21.8068535825545,9.34579439252336,12.4610591900312,"SMS HOSPITAL MUNICIPAL ALBERT SCHWEITZER AP 51","ADMINISTRACAO PUBLICA","M","OESTE","medio","baixo","medio","medio","baixo","medio","medio","alto","alto","alto"
2298120,201703,2017-03-01,2017,"03",12.3762376237624,9.9009900990099,2.47524752475248,"SMS HOSPITAL MUNICIPAL ALBERT SCHWEITZER AP 51","ADMINISTRACAO PUBLICA","M","OESTE","alto","medio","medio","baixo","baixo","medio","medio","alto","alto","alto"
2298120,201704,2017-04-01,2017,"04",2.74725274725275,2.74725274725275,0,"SMS HOSPITAL MUNICIPAL ALBERT SCHWEITZER AP 51","ADMINISTRACAO PUBLICA","M","OESTE","alto","medio","medio","medio","baixo","baixo","medio","baixo","medio","medio"
2298120,201705,2017-05-01,2017,"05",7.44416873449132,7.44416873449132,0,"SMS HOSPITAL MUNICIPAL ALBERT SCHWEITZER AP 51","ADMINISTRACAO PUBLICA","M","OESTE","alto","medio","medio","medio","baixo","alto","medio","medio","medio","medio"
2298120,201706,2017-06-01,2017,"06",5.0251256281407,2.51256281407035,2.51256281407035,"SMS HOSPITAL MUNICIPAL ALBERT SCHWEITZER AP 51","ADMINISTRACAO PUBLICA","M","OESTE","alto","medio","baixo","medio","baixo","baixo","medio","medio","medio","alto"
2298120,201707,2017-07-01,2017,"07",11.3636363636364,8.52272727272727,2.84090909090909,"SMS HOSPITAL MUNICIPAL ALBERT SCHWEITZER AP 51","ADMINISTRACAO PUBLICA","M","OESTE","alto","baixo","baixo","medio","medio","baixo","alto","alto","alto","alto"
2298120,201708,2017-08-01,2017,"08",17.2910662824208,11.5273775216138,5.76368876080692,"SMS HOSPITAL MUNICIPAL ALBERT SCHWEITZER AP 51","ADMINISTRACAO PUBLICA","M","OESTE","medio","medio","baixo","medio","baixo","medio","medio","alto","alto","alto"
2298120,201709,2017-09-01,2017,"09",8.37988826815642,5.58659217877095,2.79329608938547,"SMS HOSPITAL MUNICIPAL ALBERT SCHWEITZER AP 51","ADMINISTRACAO PUBLICA","M","OESTE","alto","baixo","baixo","medio","baixo","medio","medio","medio","medio","alto"
2298120,201710,2017-10-01,2017,"10",11.9047619047619,5.95238095238095,5.95238095238095,"SMS HOSPITAL MUNICIPAL ALBERT SCHWEITZER AP 51","ADMINISTRACAO PUBLICA","M","OESTE","medio","medio","baixo","baixo","baixo","medio","medio","alto","medio","alto"
2298120,201711,2017-11-01,2017,"11",8.45070422535211,2.8169014084507,5.63380281690141,"SMS HOSPITAL MUNICIPAL ALBERT SCHWEITZER AP 51","ADMINISTRACAO PUBLICA","M","OESTE","alto","medio","baixo","medio","baixo","medio","baixo","medio","medio","alto"
2298120,201712,2017-12-01,2017,"12",14.1242937853107,11.2994350282486,2.82485875706215,"SMS HOSPITAL MUNICIPAL ALBERT SCHWEITZER AP 51","ADMINISTRACAO PUBLICA","M","OESTE","alto","medio","baixo","medio","medio","alto","baixo","alto","alto","alto"
2708353,200601,2006-01-01,2006,"01",62.5,50,12.5,"IFF FIOCRUZ","ADMINISTRACAO PUBLICA","M","SUL","baixo","alto","medio","alto","baixo","alto","alto","alto","alto","alto"
2708353,200602,2006-02-01,2006,"02",129.87012987013,77.9220779220779,51.948051948052,"IFF FIOCRUZ","ADMINISTRACAO PUBLICA","M","SUL","baixo","alto","alto","alto","alto","alto","alto","alto","alto","alto"
2708353,200603,2006-03-01,2006,"03",80.4597701149425,80.4597701149425,0,"IFF FIOCRUZ","ADMINISTRACAO PUBLICA","M","SUL","baixo","alto","medio","alto","alto","alto","alto","alto","alto","medio"
2708353,200604,2006-04-01,2006,"04",207.317073170732,195.121951219512,12.1951219512195,"IFF FIOCRUZ","ADMINISTRACAO PUBLICA","M","SUL","baixo","alto","alto","alto","medio","alto","alto","alto","alto","alto"
2708353,200605,2006-05-01,2006,"05",94.7368421052632,63.1578947368421,31.5789473684211,"IFF FIOCRUZ","ADMINISTRACAO PUBLICA","M","SUL","baixo","alto","medio","alto","medio","alto","alto","alto","alto","alto"
2708353,200606,2006-06-01,2006,"06",84.3373493975904,72.289156626506,12.0481927710843,"IFF FIOCRUZ","ADMINISTRACAO PUBLICA","M","SUL","baixo","alto","medio","medio","medio","alto","alto","alto","alto","alto"
2708353,200607,2006-07-01,2006,"07",133.333333333333,106.666666666667,26.6666666666667,"IFF FIOCRUZ","ADMINISTRACAO PUBLICA","M","SUL","baixo","alto","alto","alto","alto","alto","alto","alto","alto","alto"
2708353,200608,2006-08-01,2006,"08",70.4225352112676,56.3380281690141,14.0845070422535,"IFF FIOCRUZ","ADMINISTRACAO PUBLICA","M","SUL","baixo","alto","medio","alto","medio","alto","alto","alto","alto","alto"
2708353,200609,2006-09-01,2006,"09",147.058823529412,102.941176470588,44.1176470588235,"IFF FIOCRUZ","ADMINISTRACAO PUBLICA","M","SUL","baixo","alto","medio","alto","medio","alto","alto","alto","alto","alto"
2708353,200610,2006-10-01,2006,"10",113.924050632911,88.6075949367089,25.3164556962025,"IFF FIOCRUZ","ADMINISTRACAO PUBLICA","M","SUL","baixo","alto","medio","alto","medio","alto","alto","alto","alto","alto"
2708353,200611,2006-11-01,2006,"11",171.052631578947,144.736842105263,26.3157894736842,"IFF FIOCRUZ","ADMINISTRACAO PUBLICA","M","SUL","baixo","alto","alto","alto","medio","alto","alto","alto","alto","alto"
2708353,200612,2006-12-01,2006,"12",44.1176470588235,44.1176470588235,0,"IFF FIOCRUZ","ADMINISTRACAO PUBLICA","M","SUL","baixo","alto","alto","alto","medio","medio","alto","alto","alto","medio"
2708353,200701,2007-01-01,2007,"01",50.6329113924051,50.6329113924051,0,"IFF FIOCRUZ","ADMINISTRACAO PUBLICA","M","SUL","baixo","alto","medio",NA,"medio","alto","alto","alto","alto","medio"
2708353,200702,2007-02-01,2007,"02",98.7654320987654,98.7654320987654,0,"IFF FIOCRUZ","ADMINISTRACAO PUBLICA","M","SUL","baixo","alto","medio",NA,"medio","alto","alto","alto","alto","medio"
2708353,200703,2007-03-01,2007,"03",144.329896907216,113.40206185567,30.9278350515464,"IFF FIOCRUZ","ADMINISTRACAO PUBLICA","M","SUL","baixo","alto","medio",NA,"medio","alto","alto","alto","alto","alto"
2708353,200704,2007-04-01,2007,"04",126.436781609195,114.942528735632,11.4942528735632,"IFF FIOCRUZ","ADMINISTRACAO PUBLICA","M","SUL","baixo","alto","alto",NA,"alto","alto","alto","alto","alto","alto"
2708353,200705,2007-05-01,2007,"05",86.4197530864197,74.0740740740741,12.3456790123457,"IFF FIOCRUZ","ADMINISTRACAO PUBLICA","M","SUL","baixo","alto","medio",NA,"medio","alto","alto","alto","alto","alto"
2708353,200706,2007-06-01,2007,"06",78.6516853932584,67.4157303370787,11.2359550561798,"IFF FIOCRUZ","ADMINISTRACAO PUBLICA","M","SUL","baixo","alto","medio",NA,"medio","alto","alto","alto","alto","alto"
2708353,200707,2007-07-01,2007,"07",85.7142857142857,42.8571428571429,42.8571428571429,"IFF FIOCRUZ","ADMINISTRACAO PUBLICA","M","SUL","baixo","medio","alto",NA,"medio","alto","medio","alto","alto","alto"
2708353,200708,2007-08-01,2007,"08",75.7575757575758,75.7575757575758,0,"IFF FIOCRUZ","ADMINISTRACAO PUBLICA","M","SUL","baixo","alto","medio",NA,"alto","alto","alto","alto","alto","medio"
2708353,200709,2007-09-01,2007,"09",90.9090909090909,90.9090909090909,0,"IFF FIOCRUZ","ADMINISTRACAO PUBLICA","M","SUL","baixo","alto","medio",NA,"alto","alto","alto","alto","alto","medio"
2708353,200710,2007-10-01,2007,"10",22.4719101123595,22.4719101123595,0,"IFF FIOCRUZ","ADMINISTRACAO PUBLICA","M","SUL","baixo","alto","medio",NA,"medio","alto","alto","alto","alto","medio"
2708353,200711,2007-11-01,2007,"11",121.212121212121,106.060606060606,15.1515151515152,"IFF FIOCRUZ","ADMINISTRACAO PUBLICA","M","SUL","baixo","alto","alto",NA,"alto","alto","alto","alto","alto","alto"
2708353,200712,2007-12-01,2007,"12",114.754098360656,114.754098360656,0,"IFF FIOCRUZ","ADMINISTRACAO PUBLICA","M","SUL","baixo","alto","medio",NA,"medio","alto","alto","alto","alto","medio"
2708353,200801,2008-01-01,2008,"01",126.984126984127,111.111111111111,15.8730158730159,"IFF FIOCRUZ","ADMINISTRACAO PUBLICA","M","SUL","baixo","alto","medio","alto","medio","alto","alto","alto","alto","alto"
2708353,200802,2008-02-01,2008,"02",131.147540983607,98.3606557377049,32.7868852459016,"IFF FIOCRUZ","ADMINISTRACAO PUBLICA","M","SUL","baixo","alto","alto","alto","medio","alto","alto","alto","alto","alto"
2708353,200803,2008-03-01,2008,"03",85.3658536585366,60.9756097560976,24.390243902439,"IFF FIOCRUZ","ADMINISTRACAO PUBLICA","M","SUL","baixo","alto","medio","alto","medio","alto","alto","alto","alto","alto"
2708353,200804,2008-04-01,2008,"04",139.240506329114,101.26582278481,37.9746835443038,"IFF FIOCRUZ","ADMINISTRACAO PUBLICA","M","SUL","baixo","alto","alto","alto","medio","alto","alto","alto","alto","alto"
2708353,200805,2008-05-01,2008,"05",140.845070422535,126.760563380282,14.0845070422535,"IFF FIOCRUZ","ADMINISTRACAO PUBLICA","M","SUL","baixo","alto","medio","alto","alto","alto","alto","alto","alto","alto"
2708353,200806,2008-06-01,2008,"06",97.2222222222222,55.5555555555556,41.6666666666667,"IFF FIOCRUZ","ADMINISTRACAO PUBLICA","M","SUL","baixo","alto","alto","alto","baixo","alto","alto","alto","alto","alto"
2708353,200807,2008-07-01,2008,"07",102.941176470588,88.2352941176471,14.7058823529412,"IFF FIOCRUZ","ADMINISTRACAO PUBLICA","M","SUL","baixo","alto","alto","medio","medio","alto","alto","alto","alto","alto"
2708353,200808,2008-08-01,2008,"08",51.948051948052,51.948051948052,0,"IFF FIOCRUZ","ADMINISTRACAO PUBLICA","M","SUL","baixo","alto","alto","alto","medio","alto","alto","alto","alto","medio"
2708353,200809,2008-09-01,2008,"09",87.378640776699,77.6699029126214,9.70873786407767,"IFF FIOCRUZ","ADMINISTRACAO PUBLICA","M","SUL","baixo","alto","alto","medio","medio","alto","alto","alto","alto","alto"
2708353,200810,2008-10-01,2008,"10",86.5384615384615,57.6923076923077,28.8461538461538,"IFF FIOCRUZ","ADMINISTRACAO PUBLICA","M","SUL","baixo","alto","medio","alto","medio","alto","alto","alto","alto","alto"
2708353,200811,2008-11-01,2008,"11",126.582278481013,101.26582278481,25.3164556962025,"IFF FIOCRUZ","ADMINISTRACAO PUBLICA","M","SUL","baixo","alto","alto","alto","baixo","alto","alto","alto","alto","alto"
2708353,200812,2008-12-01,2008,"12",92.7835051546392,72.1649484536082,20.6185567010309,"IFF FIOCRUZ","ADMINISTRACAO PUBLICA","M","SUL","baixo","alto","alto","medio","medio","alto","alto","alto","alto","alto"
2708353,200901,2009-01-01,2009,"01",76.9230769230769,51.2820512820513,25.6410256410256,"IFF FIOCRUZ","ADMINISTRACAO PUBLICA","M","SUL","medio","alto","medio",NA,"medio","alto","alto","alto","alto","alto"
2708353,200902,2009-02-01,2009,"02",90.9090909090909,79.5454545454545,11.3636363636364,"IFF FIOCRUZ","ADMINISTRACAO PUBLICA","M","SUL","baixo","alto","medio",NA,"medio","alto","alto","alto","alto","alto"
2708353,200903,2009-03-01,2009,"03",79.646017699115,61.9469026548673,17.6991150442478,"IFF FIOCRUZ","ADMINISTRACAO PUBLICA","M","SUL","medio","alto","alto",NA,"medio","alto","alto","alto","alto","alto"
2708353,200904,2009-04-01,2009,"04",69.3069306930693,49.5049504950495,19.8019801980198,"IFF FIOCRUZ","ADMINISTRACAO PUBLICA","M","SUL","baixo","alto","medio",NA,"medio","alto","alto","alto","alto","alto"
2708353,200905,2009-05-01,2009,"05",126.315789473684,105.263157894737,21.0526315789474,"IFF FIOCRUZ","ADMINISTRACAO PUBLICA","M","SUL","baixo","alto","alto",NA,"medio","alto","alto","alto","alto","alto"
2708353,200906,2009-06-01,2009,"06",91.9540229885057,80.4597701149425,11.4942528735632,"IFF FIOCRUZ","ADMINISTRACAO PUBLICA","M","SUL","baixo","alto","alto",NA,"medio","alto","alto","alto","alto","alto"
2708353,200907,2009-07-01,2009,"07",74.0740740740741,64.8148148148148,9.25925925925926,"IFF FIOCRUZ","ADMINISTRACAO PUBLICA","M","SUL","baixo","alto","alto",NA,"baixo","alto","alto","alto","alto","alto"
2708353,200908,2009-08-01,2009,"08",71.4285714285714,71.4285714285714,0,"IFF FIOCRUZ","ADMINISTRACAO PUBLICA","M","SUL","baixo","alto","medio",NA,"medio","alto","medio","alto","alto","medio"
2708353,200909,2009-09-01,2009,"09",102.803738317757,84.1121495327103,18.6915887850467,"IFF FIOCRUZ","ADMINISTRACAO PUBLICA","M","SUL","baixo","alto","alto",NA,"medio","alto","alto","alto","alto","alto"
2708353,200910,2009-10-01,2009,"10",131.578947368421,92.1052631578947,39.4736842105263,"IFF FIOCRUZ","ADMINISTRACAO PUBLICA","M","SUL","baixo","alto","medio",NA,"medio","alto","alto","alto","alto","alto"
2708353,200911,2009-11-01,2009,"11",70.5882352941177,35.2941176470588,35.2941176470588,"IFF FIOCRUZ","ADMINISTRACAO PUBLICA","M","SUL","baixo","alto","medio",NA,"medio","alto","alto","alto","alto","alto"
2708353,200912,2009-12-01,2009,"12",97.8260869565217,65.2173913043478,32.6086956521739,"IFF FIOCRUZ","ADMINISTRACAO PUBLICA","M","SUL","baixo","alto","medio",NA,"baixo","alto","alto","alto","alto","alto"
2708353,201001,2010-01-01,2010,"01",148.148148148148,129.62962962963,18.5185185185185,"IFF FIOCRUZ","ADMINISTRACAO PUBLICA","M","SUL","baixo","alto","medio",NA,"baixo","alto","alto","alto","alto","alto"
2708353,201002,2010-02-01,2010,"02",98.0392156862745,78.4313725490196,19.6078431372549,"IFF FIOCRUZ","ADMINISTRACAO PUBLICA","M","SUL","baixo","alto","medio",NA,"medio","alto","alto","alto","alto","alto"
2708353,201003,2010-03-01,2010,"03",76.271186440678,67.7966101694915,8.47457627118644,"IFF FIOCRUZ","ADMINISTRACAO PUBLICA","M","SUL","medio","alto","medio",NA,"medio","alto","alto","alto","alto","alto"
2708353,201004,2010-04-01,2010,"04",59.5238095238095,47.6190476190476,11.9047619047619,"IFF FIOCRUZ","ADMINISTRACAO PUBLICA","M","SUL","baixo","alto","medio",NA,"medio","alto","alto","alto","alto","alto"
2708353,201005,2010-05-01,2010,"05",76.9230769230769,43.956043956044,32.967032967033,"IFF FIOCRUZ","ADMINISTRACAO PUBLICA","M","SUL","baixo","alto","alto",NA,"baixo","alto","alto","alto","alto","alto"
2708353,201006,2010-06-01,2010,"06",102.803738317757,84.1121495327103,18.6915887850467,"IFF FIOCRUZ","ADMINISTRACAO PUBLICA","M","SUL","baixo","alto","alto",NA,"medio","alto","alto","alto","alto","alto"
2708353,201007,2010-07-01,2010,"07",74.468085106383,53.1914893617021,21.2765957446809,"IFF FIOCRUZ","ADMINISTRACAO PUBLICA","M","SUL","baixo","alto","alto",NA,"medio","alto","alto","alto","alto","alto"
2708353,201008,2010-08-01,2010,"08",210.526315789474,197.368421052632,13.1578947368421,"IFF FIOCRUZ","ADMINISTRACAO PUBLICA","M","SUL","baixo","alto","alto",NA,"medio","alto","medio","alto","alto","alto"
2708353,201009,2010-09-01,2010,"09",78.9473684210526,78.9473684210526,0,"IFF FIOCRUZ","ADMINISTRACAO PUBLICA","M","SUL","baixo","alto","alto",NA,"medio","alto","alto","alto","alto","medio"
2708353,201010,2010-10-01,2010,"10",46.5116279069767,34.8837209302326,11.6279069767442,"IFF FIOCRUZ","ADMINISTRACAO PUBLICA","M","SUL","baixo","alto","alto",NA,"baixo","alto","alto","alto","alto","alto"
2708353,201011,2010-11-01,2010,"11",113.636363636364,102.272727272727,11.3636363636364,"IFF FIOCRUZ","ADMINISTRACAO PUBLICA","M","SUL","baixo","alto","alto",NA,"baixo","alto","alto","alto","alto","alto"
2708353,201012,2010-12-01,2010,"12",138.297872340426,127.659574468085,10.6382978723404,"IFF FIOCRUZ","ADMINISTRACAO PUBLICA","M","SUL","baixo","alto","alto",NA,"medio","alto","alto","alto","alto","alto"
2708353,201101,2011-01-01,2011,"01",67.2268907563025,67.2268907563025,0,"IFF FIOCRUZ","ADMINISTRACAO PUBLICA","M","SUL","medio","alto","alto","medio","medio","alto","medio","alto","alto","medio"
2708353,201102,2011-02-01,2011,"02",107.843137254902,98.0392156862745,9.80392156862745,"IFF FIOCRUZ","ADMINISTRACAO PUBLICA","M","SUL","baixo","alto","alto","alto","medio","alto","alto","alto","alto","alto"
2708353,201103,2011-03-01,2011,"03",92.5925925925926,83.3333333333333,9.25925925925926,"IFF FIOCRUZ","ADMINISTRACAO PUBLICA","M","SUL","baixo","alto","alto","medio","baixo","alto","alto","alto","alto","alto"
2708353,201104,2011-04-01,2011,"04",102.040816326531,91.8367346938776,10.2040816326531,"IFF FIOCRUZ","ADMINISTRACAO PUBLICA","M","SUL","baixo","alto","medio","alto","medio","alto","alto","alto","alto","alto"
2708353,201105,2011-05-01,2011,"05",57.1428571428571,28.5714285714286,28.5714285714286,"IFF FIOCRUZ","ADMINISTRACAO PUBLICA","M","SUL","baixo","alto","medio","alto","medio","alto","alto","alto","alto","alto"
2708353,201106,2011-06-01,2011,"06",79.5454545454545,68.1818181818182,11.3636363636364,"IFF FIOCRUZ","ADMINISTRACAO PUBLICA","M","SUL","baixo","alto","medio","alto","alto","alto","alto","alto","alto","alto"
2708353,201107,2011-07-01,2011,"07",75.2688172043011,53.7634408602151,21.505376344086,"IFF FIOCRUZ","ADMINISTRACAO PUBLICA","M","SUL","baixo","alto","medio","alto","alto","alto","alto","alto","alto","alto"
2708353,201108,2011-08-01,2011,"08",106.666666666667,93.3333333333333,13.3333333333333,"IFF FIOCRUZ","ADMINISTRACAO PUBLICA","M","SUL","baixo","alto","alto","alto","medio","alto","alto","alto","alto","alto"
2708353,201109,2011-09-01,2011,"09",85.3658536585366,73.1707317073171,12.1951219512195,"IFF FIOCRUZ","ADMINISTRACAO PUBLICA","M","SUL","baixo","alto","alto","alto","medio","alto","alto","alto","alto","alto"
2708353,201110,2011-10-01,2011,"10",72.463768115942,72.463768115942,0,"IFF FIOCRUZ","ADMINISTRACAO PUBLICA","M","SUL","baixo","alto","medio","alto","medio","alto","alto","alto","alto","medio"
2708353,201111,2011-11-01,2011,"11",60.6060606060606,45.4545454545455,15.1515151515152,"IFF FIOCRUZ","ADMINISTRACAO PUBLICA","M","SUL","baixo","alto","medio","alto","baixo","alto","alto","alto","alto","alto"
2708353,201112,2011-12-01,2011,"12",129.411764705882,105.882352941176,23.5294117647059,"IFF FIOCRUZ","ADMINISTRACAO PUBLICA","M","SUL","baixo","alto","medio","alto","medio","alto","alto","alto","alto","alto"
2708353,201201,2012-01-01,2012,"01",108.695652173913,86.9565217391304,21.7391304347826,"IFF FIOCRUZ","ADMINISTRACAO PUBLICA","M","SUL","baixo","alto","medio",NA,"medio","alto","alto","alto","alto","alto"
2708353,201202,2012-02-01,2012,"02",122.448979591837,102.040816326531,20.4081632653061,"IFF FIOCRUZ","ADMINISTRACAO PUBLICA","M","SUL","baixo","alto","medio",NA,"alto","alto","alto","alto","alto","alto"
2708353,201203,2012-03-01,2012,"03",47.1698113207547,47.1698113207547,0,"IFF FIOCRUZ","ADMINISTRACAO PUBLICA","M","SUL","baixo","alto","medio",NA,"medio","alto","medio","alto","alto","medio"
2708353,201204,2012-04-01,2012,"04",45.4545454545455,36.3636363636364,9.09090909090909,"IFF FIOCRUZ","ADMINISTRACAO PUBLICA","M","SUL","baixo","alto","baixo",NA,"medio","alto","alto","alto","alto","alto"
2708353,201205,2012-05-01,2012,"05",45.4545454545455,45.4545454545455,0,"IFF FIOCRUZ","ADMINISTRACAO PUBLICA","M","SUL","medio","alto","baixo",NA,"medio","alto","alto","alto","alto","medio"
2708353,201206,2012-06-01,2012,"06",59.5238095238095,35.7142857142857,23.8095238095238,"IFF FIOCRUZ","ADMINISTRACAO PUBLICA","M","SUL","baixo","alto","medio",NA,"medio","alto","alto","alto","alto","alto"
2708353,201207,2012-07-01,2012,"07",43.010752688172,32.258064516129,10.752688172043,"IFF FIOCRUZ","ADMINISTRACAO PUBLICA","M","SUL","baixo","alto","medio",NA,"medio","alto","alto","alto","alto","alto"
2708353,201208,2012-08-01,2012,"08",49.0196078431373,39.2156862745098,9.80392156862745,"IFF FIOCRUZ","ADMINISTRACAO PUBLICA","M","SUL","baixo","alto","medio",NA,"alto","alto","medio","alto","alto","alto"
2708353,201209,2012-09-01,2012,"09",51.7241379310345,43.1034482758621,8.62068965517241,"IFF FIOCRUZ","ADMINISTRACAO PUBLICA","M","SUL","medio","alto","baixo",NA,"medio","alto","alto","alto","alto","alto"
2708353,201210,2012-10-01,2012,"10",66.6666666666667,66.6666666666667,0,"IFF FIOCRUZ","ADMINISTRACAO PUBLICA","M","SUL","baixo","alto","baixo",NA,"medio","alto","alto","alto","alto","medio"
2708353,201211,2012-11-01,2012,"11",68.6274509803922,68.6274509803922,0,"IFF FIOCRUZ","ADMINISTRACAO PUBLICA","M","SUL","baixo","alto","medio",NA,"baixo","alto","alto","alto","alto","medio"
2708353,201212,2012-12-01,2012,"12",19.0476190476191,9.52380952380953,9.52380952380953,"IFF FIOCRUZ","ADMINISTRACAO PUBLICA","M","SUL","baixo","alto","baixo",NA,"baixo","alto","alto","alto","alto","alto"
2708353,201301,2013-01-01,2013,"01",16.5289256198347,16.5289256198347,0,"IFF FIOCRUZ","ADMINISTRACAO PUBLICA","M","SUL","medio","alto","baixo","alto","medio","baixo","alto","alto","alto","medio"
2708353,201302,2013-02-01,2013,"02",20.6185567010309,20.6185567010309,0,"IFF FIOCRUZ","ADMINISTRACAO PUBLICA","M","SUL","baixo","alto","medio","baixo","alto","medio","alto","alto","alto","medio"
2708353,201303,2013-03-01,2013,"03",111.111111111111,102.564102564103,8.54700854700855,"IFF FIOCRUZ","ADMINISTRACAO PUBLICA","M","SUL","medio","alto","medio","alto","medio","alto","alto","alto","alto","alto"
2708353,201304,2013-04-01,2013,"04",100,60,40,"IFF FIOCRUZ","ADMINISTRACAO PUBLICA","M","SUL","baixo","alto","medio","alto","medio","alto","alto","alto","alto","alto"
2708353,201305,2013-05-01,2013,"05",18.8679245283019,18.8679245283019,0,"IFF FIOCRUZ","ADMINISTRACAO PUBLICA","M","SUL","baixo","alto","medio","medio","baixo","alto","alto","alto","alto","medio"
2708353,201306,2013-06-01,2013,"06",84.1121495327103,74.7663551401869,9.34579439252336,"IFF FIOCRUZ","ADMINISTRACAO PUBLICA","M","SUL","baixo","alto","medio","alto","medio","alto","alto","alto","alto","alto"
2708353,201307,2013-07-01,2013,"07",44.4444444444444,33.3333333333333,11.1111111111111,"IFF FIOCRUZ","ADMINISTRACAO PUBLICA","M","SUL","baixo","alto","medio","alto","medio","alto","alto","alto","alto","alto"
2708353,201308,2013-08-01,2013,"08",70.7070707070707,50.5050505050505,20.2020202020202,"IFF FIOCRUZ","ADMINISTRACAO PUBLICA","M","SUL","baixo","alto","baixo","alto","medio","alto","alto","alto","alto","alto"
2708353,201309,2013-09-01,2013,"09",68.1818181818182,56.8181818181818,11.3636363636364,"IFF FIOCRUZ","ADMINISTRACAO PUBLICA","M","SUL","baixo","alto","medio","medio","medio","alto","alto","alto","alto","alto"
2708353,201310,2013-10-01,2013,"10",37.5,12.5,25,"IFF FIOCRUZ","ADMINISTRACAO PUBLICA","M","SUL","baixo","alto","medio","medio","medio","alto","alto","alto","alto","alto"
2708353,201311,2013-11-01,2013,"11",25.6410256410256,25.6410256410256,0,"IFF FIOCRUZ","ADMINISTRACAO PUBLICA","M","SUL","baixo","alto","medio","alto","medio","alto","alto","alto","alto","medio"
2708353,201312,2013-12-01,2013,"12",81.0810810810811,54.0540540540541,27.027027027027,"IFF FIOCRUZ","ADMINISTRACAO PUBLICA","M","SUL","baixo","alto","medio","alto","medio","alto","alto","alto","alto","alto"
2708353,201401,2014-01-01,2014,"01",57.1428571428571,57.1428571428571,0,"IFF FIOCRUZ","ADMINISTRACAO PUBLICA","M","SUL","baixo","alto","medio","alto","medio","alto","alto","alto","alto","medio"
2708353,201402,2014-02-01,2014,"02",85.7142857142857,85.7142857142857,0,"IFF FIOCRUZ","ADMINISTRACAO PUBLICA","M","SUL","baixo","alto","medio","alto","medio","alto","alto","alto","alto","medio"
2708353,201403,2014-03-01,2014,"03",30.9278350515464,30.9278350515464,0,"IFF FIOCRUZ","ADMINISTRACAO PUBLICA","M","SUL","baixo","alto","medio","alto","medio","alto","alto","alto","alto","medio"
2708353,201404,2014-04-01,2014,"04",41.6666666666667,41.6666666666667,0,"IFF FIOCRUZ","ADMINISTRACAO PUBLICA","M","SUL","baixo","alto","medio","alto","medio","alto","alto","alto","alto","medio"
2708353,201405,2014-05-01,2014,"05",88.2352941176471,58.8235294117647,29.4117647058824,"IFF FIOCRUZ","ADMINISTRACAO PUBLICA","M","SUL","baixo","medio","baixo","alto","medio","alto","alto","alto","alto","alto"
2708353,201406,2014-06-01,2014,"06",24.6913580246914,24.6913580246914,0,"IFF FIOCRUZ","ADMINISTRACAO PUBLICA","M","SUL","baixo","alto","baixo","alto","medio","alto","alto","alto","alto","medio"
2708353,201407,2014-07-01,2014,"07",93.3333333333333,66.6666666666667,26.6666666666667,"IFF FIOCRUZ","ADMINISTRACAO PUBLICA","M","SUL","baixo","alto","baixo","alto","baixo","alto","alto","alto","alto","alto"
2708353,201408,2014-08-01,2014,"08",96.3855421686747,72.289156626506,24.0963855421687,"IFF FIOCRUZ","ADMINISTRACAO PUBLICA","M","SUL","baixo","alto","alto","alto","medio","alto","alto","alto","alto","alto"
2708353,201409,2014-09-01,2014,"09",94.5945945945946,81.0810810810811,13.5135135135135,"IFF FIOCRUZ","ADMINISTRACAO PUBLICA","M","SUL","baixo","alto","medio","medio","baixo","alto","alto","alto","alto","alto"
2708353,201410,2014-10-01,2014,"10",103.448275862069,57.4712643678161,45.9770114942529,"IFF FIOCRUZ","ADMINISTRACAO PUBLICA","M","SUL","baixo","alto","medio","alto","medio","alto","alto","alto","alto","alto"
2708353,201411,2014-11-01,2014,"11",111.111111111111,111.111111111111,0,"IFF FIOCRUZ","ADMINISTRACAO PUBLICA","M","SUL","baixo","medio","medio","alto","baixo","alto","alto","alto","alto","medio"
2708353,201412,2014-12-01,2014,"12",123.595505617978,67.4157303370787,56.1797752808989,"IFF FIOCRUZ","ADMINISTRACAO PUBLICA","M","SUL","baixo","alto","alto","alto","baixo","medio","alto","alto","alto","alto"
2708353,201501,2015-01-01,2015,"01",95.8904109589041,82.1917808219178,13.6986301369863,"IFF FIOCRUZ","ADMINISTRACAO PUBLICA","M","SUL","baixo","alto","medio","alto","medio","alto","alto","alto","alto","alto"
2708353,201502,2015-02-01,2015,"02",85.7142857142857,57.1428571428571,28.5714285714286,"IFF FIOCRUZ","ADMINISTRACAO PUBLICA","M","SUL","baixo","alto","alto","alto","medio","alto","alto","alto","alto","alto"
2708353,201503,2015-03-01,2015,"03",30.9278350515464,30.9278350515464,0,"IFF FIOCRUZ","ADMINISTRACAO PUBLICA","M","SUL","baixo","alto","medio","alto","baixo","alto","alto","alto","alto","medio"
2708353,201504,2015-04-01,2015,"04",48.1927710843374,36.144578313253,12.0481927710843,"IFF FIOCRUZ","ADMINISTRACAO PUBLICA","M","SUL","baixo","alto","medio","alto","baixo","alto","alto","alto","alto","alto"
2708353,201505,2015-05-01,2015,"05",37.3831775700935,18.6915887850467,18.6915887850467,"IFF FIOCRUZ","ADMINISTRACAO PUBLICA","M","SUL","baixo","alto","baixo","alto","medio","medio","alto","alto","alto","alto"
2708353,201506,2015-06-01,2015,"06",65.9340659340659,65.9340659340659,0,"IFF FIOCRUZ","ADMINISTRACAO PUBLICA","M","SUL","baixo","alto","medio","alto","medio","alto","alto","alto","alto","medio"
2708353,201507,2015-07-01,2015,"07",85.1063829787234,63.8297872340425,21.2765957446809,"IFF FIOCRUZ","ADMINISTRACAO PUBLICA","M","SUL","baixo","alto","medio","alto","medio","alto","alto","alto","alto","alto"
2708353,201508,2015-08-01,2015,"08",50,50,0,"IFF FIOCRUZ","ADMINISTRACAO PUBLICA","M","SUL","baixo","alto","medio","medio","baixo","alto","alto","alto","alto","medio"
2708353,201509,2015-09-01,2015,"09",56.6037735849057,47.1698113207547,9.43396226415094,"IFF FIOCRUZ","ADMINISTRACAO PUBLICA","M","SUL","baixo","alto","baixo","alto","baixo","alto","alto","alto","alto","alto"
2708353,201510,2015-10-01,2015,"10",63.2911392405063,37.9746835443038,25.3164556962025,"IFF FIOCRUZ","ADMINISTRACAO PUBLICA","M","SUL","baixo","alto","medio","alto","baixo","medio","alto","alto","alto","alto"
2708353,201511,2015-11-01,2015,"11",50,37.5,12.5,"IFF FIOCRUZ","ADMINISTRACAO PUBLICA","M","SUL","baixo","alto","medio","alto","baixo","alto","alto","alto","alto","alto"
2708353,201512,2015-12-01,2015,"12",72.289156626506,72.289156626506,0,"IFF FIOCRUZ","ADMINISTRACAO PUBLICA","M","SUL","baixo","alto","medio","alto","baixo","alto","alto","alto","alto","medio"
2708353,201601,2016-01-01,2016,"01",42.2535211267606,42.2535211267606,0,"IFF FIOCRUZ","ADMINISTRACAO PUBLICA","M","SUL","baixo","alto","baixo","alto","baixo","alto","alto","alto","alto","medio"
2708353,201602,2016-02-01,2016,"02",81.3953488372093,69.7674418604651,11.6279069767442,"IFF FIOCRUZ","ADMINISTRACAO PUBLICA","M","SUL","baixo","alto","medio","alto","baixo","alto","alto","alto","alto","alto"
2708353,201603,2016-03-01,2016,"03",57.6923076923077,48.0769230769231,9.61538461538462,"IFF FIOCRUZ","ADMINISTRACAO PUBLICA","M","SUL","baixo","alto","medio","alto","baixo","alto","alto","alto","alto","alto"
2708353,201604,2016-04-01,2016,"04",80,60,20,"IFF FIOCRUZ","ADMINISTRACAO PUBLICA","M","SUL","baixo","alto","medio","alto","medio","alto","alto","alto","alto","alto"
2708353,201605,2016-05-01,2016,"05",53.1914893617021,53.1914893617021,0,"IFF FIOCRUZ","ADMINISTRACAO PUBLICA","M","SUL","baixo","alto","medio","alto","medio","alto","alto","alto","alto","medio"
2708353,201606,2016-06-01,2016,"06",54.3478260869565,43.4782608695652,10.8695652173913,"IFF FIOCRUZ","ADMINISTRACAO PUBLICA","M","SUL","baixo","alto","alto","alto","baixo","alto","alto","alto","alto","alto"
2708353,201607,2016-07-01,2016,"07",23.8095238095238,23.8095238095238,0,"IFF FIOCRUZ","ADMINISTRACAO PUBLICA","M","SUL","baixo","alto","baixo","alto","baixo","alto","alto","alto","alto","medio"
2708353,201608,2016-08-01,2016,"08",161.764705882353,117.647058823529,44.1176470588235,"IFF FIOCRUZ","ADMINISTRACAO PUBLICA","M","SUL","baixo","alto","baixo","alto","baixo","alto","alto","alto","alto","alto"
2708353,201609,2016-09-01,2016,"09",80.6451612903226,80.6451612903226,0,"IFF FIOCRUZ","ADMINISTRACAO PUBLICA","M","SUL","baixo","alto","alto","alto","baixo","alto","alto","alto","alto","medio"
2708353,201610,2016-10-01,2016,"10",0,0,0,"IFF FIOCRUZ","ADMINISTRACAO PUBLICA","M","SUL","baixo","alto","baixo","alto","baixo","alto","alto","baixo","baixo","medio"
2708353,201611,2016-11-01,2016,"11",76.9230769230769,76.9230769230769,0,"IFF FIOCRUZ","ADMINISTRACAO PUBLICA","M","SUL","baixo","alto","medio","alto","medio","alto","alto","alto","alto","medio"
2708353,201612,2016-12-01,2016,"12",86.9565217391304,86.9565217391304,0,"IFF FIOCRUZ","ADMINISTRACAO PUBLICA","M","SUL","baixo","alto","medio","alto","baixo","alto","alto","alto","alto","medio"
2708353,201701,2017-01-01,2017,"01",138.297872340426,127.659574468085,10.6382978723404,"IFF FIOCRUZ","ADMINISTRACAO PUBLICA","M","SUL","baixo","alto","medio","alto","medio","alto","alto","alto","alto","alto"
2708353,201702,2017-02-01,2017,"02",86.4197530864197,49.3827160493827,37.037037037037,"IFF FIOCRUZ","ADMINISTRACAO PUBLICA","M","SUL","baixo","alto","medio","alto","medio","alto","alto","alto","alto","alto"
2708353,201703,2017-03-01,2017,"03",31.5789473684211,31.5789473684211,0,"IFF FIOCRUZ","ADMINISTRACAO PUBLICA","M","SUL","baixo","alto","baixo","alto","baixo","alto","alto","alto","alto","medio"
2708353,201704,2017-04-01,2017,"04",50,40,10,"IFF FIOCRUZ","ADMINISTRACAO PUBLICA","M","SUL","baixo","alto","medio","alto","baixo","alto","alto","alto","alto","alto"
2708353,201705,2017-05-01,2017,"05",45.4545454545455,45.4545454545455,0,"IFF FIOCRUZ","ADMINISTRACAO PUBLICA","M","SUL","baixo","alto","medio","alto","baixo","alto","alto","alto","alto","medio"
2708353,201706,2017-06-01,2017,"06",80.8080808080808,80.8080808080808,0,"IFF FIOCRUZ","ADMINISTRACAO PUBLICA","M","SUL","baixo","alto","medio","alto","medio","alto","alto","alto","alto","medio"
2708353,201707,2017-07-01,2017,"07",50.6329113924051,37.9746835443038,12.6582278481013,"IFF FIOCRUZ","ADMINISTRACAO PUBLICA","M","SUL","baixo","alto","baixo","alto","baixo","alto","alto","alto","alto","alto"
2708353,201708,2017-08-01,2017,"08",52.0833333333333,52.0833333333333,0,"IFF FIOCRUZ","ADMINISTRACAO PUBLICA","M","SUL","baixo","alto","medio","alto","baixo","alto","alto","alto","alto","medio"
2708353,201709,2017-09-01,2017,"09",82.1917808219178,68.4931506849315,13.6986301369863,"IFF FIOCRUZ","ADMINISTRACAO PUBLICA","M","SUL","baixo","alto","medio","medio","medio","alto","alto","alto","alto","alto"
2708353,201710,2017-10-01,2017,"10",65.7894736842105,52.6315789473684,13.1578947368421,"IFF FIOCRUZ","ADMINISTRACAO PUBLICA","M","SUL","baixo","alto","medio","alto","baixo","alto","alto","alto","alto","alto"
2708353,201711,2017-11-01,2017,"11",26.6666666666667,13.3333333333333,13.3333333333333,"IFF FIOCRUZ","ADMINISTRACAO PUBLICA","M","SUL","baixo","alto","baixo","alto","baixo","medio","alto","alto","alto","alto"
2708353,201712,2017-12-01,2017,"12",19.4174757281553,19.4174757281553,0,"IFF FIOCRUZ","ADMINISTRACAO PUBLICA","M","SUL","baixo","alto","baixo","alto","medio","alto","alto","alto","alto","medio"
2758091,200601,2006-01-01,2006,"01",0,0,0,"SESDEC HOSPITAL ESTADUAL PEDRO II","ADMINISTRACAO PUBLICA","M","OESTE","medio","baixo","medio","baixo","alto","medio","baixo","baixo","baixo","medio"
2758091,200602,2006-02-01,2006,"02",15.3256704980843,7.66283524904215,7.66283524904215,"SESDEC HOSPITAL ESTADUAL PEDRO II","ADMINISTRACAO PUBLICA","M","OESTE","medio","baixo","medio","medio","alto","alto","baixo","alto","medio","alto"
2758091,200603,2006-03-01,2006,"03",8.79765395894428,2.93255131964809,5.86510263929619,"SESDEC HOSPITAL ESTADUAL PEDRO II","ADMINISTRACAO PUBLICA","M","OESTE","medio","baixo","alto","baixo","alto","alto","baixo","medio","medio","alto"
2758091,200604,2006-04-01,2006,"04",0,0,0,"SESDEC HOSPITAL ESTADUAL PEDRO II","ADMINISTRACAO PUBLICA","M","OESTE","alto","baixo","alto","baixo","alto","alto","baixo","baixo","baixo","medio"
2758091,200605,2006-05-01,2006,"05",2.46913580246914,2.46913580246914,0,"SESDEC HOSPITAL ESTADUAL PEDRO II","ADMINISTRACAO PUBLICA","M","OESTE","alto","baixo","alto","baixo","alto","baixo","baixo","baixo","medio","medio"
2758091,200606,2006-06-01,2006,"06",12.0481927710843,6.02409638554217,6.02409638554217,"SESDEC HOSPITAL ESTADUAL PEDRO II","ADMINISTRACAO PUBLICA","M","OESTE","medio","baixo","alto","baixo","alto","medio","baixo","alto","medio","alto"
2758091,200607,2006-07-01,2006,"07",0,0,0,"SESDEC HOSPITAL ESTADUAL PEDRO II","ADMINISTRACAO PUBLICA","M","OESTE","medio","baixo","alto","medio","alto","baixo","baixo","baixo","baixo","medio"
2758091,200608,2006-08-01,2006,"08",8.21917808219178,2.73972602739726,5.47945205479452,"SESDEC HOSPITAL ESTADUAL PEDRO II","ADMINISTRACAO PUBLICA","M","OESTE","alto","baixo","alto","baixo","alto","medio","baixo","medio","medio","alto"
2758091,200609,2006-09-01,2006,"09",0,0,0,"SESDEC HOSPITAL ESTADUAL PEDRO II","ADMINISTRACAO PUBLICA","M","OESTE","medio","baixo","alto","baixo","alto","medio","baixo","baixo","baixo","medio"
2758091,200610,2006-10-01,2006,"10",6.43086816720257,6.43086816720257,0,"SESDEC HOSPITAL ESTADUAL PEDRO II","ADMINISTRACAO PUBLICA","M","OESTE","medio","baixo","alto","baixo","alto","alto","baixo","medio","medio","medio"
2758091,200611,2006-11-01,2006,"11",11.3636363636364,5.68181818181818,5.68181818181818,"SESDEC HOSPITAL ESTADUAL PEDRO II","ADMINISTRACAO PUBLICA","M","OESTE","medio","baixo","alto","baixo","alto","alto","baixo","alto","medio","alto"
2758091,200612,2006-12-01,2006,"12",3.66300366300366,3.66300366300366,0,"SESDEC HOSPITAL ESTADUAL PEDRO II","ADMINISTRACAO PUBLICA","M","OESTE","medio","baixo","alto","baixo","alto","baixo","baixo","medio","medio","medio"
2758091,200701,2007-01-01,2007,"01",2.60416666666667,2.60416666666667,0,"SESDEC HOSPITAL ESTADUAL PEDRO II","ADMINISTRACAO PUBLICA","M","OESTE","alto","baixo","alto",NA,"alto","baixo","baixo","baixo","medio","medio"
2758091,200702,2007-02-01,2007,"02",5.08905852417303,2.54452926208651,2.54452926208651,"SESDEC HOSPITAL ESTADUAL PEDRO II","ADMINISTRACAO PUBLICA","M","OESTE","alto","baixo","alto",NA,"alto","baixo","baixo","medio","medio","alto"
2758091,200703,2007-03-01,2007,"03",7.8125,5.20833333333333,2.60416666666667,"SESDEC HOSPITAL ESTADUAL PEDRO II","ADMINISTRACAO PUBLICA","M","OESTE","alto","baixo","alto",NA,"alto","medio","baixo","medio","medio","alto"
2758091,200704,2007-04-01,2007,"04",5.08905852417303,5.08905852417303,0,"SESDEC HOSPITAL ESTADUAL PEDRO II","ADMINISTRACAO PUBLICA","M","OESTE","alto","baixo","alto",NA,"alto","baixo","baixo","medio","medio","medio"
2758091,200705,2007-05-01,2007,"05",12.1951219512195,9.14634146341463,3.04878048780488,"SESDEC HOSPITAL ESTADUAL PEDRO II","ADMINISTRACAO PUBLICA","M","OESTE","medio","baixo","alto",NA,"alto","baixo","baixo","alto","alto","alto"
2758091,200706,2007-06-01,2007,"06",2.94117647058824,0,2.94117647058824,"SESDEC HOSPITAL ESTADUAL PEDRO II","ADMINISTRACAO PUBLICA","M","OESTE","medio","baixo","alto",NA,"alto","medio","baixo","baixo","baixo","alto"
2758091,200707,2007-07-01,2007,"07",0,0,0,"SESDEC HOSPITAL ESTADUAL PEDRO II","ADMINISTRACAO PUBLICA","M","OESTE","medio","baixo","alto",NA,"alto","medio","baixo","baixo","baixo","medio"
2758091,200708,2007-08-01,2007,"08",6.00600600600601,3.003003003003,3.003003003003,"SESDEC HOSPITAL ESTADUAL PEDRO II","ADMINISTRACAO PUBLICA","M","OESTE","medio","baixo","medio",NA,"alto","medio","baixo","medio","medio","alto"
2758091,200709,2007-09-01,2007,"09",3.84615384615385,3.84615384615385,0,"SESDEC HOSPITAL ESTADUAL PEDRO II","ADMINISTRACAO PUBLICA","M","OESTE","medio","baixo","alto",NA,"alto","alto","baixo","medio","medio","medio"
2758091,200710,2007-10-01,2007,"10",3.23624595469256,3.23624595469256,0,"SESDEC HOSPITAL ESTADUAL PEDRO II","ADMINISTRACAO PUBLICA","M","OESTE","medio","baixo","alto",NA,"alto","medio","baixo","baixo","medio","medio"
2758091,200711,2007-11-01,2007,"11",10.8303249097473,10.8303249097473,0,"SESDEC HOSPITAL ESTADUAL PEDRO II","ADMINISTRACAO PUBLICA","M","OESTE","medio","baixo","alto",NA,"alto","medio","baixo","medio","alto","medio"
2758091,200712,2007-12-01,2007,"12",12.4223602484472,9.3167701863354,3.1055900621118,"SESDEC HOSPITAL ESTADUAL PEDRO II","ADMINISTRACAO PUBLICA","M","OESTE","medio","baixo","alto",NA,"alto","medio","baixo","alto","alto","alto"
2758091,200801,2008-01-01,2008,"01",16.7597765363128,11.1731843575419,5.58659217877095,"SESDEC HOSPITAL ESTADUAL PEDRO II","ADMINISTRACAO PUBLICA","M","OESTE","alto","baixo","alto","baixo","alto","medio","baixo","alto","alto","alto"
2758091,200802,2008-02-01,2008,"02",11.5273775216138,8.64553314121038,2.88184438040346,"SESDEC HOSPITAL ESTADUAL PEDRO II","ADMINISTRACAO PUBLICA","M","OESTE","alto","baixo","alto","baixo","alto","medio","baixo","alto","alto","alto"
2758091,200803,2008-03-01,2008,"03",5.20833333333333,2.60416666666667,2.60416666666667,"SESDEC HOSPITAL ESTADUAL PEDRO II","ADMINISTRACAO PUBLICA","M","OESTE","alto","medio","alto","baixo","alto","medio","baixo","medio","medio","alto"
2758091,200804,2008-04-01,2008,"04",13.3689839572193,8.02139037433155,5.3475935828877,"SESDEC HOSPITAL ESTADUAL PEDRO II","ADMINISTRACAO PUBLICA","M","OESTE","alto","baixo","alto","baixo","medio","medio","baixo","alto","medio","alto"
2758091,200805,2008-05-01,2008,"05",5.20833333333333,5.20833333333333,0,"SESDEC HOSPITAL ESTADUAL PEDRO II","ADMINISTRACAO PUBLICA","M","OESTE","alto","baixo","alto","baixo","medio","medio","baixo","medio","medio","medio"
2758091,200806,2008-06-01,2008,"06",5.30503978779841,2.6525198938992,2.6525198938992,"SESDEC HOSPITAL ESTADUAL PEDRO II","ADMINISTRACAO PUBLICA","M","OESTE","alto","baixo","alto","baixo","alto","baixo","baixo","medio","medio","alto"
2758091,200807,2008-07-01,2008,"07",18.1347150259067,12.9533678756477,5.18134715025907,"SESDEC HOSPITAL ESTADUAL PEDRO II","ADMINISTRACAO PUBLICA","M","OESTE","alto","baixo","alto","baixo","alto","alto","baixo","alto","alto","alto"
2758091,200808,2008-08-01,2008,"08",8.28729281767956,5.52486187845304,2.76243093922652,"SESDEC HOSPITAL ESTADUAL PEDRO II","ADMINISTRACAO PUBLICA","M","OESTE","alto","baixo","alto","baixo","medio","baixo","baixo","medio","medio","alto"
2758091,200809,2008-09-01,2008,"09",5.37634408602151,0,5.37634408602151,"SESDEC HOSPITAL ESTADUAL PEDRO II","ADMINISTRACAO PUBLICA","M","OESTE","alto","baixo","medio","medio","medio","medio","baixo","medio","baixo","alto"
2758091,200810,2008-10-01,2008,"10",7.5187969924812,5.0125313283208,2.5062656641604,"SESDEC HOSPITAL ESTADUAL PEDRO II","ADMINISTRACAO PUBLICA","M","OESTE","alto","baixo","medio","baixo","alto","baixo","baixo","medio","medio","alto"
2758091,200811,2008-11-01,2008,"11",9.7799511002445,7.33496332518337,2.44498777506112,"SESDEC HOSPITAL ESTADUAL PEDRO II","ADMINISTRACAO PUBLICA","M","OESTE","alto","baixo","medio","baixo","alto","medio","baixo","medio","medio","alto"
2758091,200812,2008-12-01,2008,"12",14.8514851485149,4.95049504950495,9.9009900990099,"SESDEC HOSPITAL ESTADUAL PEDRO II","ADMINISTRACAO PUBLICA","M","OESTE","alto","baixo","alto","baixo","alto","medio","baixo","alto","medio","alto"
2758091,200901,2009-01-01,2009,"01",15.3061224489796,10.2040816326531,5.10204081632653,"SESDEC HOSPITAL ESTADUAL PEDRO II","ADMINISTRACAO PUBLICA","M","OESTE","alto","baixo","alto",NA,"alto","baixo","baixo","alto","alto","alto"
2758091,200902,2009-02-01,2009,"02",8.06451612903226,8.06451612903226,0,"SESDEC HOSPITAL ESTADUAL PEDRO II","ADMINISTRACAO PUBLICA","M","OESTE","medio","baixo","medio",NA,"alto","alto","baixo","medio","medio","medio"
2758091,200903,2009-03-01,2009,"03",6.23052959501558,3.11526479750779,3.11526479750779,"SESDEC HOSPITAL ESTADUAL PEDRO II","ADMINISTRACAO PUBLICA","M","OESTE","medio","baixo","baixo",NA,"alto","medio","baixo","medio","medio","alto"
2758091,200904,2009-04-01,2009,"04",7.85340314136126,7.85340314136126,0,"SESDEC HOSPITAL ESTADUAL PEDRO II","ADMINISTRACAO PUBLICA","M","OESTE","alto","baixo","alto",NA,"alto","medio","baixo","medio","medio","medio"
2758091,200905,2009-05-01,2009,"05",2.58397932816537,2.58397932816537,0,"SESDEC HOSPITAL ESTADUAL PEDRO II","ADMINISTRACAO PUBLICA","M","OESTE","alto","baixo","alto",NA,"alto","medio","baixo","baixo","medio","medio"
2758091,200906,2009-06-01,2009,"06",7.59493670886076,2.53164556962025,5.06329113924051,"SESDEC HOSPITAL ESTADUAL PEDRO II","ADMINISTRACAO PUBLICA","M","OESTE","alto","baixo","alto",NA,"alto","medio","baixo","medio","medio","alto"
2758091,200907,2009-07-01,2009,"07",0,0,0,"SESDEC HOSPITAL ESTADUAL PEDRO II","ADMINISTRACAO PUBLICA","M","OESTE","alto","baixo","alto",NA,"alto","baixo","baixo","baixo","baixo","medio"
2758091,200908,2009-08-01,2009,"08",8.69565217391304,5.79710144927536,2.89855072463768,"SESDEC HOSPITAL ESTADUAL PEDRO II","ADMINISTRACAO PUBLICA","M","OESTE","medio","baixo","medio",NA,"alto","medio","baixo","medio","medio","alto"
2758091,200909,2009-09-01,2009,"09",12.6582278481013,12.6582278481013,0,"SESDEC HOSPITAL ESTADUAL PEDRO II","ADMINISTRACAO PUBLICA","M","OESTE","alto","baixo","medio",NA,"alto","alto","baixo","alto","alto","medio"
2758091,200910,2009-10-01,2009,"10",6.80272108843537,6.80272108843537,0,"SESDEC HOSPITAL ESTADUAL PEDRO II","ADMINISTRACAO PUBLICA","M","OESTE","medio","baixo","alto",NA,"alto","medio","baixo","medio","medio","medio"
2758091,200911,2009-11-01,2009,"11",5.15463917525773,5.15463917525773,0,"SESDEC HOSPITAL ESTADUAL PEDRO II","ADMINISTRACAO PUBLICA","M","OESTE","medio","medio","alto",NA,"alto","alto","baixo","medio","medio","medio"
2758091,200912,2009-12-01,2009,"12",10.8695652173913,10.8695652173913,0,"SESDEC HOSPITAL ESTADUAL PEDRO II","ADMINISTRACAO PUBLICA","M","OESTE","alto","baixo","alto",NA,"alto","medio","baixo","medio","alto","medio"
2758091,201001,2010-01-01,2010,"01",5,5,0,"SESDEC HOSPITAL ESTADUAL PEDRO II","ADMINISTRACAO PUBLICA","M","OESTE","alto","medio","alto",NA,"alto","medio","baixo","medio","medio","medio"
2758091,201002,2010-02-01,2010,"02",7.61421319796954,7.61421319796954,0,"SESDEC HOSPITAL ESTADUAL PEDRO II","ADMINISTRACAO PUBLICA","M","OESTE","alto","baixo","alto",NA,"alto","baixo","baixo","medio","medio","medio"
2758091,201003,2010-03-01,2010,"03",10.126582278481,7.59493670886076,2.53164556962025,"SESDEC HOSPITAL ESTADUAL PEDRO II","ADMINISTRACAO PUBLICA","M","OESTE","alto","baixo","alto",NA,"medio","medio","baixo","medio","medio","alto"
2758091,201004,2010-04-01,2010,"04",8.26446280991736,5.50964187327824,2.75482093663912,"SESDEC HOSPITAL ESTADUAL PEDRO II","ADMINISTRACAO PUBLICA","M","OESTE","alto","baixo","alto",NA,"alto","baixo","baixo","medio","medio","alto"
2758091,201005,2010-05-01,2010,"05",2.51889168765743,2.51889168765743,0,"SESDEC HOSPITAL ESTADUAL PEDRO II","ADMINISTRACAO PUBLICA","M","OESTE","alto","baixo","alto",NA,"alto","medio","baixo","baixo","medio","medio"
2758091,201006,2010-06-01,2010,"06",8.26446280991736,5.50964187327824,2.75482093663912,"SESDEC HOSPITAL ESTADUAL PEDRO II","ADMINISTRACAO PUBLICA","M","OESTE","alto","baixo","alto",NA,"alto","baixo","baixo","medio","medio","alto"
2758091,201007,2010-07-01,2010,"07",8.21917808219178,8.21917808219178,0,"SESDEC HOSPITAL ESTADUAL PEDRO II","ADMINISTRACAO PUBLICA","M","OESTE","alto","baixo","alto",NA,"alto","baixo","baixo","medio","medio","medio"
2758091,201008,2010-08-01,2010,"08",11.1731843575419,11.1731843575419,0,"SESDEC HOSPITAL ESTADUAL PEDRO II","ADMINISTRACAO PUBLICA","M","OESTE","alto","baixo","alto",NA,"alto","medio","baixo","medio","alto","medio"
2758091,201009,2010-09-01,2010,"09",6.68896321070234,3.34448160535117,3.34448160535117,"SESDEC HOSPITAL ESTADUAL PEDRO II","ADMINISTRACAO PUBLICA","M","OESTE","medio","baixo","alto",NA,"alto","baixo","baixo","medio","medio","alto"
2758091,201010,2010-10-01,2010,"10",0,0,0,"SESDEC HOSPITAL ESTADUAL PEDRO II","ADMINISTRACAO PUBLICA","M","OESTE","medio","baixo","alto",NA,"alto","baixo","baixo","baixo","baixo","medio"
2758091,201207,2012-07-01,2012,"07",0,0,0,"SESDEC HOSPITAL ESTADUAL PEDRO II","ADMINISTRACAO PUBLICA","M","OESTE","baixo","baixo","baixo",NA,"baixo","baixo","alto","baixo","baixo","medio"
2814188,200601,2006-01-01,2006,"01",0,0,0,"PERINATAL LARANJEIRAS CASA DE SAUDE LARANJEIRAS","ENTIDADES EMPRESARIAIS","E","SUL","alto","alto","baixo","alto","baixo","baixo","alto","baixo","baixo","medio"
2814188,200602,2006-02-01,2006,"02",2.77008310249307,2.77008310249307,0,"PERINATAL LARANJEIRAS CASA DE SAUDE LARANJEIRAS","ENTIDADES EMPRESARIAIS","E","SUL","alto","medio","baixo","alto","baixo","baixo","alto","baixo","medio","medio"
2814188,200603,2006-03-01,2006,"03",0,0,0,"PERINATAL LARANJEIRAS CASA DE SAUDE LARANJEIRAS","ENTIDADES EMPRESARIAIS","E","SUL","alto","baixo","baixo","alto","baixo","baixo","alto","baixo","baixo","medio"
2814188,200604,2006-04-01,2006,"04",0,0,0,"PERINATAL LARANJEIRAS CASA DE SAUDE LARANJEIRAS","ENTIDADES EMPRESARIAIS","E","SUL","alto","medio","baixo","alto","baixo","baixo","alto","baixo","baixo","medio"
2814188,200605,2006-05-01,2006,"05",9.00900900900901,2.25225225225225,6.75675675675676,"PERINATAL LARANJEIRAS CASA DE SAUDE LARANJEIRAS","ENTIDADES EMPRESARIAIS","E","SUL","alto","baixo","baixo","alto","baixo","baixo","alto","medio","medio","alto"
2814188,200606,2006-06-01,2006,"06",2.19298245614035,0,2.19298245614035,"PERINATAL LARANJEIRAS CASA DE SAUDE LARANJEIRAS","ENTIDADES EMPRESARIAIS","E","SUL","alto","baixo","baixo","alto","baixo","baixo","alto","baixo","baixo","medio"
2814188,200607,2006-07-01,2006,"07",0,0,0,"PERINATAL LARANJEIRAS CASA DE SAUDE LARANJEIRAS","ENTIDADES EMPRESARIAIS","E","SUL","alto","baixo","baixo","alto","baixo","medio","alto","baixo","baixo","medio"
2814188,200608,2006-08-01,2006,"08",2.36406619385343,2.36406619385343,0,"PERINATAL LARANJEIRAS CASA DE SAUDE LARANJEIRAS","ENTIDADES EMPRESARIAIS","E","SUL","alto","medio","baixo","alto","baixo","baixo","alto","baixo","medio","medio"
2814188,200609,2006-09-01,2006,"09",2.21729490022173,2.21729490022173,0,"PERINATAL LARANJEIRAS CASA DE SAUDE LARANJEIRAS","ENTIDADES EMPRESARIAIS","E","SUL","alto","baixo","baixo","alto","baixo","baixo","alto","baixo","medio","medio"
2814188,200610,2006-10-01,2006,"10",2.23214285714286,0,2.23214285714286,"PERINATAL LARANJEIRAS CASA DE SAUDE LARANJEIRAS","ENTIDADES EMPRESARIAIS","E","SUL","alto","medio","baixo","alto","baixo","baixo","alto","baixo","baixo","medio"
2814188,200611,2006-11-01,2006,"11",2.42130750605327,2.42130750605327,0,"PERINATAL LARANJEIRAS CASA DE SAUDE LARANJEIRAS","ENTIDADES EMPRESARIAIS","E","SUL","alto","medio","baixo","alto","baixo","baixo","alto","baixo","medio","medio"
2814188,200612,2006-12-01,2006,"12",2.42130750605327,2.42130750605327,0,"PERINATAL LARANJEIRAS CASA DE SAUDE LARANJEIRAS","ENTIDADES EMPRESARIAIS","E","SUL","alto","medio","baixo","alto","baixo","medio","alto","baixo","medio","medio"
2814188,200701,2007-01-01,2007,"01",2.42718446601942,2.42718446601942,0,"PERINATAL LARANJEIRAS CASA DE SAUDE LARANJEIRAS","ENTIDADES EMPRESARIAIS","E","SUL","alto","medio","baixo",NA,"baixo","baixo","alto","baixo","medio","medio"
2814188,200702,2007-02-01,2007,"02",2.54452926208651,2.54452926208651,0,"PERINATAL LARANJEIRAS CASA DE SAUDE LARANJEIRAS","ENTIDADES EMPRESARIAIS","E","SUL","alto","baixo","baixo",NA,"baixo","baixo","alto","baixo","medio","medio"
2814188,200703,2007-03-01,2007,"03",4.34782608695652,4.34782608695652,0,"PERINATAL LARANJEIRAS CASA DE SAUDE LARANJEIRAS","ENTIDADES EMPRESARIAIS","E","SUL","alto","medio","baixo",NA,"baixo","baixo","alto","medio","medio","medio"
2814188,200704,2007-04-01,2007,"04",4.69483568075117,4.69483568075117,0,"PERINATAL LARANJEIRAS CASA DE SAUDE LARANJEIRAS","ENTIDADES EMPRESARIAIS","E","SUL","alto","medio","baixo",NA,"baixo","baixo","alto","medio","medio","medio"
2814188,200705,2007-05-01,2007,"05",2.31481481481481,2.31481481481481,0,"PERINATAL LARANJEIRAS CASA DE SAUDE LARANJEIRAS","ENTIDADES EMPRESARIAIS","E","SUL","alto","medio","baixo",NA,"baixo","baixo","alto","baixo","medio","medio"
2814188,200706,2007-06-01,2007,"06",4.85436893203883,2.42718446601942,2.42718446601942,"PERINATAL LARANJEIRAS CASA DE SAUDE LARANJEIRAS","ENTIDADES EMPRESARIAIS","E","SUL","alto","medio","baixo",NA,"baixo","baixo","alto","medio","medio","alto"
2814188,200707,2007-07-01,2007,"07",6.72645739910314,2.24215246636771,4.48430493273543,"PERINATAL LARANJEIRAS CASA DE SAUDE LARANJEIRAS","ENTIDADES EMPRESARIAIS","E","SUL","alto","medio","baixo",NA,"baixo","baixo","alto","medio","medio","alto"
2814188,200708,2007-08-01,2007,"08",6.88073394495413,4.58715596330275,2.29357798165138,"PERINATAL LARANJEIRAS CASA DE SAUDE LARANJEIRAS","ENTIDADES EMPRESARIAIS","E","SUL","alto","medio","baixo",NA,"baixo","baixo","alto","medio","medio","alto"
2814188,200709,2007-09-01,2007,"09",4.68384074941452,2.34192037470726,2.34192037470726,"PERINATAL LARANJEIRAS CASA DE SAUDE LARANJEIRAS","ENTIDADES EMPRESARIAIS","E","SUL","alto","baixo","baixo",NA,"baixo","baixo","alto","medio","medio","alto"
2814188,200710,2007-10-01,2007,"10",4.64037122969838,4.64037122969838,0,"PERINATAL LARANJEIRAS CASA DE SAUDE LARANJEIRAS","ENTIDADES EMPRESARIAIS","E","SUL","alto","baixo","baixo",NA,"baixo","baixo","alto","medio","medio","medio"
2814188,200711,2007-11-01,2007,"11",7.83289817232376,5.22193211488251,2.61096605744125,"PERINATAL LARANJEIRAS CASA DE SAUDE LARANJEIRAS","ENTIDADES EMPRESARIAIS","E","SUL","alto","medio","baixo",NA,"baixo","baixo","alto","medio","medio","alto"
2814188,200712,2007-12-01,2007,"12",2.63157894736842,2.63157894736842,0,"PERINATAL LARANJEIRAS CASA DE SAUDE LARANJEIRAS","ENTIDADES EMPRESARIAIS","E","SUL","alto","medio","baixo",NA,"baixo","baixo","alto","baixo","medio","medio"
2814188,200801,2008-01-01,2008,"01",8.86917960088692,4.43458980044346,4.43458980044346,"PERINATAL LARANJEIRAS CASA DE SAUDE LARANJEIRAS","ENTIDADES EMPRESARIAIS","E","SUL","alto","medio","baixo","alto","baixo","baixo","alto","medio","medio","alto"
2814188,200802,2008-02-01,2008,"02",2.89855072463768,0,2.89855072463768,"PERINATAL LARANJEIRAS CASA DE SAUDE LARANJEIRAS","ENTIDADES EMPRESARIAIS","E","SUL","medio","medio","baixo","alto","baixo","medio","alto","baixo","baixo","alto"
2814188,200803,2008-03-01,2008,"03",4.78468899521531,4.78468899521531,0,"PERINATAL LARANJEIRAS CASA DE SAUDE LARANJEIRAS","ENTIDADES EMPRESARIAIS","E","SUL","alto","medio","baixo","alto","baixo","baixo","alto","medio","medio","medio"
2814188,200804,2008-04-01,2008,"04",0,0,0,"PERINATAL LARANJEIRAS CASA DE SAUDE LARANJEIRAS","ENTIDADES EMPRESARIAIS","E","SUL","alto","medio","baixo","alto","baixo","baixo","alto","baixo","baixo","medio"
2814188,200805,2008-05-01,2008,"05",6.6815144766147,4.4543429844098,2.2271714922049,"PERINATAL LARANJEIRAS CASA DE SAUDE LARANJEIRAS","ENTIDADES EMPRESARIAIS","E","SUL","alto","medio","baixo","alto","baixo","medio","alto","medio","medio","medio"
2814188,200806,2008-06-01,2008,"06",0,0,0,"PERINATAL LARANJEIRAS CASA DE SAUDE LARANJEIRAS","ENTIDADES EMPRESARIAIS","E","SUL","alto","medio","baixo","alto","baixo","baixo","alto","baixo","baixo","medio"
2814188,200807,2008-07-01,2008,"07",0,0,0,"PERINATAL LARANJEIRAS CASA DE SAUDE LARANJEIRAS","ENTIDADES EMPRESARIAIS","E","SUL","alto","medio","baixo","alto","baixo","baixo","alto","baixo","baixo","medio"
2814188,200808,2008-08-01,2008,"08",0,0,0,"PERINATAL LARANJEIRAS CASA DE SAUDE LARANJEIRAS","ENTIDADES EMPRESARIAIS","E","SUL","alto","medio","baixo","alto","baixo","baixo","alto","baixo","baixo","medio"
2814188,200809,2008-09-01,2008,"09",2.19298245614035,2.19298245614035,0,"PERINATAL LARANJEIRAS CASA DE SAUDE LARANJEIRAS","ENTIDADES EMPRESARIAIS","E","SUL","alto","baixo","baixo","alto","baixo","medio","alto","baixo","medio","medio"
2814188,200810,2008-10-01,2008,"10",2.04918032786885,2.04918032786885,0,"PERINATAL LARANJEIRAS CASA DE SAUDE LARANJEIRAS","ENTIDADES EMPRESARIAIS","E","SUL","alto","medio","baixo","alto","baixo","baixo","alto","baixo","medio","medio"
2814188,200811,2008-11-01,2008,"11",0,0,0,"PERINATAL LARANJEIRAS CASA DE SAUDE LARANJEIRAS","ENTIDADES EMPRESARIAIS","E","SUL","alto","alto","baixo","alto","baixo","medio","alto","baixo","baixo","medio"
2814188,200812,2008-12-01,2008,"12",2.12314225053079,0,2.12314225053079,"PERINATAL LARANJEIRAS CASA DE SAUDE LARANJEIRAS","ENTIDADES EMPRESARIAIS","E","SUL","alto","alto","baixo","alto","baixo","medio","alto","baixo","baixo","medio"
2814188,200901,2009-01-01,2009,"01",2.32018561484919,2.32018561484919,0,"PERINATAL LARANJEIRAS CASA DE SAUDE LARANJEIRAS","ENTIDADES EMPRESARIAIS","E","SUL","alto","baixo","baixo",NA,"baixo","baixo","alto","baixo","medio","medio"
2814188,200902,2009-02-01,2009,"02",2.94117647058824,0,2.94117647058824,"PERINATAL LARANJEIRAS CASA DE SAUDE LARANJEIRAS","ENTIDADES EMPRESARIAIS","E","SUL","medio","alto","baixo",NA,"baixo","baixo","alto","baixo","baixo","alto"
2814188,200903,2009-03-01,2009,"03",7.63358778625954,7.63358778625954,0,"PERINATAL LARANJEIRAS CASA DE SAUDE LARANJEIRAS","ENTIDADES EMPRESARIAIS","E","SUL","alto","medio","baixo",NA,"baixo","baixo","alto","medio","medio","medio"
2814188,200904,2009-04-01,2009,"04",5.39083557951483,2.69541778975741,2.69541778975741,"PERINATAL LARANJEIRAS CASA DE SAUDE LARANJEIRAS","ENTIDADES EMPRESARIAIS","E","SUL","alto","medio","baixo",NA,"baixo","baixo","alto","medio","medio","alto"
2814188,200905,2009-05-01,2009,"05",13.6239782016349,13.6239782016349,0,"PERINATAL LARANJEIRAS CASA DE SAUDE LARANJEIRAS","ENTIDADES EMPRESARIAIS","E","SUL","alto","alto","baixo",NA,"baixo","medio","alto","alto","alto","medio"
2814188,200906,2009-06-01,2009,"06",5.71428571428571,2.85714285714286,2.85714285714286,"PERINATAL LARANJEIRAS CASA DE SAUDE LARANJEIRAS","ENTIDADES EMPRESARIAIS","E","SUL","alto","medio","baixo",NA,"baixo","baixo","alto","medio","medio","alto"
2814188,200907,2009-07-01,2009,"07",5.26315789473684,5.26315789473684,0,"PERINATAL LARANJEIRAS CASA DE SAUDE LARANJEIRAS","ENTIDADES EMPRESARIAIS","E","SUL","alto","medio","baixo",NA,"baixo","baixo","alto","medio","medio","medio"
2814188,200908,2009-08-01,2009,"08",5.39083557951483,2.69541778975741,2.69541778975741,"PERINATAL LARANJEIRAS CASA DE SAUDE LARANJEIRAS","ENTIDADES EMPRESARIAIS","E","SUL","alto","alto","baixo",NA,"baixo","baixo","alto","medio","medio","alto"
2814188,200909,2009-09-01,2009,"09",0,0,0,"PERINATAL LARANJEIRAS CASA DE SAUDE LARANJEIRAS","ENTIDADES EMPRESARIAIS","E","SUL","alto","medio","baixo",NA,"baixo","baixo","alto","baixo","baixo","medio"
2814188,200910,2009-10-01,2009,"10",5.73065902578797,5.73065902578797,0,"PERINATAL LARANJEIRAS CASA DE SAUDE LARANJEIRAS","ENTIDADES EMPRESARIAIS","E","SUL","alto","medio","baixo",NA,"baixo","medio","alto","medio","medio","medio"
2814188,200911,2009-11-01,2009,"11",3.125,3.125,0,"PERINATAL LARANJEIRAS CASA DE SAUDE LARANJEIRAS","ENTIDADES EMPRESARIAIS","E","SUL","medio","medio","baixo",NA,"baixo","baixo","alto","baixo","medio","medio"
2814188,200912,2009-12-01,2009,"12",8.87573964497041,8.87573964497041,0,"PERINATAL LARANJEIRAS CASA DE SAUDE LARANJEIRAS","ENTIDADES EMPRESARIAIS","E","SUL","medio","medio","baixo",NA,"baixo","medio","alto","medio","alto","medio"
2814188,201001,2010-01-01,2010,"01",9.00900900900901,9.00900900900901,0,"PERINATAL LARANJEIRAS CASA DE SAUDE LARANJEIRAS","ENTIDADES EMPRESARIAIS","E","SUL","medio","medio","baixo",NA,"baixo","medio","alto","medio","alto","medio"
2814188,201002,2010-02-01,2010,"02",6.34920634920635,3.17460317460317,3.17460317460317,"PERINATAL LARANJEIRAS CASA DE SAUDE LARANJEIRAS","ENTIDADES EMPRESARIAIS","E","SUL","medio","alto","baixo",NA,"baixo","baixo","alto","medio","medio","alto"
2814188,201003,2010-03-01,2010,"03",9.66183574879227,7.2463768115942,2.41545893719807,"PERINATAL LARANJEIRAS CASA DE SAUDE LARANJEIRAS","ENTIDADES EMPRESARIAIS","E","SUL","alto","alto","baixo",NA,"baixo","baixo","alto","medio","medio","alto"
2814188,201004,2010-04-01,2010,"04",0,0,0,"PERINATAL LARANJEIRAS CASA DE SAUDE LARANJEIRAS","ENTIDADES EMPRESARIAIS","E","SUL","medio","alto","baixo",NA,"baixo","baixo","alto","baixo","baixo","medio"
2814188,201005,2010-05-01,2010,"05",0,0,0,"PERINATAL LARANJEIRAS CASA DE SAUDE LARANJEIRAS","ENTIDADES EMPRESARIAIS","E","SUL","alto","medio","baixo",NA,"baixo","baixo","alto","baixo","baixo","medio"
2814188,201006,2010-06-01,2010,"06",0,0,0,"PERINATAL LARANJEIRAS CASA DE SAUDE LARANJEIRAS","ENTIDADES EMPRESARIAIS","E","SUL","medio","medio","baixo",NA,"baixo","baixo","alto","baixo","baixo","medio"
2814188,201007,2010-07-01,2010,"07",3.05810397553517,0,3.05810397553517,"PERINATAL LARANJEIRAS CASA DE SAUDE LARANJEIRAS","ENTIDADES EMPRESARIAIS","E","SUL","medio","medio","baixo",NA,"baixo","medio","alto","baixo","baixo","alto"
2814188,201008,2010-08-01,2010,"08",6.30914826498423,0,6.30914826498423,"PERINATAL LARANJEIRAS CASA DE SAUDE LARANJEIRAS","ENTIDADES EMPRESARIAIS","E","SUL","medio","medio","baixo",NA,"baixo","baixo","alto","medio","baixo","alto"
2814188,201009,2010-09-01,2010,"09",3.04878048780488,3.04878048780488,0,"PERINATAL LARANJEIRAS CASA DE SAUDE LARANJEIRAS","ENTIDADES EMPRESARIAIS","E","SUL","medio","alto","baixo",NA,"baixo","baixo","alto","baixo","medio","medio"
2814188,201010,2010-10-01,2010,"10",5.6980056980057,2.84900284900285,2.84900284900285,"PERINATAL LARANJEIRAS CASA DE SAUDE LARANJEIRAS","ENTIDADES EMPRESARIAIS","E","SUL","alto","alto","baixo",NA,"baixo","baixo","alto","medio","medio","alto"
2814188,201011,2010-11-01,2010,"11",3.44827586206897,3.44827586206897,0,"PERINATAL LARANJEIRAS CASA DE SAUDE LARANJEIRAS","ENTIDADES EMPRESARIAIS","E","SUL","medio","alto","baixo",NA,"baixo","medio","alto","baixo","medio","medio"
2814188,201012,2010-12-01,2010,"12",2.77777777777778,2.77777777777778,0,"PERINATAL LARANJEIRAS CASA DE SAUDE LARANJEIRAS","ENTIDADES EMPRESARIAIS","E","SUL","alto","medio","baixo",NA,"baixo","medio","alto","baixo","medio","medio"
2814188,201101,2011-01-01,2011,"01",17.3410404624277,14.4508670520231,2.89017341040462,"PERINATAL LARANJEIRAS CASA DE SAUDE LARANJEIRAS","ENTIDADES EMPRESARIAIS","E","SUL","medio","medio","baixo","alto","baixo","medio","alto","alto","alto","alto"
2814188,201102,2011-02-01,2011,"02",3.19488817891374,3.19488817891374,0,"PERINATAL LARANJEIRAS CASA DE SAUDE LARANJEIRAS","ENTIDADES EMPRESARIAIS","E","SUL","medio","medio","baixo","alto","baixo","baixo","alto","baixo","medio","medio"
2814188,201103,2011-03-01,2011,"03",7.85340314136126,7.85340314136126,0,"PERINATAL LARANJEIRAS CASA DE SAUDE LARANJEIRAS","ENTIDADES EMPRESARIAIS","E","SUL","alto","alto","baixo","alto","baixo","baixo","alto","medio","medio","medio"
2814188,201104,2011-04-01,2011,"04",0,0,0,"PERINATAL LARANJEIRAS CASA DE SAUDE LARANJEIRAS","ENTIDADES EMPRESARIAIS","E","SUL","medio","alto","baixo","alto","baixo","baixo","alto","baixo","baixo","medio"
2814188,201105,2011-05-01,2011,"05",8.79765395894428,8.79765395894428,0,"PERINATAL LARANJEIRAS CASA DE SAUDE LARANJEIRAS","ENTIDADES EMPRESARIAIS","E","SUL","medio","medio","baixo","alto","baixo","medio","alto","medio","alto","medio"
2814188,201106,2011-06-01,2011,"06",2.710027100271,2.710027100271,0,"PERINATAL LARANJEIRAS CASA DE SAUDE LARANJEIRAS","ENTIDADES EMPRESARIAIS","E","SUL","alto","medio","baixo","alto","baixo","baixo","alto","baixo","medio","medio"
2814188,201107,2011-07-01,2011,"07",5.6980056980057,2.84900284900285,2.84900284900285,"PERINATAL LARANJEIRAS CASA DE SAUDE LARANJEIRAS","ENTIDADES EMPRESARIAIS","E","SUL","alto","alto","baixo","alto","baixo","medio","alto","medio","medio","alto"
2814188,201108,2011-08-01,2011,"08",0,0,0,"PERINATAL LARANJEIRAS CASA DE SAUDE LARANJEIRAS","ENTIDADES EMPRESARIAIS","E","SUL","medio","medio","baixo","alto","baixo","baixo","alto","baixo","baixo","medio"
2814188,201109,2011-09-01,2011,"09",8.31024930747922,5.54016620498615,2.77008310249307,"PERINATAL LARANJEIRAS CASA DE SAUDE LARANJEIRAS","ENTIDADES EMPRESARIAIS","E","SUL","alto","medio","baixo","alto","baixo","baixo","alto","medio","medio","alto"
2814188,201110,2011-10-01,2011,"10",2.72479564032698,2.72479564032698,0,"PERINATAL LARANJEIRAS CASA DE SAUDE LARANJEIRAS","ENTIDADES EMPRESARIAIS","E","SUL","alto","medio","baixo","alto","baixo","baixo","alto","baixo","medio","medio"
2814188,201111,2011-11-01,2011,"11",3.24675324675325,3.24675324675325,0,"PERINATAL LARANJEIRAS CASA DE SAUDE LARANJEIRAS","ENTIDADES EMPRESARIAIS","E","SUL","medio","medio","baixo","alto","baixo","baixo","alto","baixo","medio","medio"
2814188,201112,2011-12-01,2011,"12",9.25925925925926,9.25925925925926,0,"PERINATAL LARANJEIRAS CASA DE SAUDE LARANJEIRAS","ENTIDADES EMPRESARIAIS","E","SUL","medio","alto","baixo","alto","baixo","baixo","alto","medio","alto","medio"
2814188,201201,2012-01-01,2012,"01",8.52272727272727,5.68181818181818,2.84090909090909,"PERINATAL LARANJEIRAS CASA DE SAUDE LARANJEIRAS","ENTIDADES EMPRESARIAIS","E","SUL","alto","alto","baixo",NA,"baixo","medio","alto","medio","medio","alto"
2814188,201202,2012-02-01,2012,"02",2.89855072463768,2.89855072463768,0,"PERINATAL LARANJEIRAS CASA DE SAUDE LARANJEIRAS","ENTIDADES EMPRESARIAIS","E","SUL","medio","alto","baixo",NA,"baixo","medio","alto","baixo","medio","medio"
2814188,201203,2012-03-01,2012,"03",2.74725274725275,2.74725274725275,0,"PERINATAL LARANJEIRAS CASA DE SAUDE LARANJEIRAS","ENTIDADES EMPRESARIAIS","E","SUL","alto","alto","baixo",NA,"baixo","baixo","alto","baixo","medio","medio"
2814188,201204,2012-04-01,2012,"04",2.89017341040462,0,2.89017341040462,"PERINATAL LARANJEIRAS CASA DE SAUDE LARANJEIRAS","ENTIDADES EMPRESARIAIS","E","SUL","medio","alto","baixo",NA,"baixo","baixo","alto","baixo","baixo","alto"
2814188,201205,2012-05-01,2012,"05",2.67379679144385,2.67379679144385,0,"PERINATAL LARANJEIRAS CASA DE SAUDE LARANJEIRAS","ENTIDADES EMPRESARIAIS","E","SUL","alto","medio","baixo",NA,"baixo","baixo","alto","baixo","medio","medio"
2814188,201206,2012-06-01,2012,"06",8.92857142857143,5.95238095238095,2.97619047619048,"PERINATAL LARANJEIRAS CASA DE SAUDE LARANJEIRAS","ENTIDADES EMPRESARIAIS","E","SUL","medio","baixo","baixo",NA,"baixo","baixo","alto","medio","medio","alto"
2814188,201207,2012-07-01,2012,"07",5.37634408602151,2.68817204301075,2.68817204301075,"PERINATAL LARANJEIRAS CASA DE SAUDE LARANJEIRAS","ENTIDADES EMPRESARIAIS","E","SUL","alto","medio","baixo",NA,"baixo","medio","alto","medio","medio","alto"
2814188,201208,2012-08-01,2012,"08",0,0,0,"PERINATAL LARANJEIRAS CASA DE SAUDE LARANJEIRAS","ENTIDADES EMPRESARIAIS","E","SUL","alto","medio","baixo",NA,"baixo","baixo","alto","baixo","baixo","medio"
2814188,201209,2012-09-01,2012,"09",5.43478260869565,2.71739130434783,2.71739130434783,"PERINATAL LARANJEIRAS CASA DE SAUDE LARANJEIRAS","ENTIDADES EMPRESARIAIS","E","SUL","alto","medio","baixo",NA,"baixo","baixo","alto","medio","medio","alto"
2814188,201210,2012-10-01,2012,"10",0,0,0,"PERINATAL LARANJEIRAS CASA DE SAUDE LARANJEIRAS","ENTIDADES EMPRESARIAIS","E","SUL","alto","medio","baixo",NA,"baixo","baixo","alto","baixo","baixo","medio"
2814188,201211,2012-11-01,2012,"11",5.49450549450549,5.49450549450549,0,"PERINATAL LARANJEIRAS CASA DE SAUDE LARANJEIRAS","ENTIDADES EMPRESARIAIS","E","SUL","alto","medio","baixo",NA,"baixo","baixo","alto","medio","medio","medio"
2814188,201212,2012-12-01,2012,"12",0,0,0,"PERINATAL LARANJEIRAS CASA DE SAUDE LARANJEIRAS","ENTIDADES EMPRESARIAIS","E","SUL","alto","alto","baixo",NA,"baixo","medio","alto","baixo","baixo","medio"
2814188,201301,2013-01-01,2013,"01",5.84795321637427,2.92397660818713,2.92397660818713,"PERINATAL LARANJEIRAS CASA DE SAUDE LARANJEIRAS","ENTIDADES EMPRESARIAIS","E","SUL","medio","medio","baixo","alto","baixo","baixo","alto","medio","medio","alto"
2814188,201302,2013-02-01,2013,"02",0,0,0,"PERINATAL LARANJEIRAS CASA DE SAUDE LARANJEIRAS","ENTIDADES EMPRESARIAIS","E","SUL","alto","medio","baixo","alto","baixo","baixo","alto","baixo","baixo","medio"
2814188,201303,2013-03-01,2013,"03",2.39234449760766,0,2.39234449760766,"PERINATAL LARANJEIRAS CASA DE SAUDE LARANJEIRAS","ENTIDADES EMPRESARIAIS","E","SUL","alto","medio","baixo","alto","baixo","baixo","alto","baixo","baixo","alto"
2814188,201304,2013-04-01,2013,"04",2.55102040816327,2.55102040816327,0,"PERINATAL LARANJEIRAS CASA DE SAUDE LARANJEIRAS","ENTIDADES EMPRESARIAIS","E","SUL","alto","medio","baixo","alto","baixo","baixo","alto","baixo","medio","medio"
2814188,201305,2013-05-01,2013,"05",2.42130750605327,0,2.42130750605327,"PERINATAL LARANJEIRAS CASA DE SAUDE LARANJEIRAS","ENTIDADES EMPRESARIAIS","E","SUL","alto","alto","baixo","alto","baixo","baixo","alto","baixo","baixo","alto"
2814188,201306,2013-06-01,2013,"06",2.48138957816377,0,2.48138957816377,"PERINATAL LARANJEIRAS CASA DE SAUDE LARANJEIRAS","ENTIDADES EMPRESARIAIS","E","SUL","alto","medio","baixo","alto","baixo","baixo","alto","baixo","baixo","alto"
2814188,201307,2013-07-01,2013,"07",0,0,0,"PERINATAL LARANJEIRAS CASA DE SAUDE LARANJEIRAS","ENTIDADES EMPRESARIAIS","E","SUL","alto","medio","baixo","alto","baixo","baixo","alto","baixo","baixo","medio"
2814188,201308,2013-08-01,2013,"08",2.39234449760766,0,2.39234449760766,"PERINATAL LARANJEIRAS CASA DE SAUDE LARANJEIRAS","ENTIDADES EMPRESARIAIS","E","SUL","alto","alto","baixo","alto","baixo","baixo","alto","baixo","baixo","alto"
2814188,201309,2013-09-01,2013,"09",2.11864406779661,2.11864406779661,0,"PERINATAL LARANJEIRAS CASA DE SAUDE LARANJEIRAS","ENTIDADES EMPRESARIAIS","E","SUL","alto","medio","baixo","alto","baixo","baixo","alto","baixo","medio","medio"
2814188,201310,2013-10-01,2013,"10",9.04977375565611,6.78733031674208,2.26244343891403,"PERINATAL LARANJEIRAS CASA DE SAUDE LARANJEIRAS","ENTIDADES EMPRESARIAIS","E","SUL","alto","medio","baixo","alto","baixo","baixo","alto","medio","medio","medio"
2814188,201311,2013-11-01,2013,"11",7.83289817232376,7.83289817232376,0,"PERINATAL LARANJEIRAS CASA DE SAUDE LARANJEIRAS","ENTIDADES EMPRESARIAIS","E","SUL","alto","medio","baixo","alto","baixo","baixo","alto","medio","medio","medio"
2814188,201312,2013-12-01,2013,"12",9.28074245939675,6.96055684454756,2.32018561484919,"PERINATAL LARANJEIRAS CASA DE SAUDE LARANJEIRAS","ENTIDADES EMPRESARIAIS","E","SUL","alto","medio","baixo","alto","baixo","baixo","alto","medio","medio","alto"
2814188,201401,2014-01-01,2014,"01",2.1551724137931,2.1551724137931,0,"PERINATAL LARANJEIRAS CASA DE SAUDE LARANJEIRAS","ENTIDADES EMPRESARIAIS","E","SUL","alto","alto","baixo","alto","baixo","baixo","alto","baixo","medio","medio"
2814188,201402,2014-02-01,2014,"02",0,0,0,"PERINATAL LARANJEIRAS CASA DE SAUDE LARANJEIRAS","ENTIDADES EMPRESARIAIS","E","SUL","alto","medio","baixo","alto","baixo","baixo","alto","baixo","baixo","medio"
2814188,201403,2014-03-01,2014,"03",7.12589073634204,4.75059382422803,2.37529691211401,"PERINATAL LARANJEIRAS CASA DE SAUDE LARANJEIRAS","ENTIDADES EMPRESARIAIS","E","SUL","alto","alto","baixo","alto","baixo","baixo","alto","medio","medio","alto"
2814188,201404,2014-04-01,2014,"04",2.18340611353712,0,2.18340611353712,"PERINATAL LARANJEIRAS CASA DE SAUDE LARANJEIRAS","ENTIDADES EMPRESARIAIS","E","SUL","alto","alto","baixo","alto","baixo","baixo","alto","baixo","baixo","medio"
2814188,201405,2014-05-01,2014,"05",6.06060606060606,6.06060606060606,0,"PERINATAL LARANJEIRAS CASA DE SAUDE LARANJEIRAS","ENTIDADES EMPRESARIAIS","E","SUL","alto","medio","baixo","alto","baixo","baixo","alto","medio","medio","medio"
2814188,201406,2014-06-01,2014,"06",9.1324200913242,4.5662100456621,4.5662100456621,"PERINATAL LARANJEIRAS CASA DE SAUDE LARANJEIRAS","ENTIDADES EMPRESARIAIS","E","SUL","alto","alto","baixo","alto","baixo","baixo","alto","medio","medio","alto"
2814188,201407,2014-07-01,2014,"07",8.38574423480084,4.19287211740042,4.19287211740042,"PERINATAL LARANJEIRAS CASA DE SAUDE LARANJEIRAS","ENTIDADES EMPRESARIAIS","E","SUL","alto","medio","baixo","alto","baixo","medio","alto","medio","medio","alto"
2814188,201408,2014-08-01,2014,"08",2.06185567010309,2.06185567010309,0,"PERINATAL LARANJEIRAS CASA DE SAUDE LARANJEIRAS","ENTIDADES EMPRESARIAIS","E","SUL","alto","medio","baixo","alto","baixo","baixo","alto","baixo","medio","medio"
2814188,201409,2014-09-01,2014,"09",2.02020202020202,2.02020202020202,0,"PERINATAL LARANJEIRAS CASA DE SAUDE LARANJEIRAS","ENTIDADES EMPRESARIAIS","E","SUL","alto","alto","baixo","alto","baixo","baixo","alto","baixo","medio","medio"
2814188,201410,2014-10-01,2014,"10",0,0,0,"PERINATAL LARANJEIRAS CASA DE SAUDE LARANJEIRAS","ENTIDADES EMPRESARIAIS","E","SUL","alto","medio","baixo","alto","baixo","baixo","alto","baixo","baixo","medio"
2814188,201411,2014-11-01,2014,"11",7.35294117647059,4.90196078431373,2.45098039215686,"PERINATAL LARANJEIRAS CASA DE SAUDE LARANJEIRAS","ENTIDADES EMPRESARIAIS","E","SUL","alto","medio","baixo","alto","baixo","baixo","alto","medio","medio","alto"
2814188,201412,2014-12-01,2014,"12",4.21940928270042,2.10970464135021,2.10970464135021,"PERINATAL LARANJEIRAS CASA DE SAUDE LARANJEIRAS","ENTIDADES EMPRESARIAIS","E","SUL","alto","medio","baixo","alto","baixo","medio","alto","medio","medio","medio"
2814188,201501,2015-01-01,2015,"01",8.16326530612245,6.12244897959184,2.04081632653061,"PERINATAL LARANJEIRAS CASA DE SAUDE LARANJEIRAS","ENTIDADES EMPRESARIAIS","E","SUL","alto","medio","baixo","alto","baixo","baixo","alto","medio","medio","medio"
2814188,201502,2015-02-01,2015,"02",2.17391304347826,0,2.17391304347826,"PERINATAL LARANJEIRAS CASA DE SAUDE LARANJEIRAS","ENTIDADES EMPRESARIAIS","E","SUL","alto","alto","baixo","alto","baixo","baixo","alto","baixo","baixo","medio"
2814188,201503,2015-03-01,2015,"03",3.97614314115308,3.97614314115308,0,"PERINATAL LARANJEIRAS CASA DE SAUDE LARANJEIRAS","ENTIDADES EMPRESARIAIS","E","SUL","alto","medio","baixo","alto","baixo","baixo","alto","medio","medio","medio"
2814188,201504,2015-04-01,2015,"04",2.11864406779661,2.11864406779661,0,"PERINATAL LARANJEIRAS CASA DE SAUDE LARANJEIRAS","ENTIDADES EMPRESARIAIS","E","SUL","alto","medio","baixo","alto","baixo","medio","alto","baixo","medio","medio"
2814188,201505,2015-05-01,2015,"05",4.08997955010225,4.08997955010225,0,"PERINATAL LARANJEIRAS CASA DE SAUDE LARANJEIRAS","ENTIDADES EMPRESARIAIS","E","SUL","alto","medio","baixo","alto","baixo","baixo","alto","medio","medio","medio"
2814188,201506,2015-06-01,2015,"06",0,0,0,"PERINATAL LARANJEIRAS CASA DE SAUDE LARANJEIRAS","ENTIDADES EMPRESARIAIS","E","SUL","alto","medio","baixo","alto","baixo","baixo","alto","baixo","baixo","medio"
2814188,201507,2015-07-01,2015,"07",3.96039603960396,3.96039603960396,0,"PERINATAL LARANJEIRAS CASA DE SAUDE LARANJEIRAS","ENTIDADES EMPRESARIAIS","E","SUL","alto","medio","baixo","alto","baixo","baixo","alto","medio","medio","medio"
2814188,201508,2015-08-01,2015,"08",6.39658848614072,6.39658848614072,0,"PERINATAL LARANJEIRAS CASA DE SAUDE LARANJEIRAS","ENTIDADES EMPRESARIAIS","E","SUL","alto","alto","baixo","alto","baixo","medio","alto","medio","medio","medio"
2814188,201509,2015-09-01,2015,"09",0,0,0,"PERINATAL LARANJEIRAS CASA DE SAUDE LARANJEIRAS","ENTIDADES EMPRESARIAIS","E","SUL","alto","medio","baixo","alto","baixo","baixo","alto","baixo","baixo","medio"
2814188,201510,2015-10-01,2015,"10",4.1407867494824,4.1407867494824,0,"PERINATAL LARANJEIRAS CASA DE SAUDE LARANJEIRAS","ENTIDADES EMPRESARIAIS","E","SUL","alto","baixo","baixo","alto","baixo","baixo","alto","medio","medio","medio"
2814188,201511,2015-11-01,2015,"11",0,0,0,"PERINATAL LARANJEIRAS CASA DE SAUDE LARANJEIRAS","ENTIDADES EMPRESARIAIS","E","SUL","alto","medio","baixo","alto","baixo","baixo","alto","baixo","baixo","medio"
2814188,201512,2015-12-01,2015,"12",8.47457627118644,6.35593220338983,2.11864406779661,"PERINATAL LARANJEIRAS CASA DE SAUDE LARANJEIRAS","ENTIDADES EMPRESARIAIS","E","SUL","alto","medio","baixo","alto","baixo","baixo","alto","medio","medio","medio"
2814188,201601,2016-01-01,2016,"01",8.36820083682008,8.36820083682008,0,"PERINATAL LARANJEIRAS CASA DE SAUDE LARANJEIRAS","ENTIDADES EMPRESARIAIS","E","SUL","alto","medio","baixo","alto","baixo","medio","alto","medio","alto","medio"
2814188,201602,2016-02-01,2016,"02",4.42477876106195,2.21238938053097,2.21238938053097,"PERINATAL LARANJEIRAS CASA DE SAUDE LARANJEIRAS","ENTIDADES EMPRESARIAIS","E","SUL","alto","alto","baixo","alto","baixo","baixo","alto","medio","medio","medio"
2814188,201603,2016-03-01,2016,"03",14.1129032258065,8.06451612903226,6.04838709677419,"PERINATAL LARANJEIRAS CASA DE SAUDE LARANJEIRAS","ENTIDADES EMPRESARIAIS","E","SUL","alto","medio","baixo","alto","baixo","medio","alto","alto","medio","alto"
2814188,201604,2016-04-01,2016,"04",2.09643605870021,2.09643605870021,0,"PERINATAL LARANJEIRAS CASA DE SAUDE LARANJEIRAS","ENTIDADES EMPRESARIAIS","E","SUL","alto","alto","baixo","alto","baixo","medio","alto","baixo","medio","medio"
2814188,201605,2016-05-01,2016,"05",2.09205020920502,2.09205020920502,0,"PERINATAL LARANJEIRAS CASA DE SAUDE LARANJEIRAS","ENTIDADES EMPRESARIAIS","E","SUL","alto","alto","baixo","alto","baixo","baixo","alto","baixo","medio","medio"
2814188,201606,2016-06-01,2016,"06",2.03252032520325,2.03252032520325,0,"PERINATAL LARANJEIRAS CASA DE SAUDE LARANJEIRAS","ENTIDADES EMPRESARIAIS","E","SUL","alto","medio","baixo","alto","baixo","baixo","alto","baixo","medio","medio"
2814188,201607,2016-07-01,2016,"07",4.22832980972516,2.11416490486258,2.11416490486258,"PERINATAL LARANJEIRAS CASA DE SAUDE LARANJEIRAS","ENTIDADES EMPRESARIAIS","E","SUL","alto","medio","baixo","alto","baixo","medio","alto","medio","medio","medio"
2814188,201608,2016-08-01,2016,"08",4.36681222707424,4.36681222707424,0,"PERINATAL LARANJEIRAS CASA DE SAUDE LARANJEIRAS","ENTIDADES EMPRESARIAIS","E","SUL","alto","alto","baixo","alto","baixo","baixo","alto","medio","medio","medio"
2814188,201609,2016-09-01,2016,"09",5.43478260869565,2.71739130434783,2.71739130434783,"PERINATAL LARANJEIRAS CASA DE SAUDE LARANJEIRAS","ENTIDADES EMPRESARIAIS","E","SUL","alto","medio","baixo","alto","baixo","baixo","alto","medio","medio","alto"
2814188,201610,2016-10-01,2016,"10",2.74725274725275,0,2.74725274725275,"PERINATAL LARANJEIRAS CASA DE SAUDE LARANJEIRAS","ENTIDADES EMPRESARIAIS","E","SUL","alto","medio","baixo","alto","baixo","medio","alto","baixo","baixo","alto"
2814188,201611,2016-11-01,2016,"11",3.1055900621118,0,3.1055900621118,"PERINATAL LARANJEIRAS CASA DE SAUDE LARANJEIRAS","ENTIDADES EMPRESARIAIS","E","SUL","medio","medio","baixo","alto","baixo","medio","alto","baixo","baixo","alto"
2814188,201612,2016-12-01,2016,"12",5.61797752808989,5.61797752808989,0,"PERINATAL LARANJEIRAS CASA DE SAUDE LARANJEIRAS","ENTIDADES EMPRESARIAIS","E","SUL","alto","medio","baixo","alto","baixo","baixo","alto","medio","medio","medio"
2814188,201701,2017-01-01,2017,"01",8.28729281767956,8.28729281767956,0,"PERINATAL LARANJEIRAS CASA DE SAUDE LARANJEIRAS","ENTIDADES EMPRESARIAIS","E","SUL","alto","alto","baixo","alto","baixo","baixo","alto","medio","medio","medio"
2814188,201702,2017-02-01,2017,"02",0,0,0,"PERINATAL LARANJEIRAS CASA DE SAUDE LARANJEIRAS","ENTIDADES EMPRESARIAIS","E","SUL","alto","medio","baixo","alto","baixo","baixo","alto","baixo","baixo","medio"
2814188,201703,2017-03-01,2017,"03",6.22406639004149,4.149377593361,2.0746887966805,"PERINATAL LARANJEIRAS CASA DE SAUDE LARANJEIRAS","ENTIDADES EMPRESARIAIS","E","SUL","alto","medio","baixo","alto","baixo","medio","alto","medio","medio","medio"
2814188,201704,2017-04-01,2017,"04",2.2883295194508,2.2883295194508,0,"PERINATAL LARANJEIRAS CASA DE SAUDE LARANJEIRAS","ENTIDADES EMPRESARIAIS","E","SUL","alto","medio","baixo","alto","baixo","baixo","alto","baixo","medio","medio"
2814188,201705,2017-05-01,2017,"05",4.0650406504065,2.03252032520325,2.03252032520325,"PERINATAL LARANJEIRAS CASA DE SAUDE LARANJEIRAS","ENTIDADES EMPRESARIAIS","E","SUL","alto","alto","baixo","alto","baixo","baixo","alto","medio","medio","medio"
2814188,201706,2017-06-01,2017,"06",2.24215246636771,0,2.24215246636771,"PERINATAL LARANJEIRAS CASA DE SAUDE LARANJEIRAS","ENTIDADES EMPRESARIAIS","E","SUL","alto","medio","baixo","alto","baixo","medio","alto","baixo","baixo","medio"
2814188,201707,2017-07-01,2017,"07",0,0,0,"PERINATAL LARANJEIRAS CASA DE SAUDE LARANJEIRAS","ENTIDADES EMPRESARIAIS","E","SUL","alto","medio","baixo","alto","baixo","baixo","alto","baixo","baixo","medio"
2814188,201708,2017-08-01,2017,"08",2.42718446601942,0,2.42718446601942,"PERINATAL LARANJEIRAS CASA DE SAUDE LARANJEIRAS","ENTIDADES EMPRESARIAIS","E","SUL","alto","medio","baixo","alto","baixo","baixo","alto","baixo","baixo","alto"
2814188,201709,2017-09-01,2017,"09",4.67289719626168,2.33644859813084,2.33644859813084,"PERINATAL LARANJEIRAS CASA DE SAUDE LARANJEIRAS","ENTIDADES EMPRESARIAIS","E","SUL","alto","medio","baixo","alto","baixo","baixo","alto","medio","medio","alto"
2814188,201710,2017-10-01,2017,"10",4.36681222707424,4.36681222707424,0,"PERINATAL LARANJEIRAS CASA DE SAUDE LARANJEIRAS","ENTIDADES EMPRESARIAIS","E","SUL","alto","medio","baixo","alto","baixo","medio","alto","medio","medio","medio"
2814188,201711,2017-11-01,2017,"11",0,0,0,"PERINATAL LARANJEIRAS CASA DE SAUDE LARANJEIRAS","ENTIDADES EMPRESARIAIS","E","SUL","alto","medio","baixo","alto","baixo","baixo","alto","baixo","baixo","medio"
2814188,201712,2017-12-01,2017,"12",4.75059382422803,4.75059382422803,0,"PERINATAL LARANJEIRAS CASA DE SAUDE LARANJEIRAS","ENTIDADES EMPRESARIAIS","E","SUL","alto","alto","baixo","alto","baixo","baixo","alto","medio","medio","medio"
3567486,200601,2006-01-01,2006,"01",0,0,0,"SMS CASA DE PARTO DAVID CAPISTRANO FILHO AP 51","ADMINISTRACAO PUBLICA","M","OESTE","baixo","baixo","baixo","baixo","baixo","baixo","baixo","baixo","baixo","medio"
3567486,200602,2006-02-01,2006,"02",0,0,0,"SMS CASA DE PARTO DAVID CAPISTRANO FILHO AP 51","ADMINISTRACAO PUBLICA","M","OESTE","baixo","baixo","medio","baixo","alto","baixo","baixo","baixo","baixo","medio"
3567486,200603,2006-03-01,2006,"03",0,0,0,"SMS CASA DE PARTO DAVID CAPISTRANO FILHO AP 51","ADMINISTRACAO PUBLICA","M","OESTE","baixo","baixo","medio","medio","medio","baixo","baixo","baixo","baixo","medio"
3567486,200604,2006-04-01,2006,"04",0,0,0,"SMS CASA DE PARTO DAVID CAPISTRANO FILHO AP 51","ADMINISTRACAO PUBLICA","M","OESTE","baixo","baixo","medio","medio","alto","baixo","baixo","baixo","baixo","medio"
3567486,200605,2006-05-01,2006,"05",0,0,0,"SMS CASA DE PARTO DAVID CAPISTRANO FILHO AP 51","ADMINISTRACAO PUBLICA","M","OESTE","baixo","baixo","baixo","baixo","medio","baixo","baixo","baixo","baixo","medio"
3567486,200606,2006-06-01,2006,"06",0,0,0,"SMS CASA DE PARTO DAVID CAPISTRANO FILHO AP 51","ADMINISTRACAO PUBLICA","M","OESTE","baixo","baixo","alto","baixo","baixo","baixo","baixo","baixo","baixo","medio"
3567486,200607,2006-07-01,2006,"07",0,0,0,"SMS CASA DE PARTO DAVID CAPISTRANO FILHO AP 51","ADMINISTRACAO PUBLICA","M","OESTE","baixo","baixo","medio","baixo","medio","alto","baixo","baixo","baixo","medio"
3567486,200608,2006-08-01,2006,"08",0,0,0,"SMS CASA DE PARTO DAVID CAPISTRANO FILHO AP 51","ADMINISTRACAO PUBLICA","M","OESTE","baixo","baixo","baixo","baixo","baixo","alto","baixo","baixo","baixo","medio"
3567486,200609,2006-09-01,2006,"09",0,0,0,"SMS CASA DE PARTO DAVID CAPISTRANO FILHO AP 51","ADMINISTRACAO PUBLICA","M","OESTE","baixo","baixo","medio","baixo","baixo","alto","baixo","baixo","baixo","medio"
3567486,200610,2006-10-01,2006,"10",0,0,0,"SMS CASA DE PARTO DAVID CAPISTRANO FILHO AP 51","ADMINISTRACAO PUBLICA","M","OESTE","baixo","baixo","baixo","baixo","medio","baixo","baixo","baixo","baixo","medio"
3567486,200611,2006-11-01,2006,"11",0,0,0,"SMS CASA DE PARTO DAVID CAPISTRANO FILHO AP 51","ADMINISTRACAO PUBLICA","M","OESTE","baixo","baixo","baixo","baixo","baixo","baixo","baixo","baixo","baixo","medio"
3567486,200612,2006-12-01,2006,"12",0,0,0,"SMS CASA DE PARTO DAVID CAPISTRANO FILHO AP 51","ADMINISTRACAO PUBLICA","M","OESTE","baixo","baixo","baixo","baixo","medio","baixo","baixo","baixo","baixo","medio"
3567486,200701,2007-01-01,2007,"01",0,0,0,"SMS CASA DE PARTO DAVID CAPISTRANO FILHO AP 51","ADMINISTRACAO PUBLICA","M","OESTE","baixo","baixo","medio",NA,"alto","baixo","baixo","baixo","baixo","medio"
3567486,200702,2007-02-01,2007,"02",0,0,0,"SMS CASA DE PARTO DAVID CAPISTRANO FILHO AP 51","ADMINISTRACAO PUBLICA","M","OESTE","baixo","baixo","alto",NA,"baixo","baixo","baixo","baixo","baixo","medio"
3567486,200703,2007-03-01,2007,"03",0,0,0,"SMS CASA DE PARTO DAVID CAPISTRANO FILHO AP 51","ADMINISTRACAO PUBLICA","M","OESTE","baixo","baixo","alto",NA,"medio","baixo","baixo","baixo","baixo","medio"
3567486,200704,2007-04-01,2007,"04",0,0,0,"SMS CASA DE PARTO DAVID CAPISTRANO FILHO AP 51","ADMINISTRACAO PUBLICA","M","OESTE","baixo","baixo","medio",NA,"baixo","baixo","baixo","baixo","baixo","medio"
3567486,200705,2007-05-01,2007,"05",0,0,0,"SMS CASA DE PARTO DAVID CAPISTRANO FILHO AP 51","ADMINISTRACAO PUBLICA","M","OESTE","baixo","baixo","baixo",NA,"baixo","baixo","baixo","baixo","baixo","medio"
3567486,200706,2007-06-01,2007,"06",0,0,0,"SMS CASA DE PARTO DAVID CAPISTRANO FILHO AP 51","ADMINISTRACAO PUBLICA","M","OESTE","baixo","baixo","alto",NA,"baixo","baixo","baixo","baixo","baixo","medio"
3567486,200707,2007-07-01,2007,"07",0,0,0,"SMS CASA DE PARTO DAVID CAPISTRANO FILHO AP 51","ADMINISTRACAO PUBLICA","M","OESTE","baixo","baixo","medio",NA,"baixo","baixo","baixo","baixo","baixo","medio"
3567486,200708,2007-08-01,2007,"08",0,0,0,"SMS CASA DE PARTO DAVID CAPISTRANO FILHO AP 51","ADMINISTRACAO PUBLICA","M","OESTE","baixo","baixo","medio",NA,"medio","baixo","baixo","baixo","baixo","medio"
3567486,200709,2007-09-01,2007,"09",0,0,0,"SMS CASA DE PARTO DAVID CAPISTRANO FILHO AP 51","ADMINISTRACAO PUBLICA","M","OESTE","baixo","baixo","alto",NA,"baixo","baixo","baixo","baixo","baixo","medio"
3567486,200710,2007-10-01,2007,"10",0,0,0,"SMS CASA DE PARTO DAVID CAPISTRANO FILHO AP 51","ADMINISTRACAO PUBLICA","M","OESTE","baixo","baixo","medio",NA,"baixo","baixo","baixo","baixo","baixo","medio"
3567486,200711,2007-11-01,2007,"11",0,0,0,"SMS CASA DE PARTO DAVID CAPISTRANO FILHO AP 51","ADMINISTRACAO PUBLICA","M","OESTE","baixo","baixo","baixo",NA,"baixo","baixo","baixo","baixo","baixo","medio"
3567486,200712,2007-12-01,2007,"12",0,0,0,"SMS CASA DE PARTO DAVID CAPISTRANO FILHO AP 51","ADMINISTRACAO PUBLICA","M","OESTE","baixo","baixo","baixo",NA,"medio","baixo","baixo","baixo","baixo","medio"
3567486,200801,2008-01-01,2008,"01",0,0,0,"SMS CASA DE PARTO DAVID CAPISTRANO FILHO AP 51","ADMINISTRACAO PUBLICA","M","OESTE","baixo","baixo","baixo","baixo","alto","baixo","baixo","baixo","baixo","medio"
3567486,200802,2008-02-01,2008,"02",0,0,0,"SMS CASA DE PARTO DAVID CAPISTRANO FILHO AP 51","ADMINISTRACAO PUBLICA","M","OESTE","baixo","baixo","medio","baixo","baixo","baixo","baixo","baixo","baixo","medio"
3567486,200803,2008-03-01,2008,"03",0,0,0,"SMS CASA DE PARTO DAVID CAPISTRANO FILHO AP 51","ADMINISTRACAO PUBLICA","M","OESTE","baixo","baixo","alto","baixo","medio","baixo","baixo","baixo","baixo","medio"
3567486,200804,2008-04-01,2008,"04",0,0,0,"SMS CASA DE PARTO DAVID CAPISTRANO FILHO AP 51","ADMINISTRACAO PUBLICA","M","OESTE","baixo","baixo","medio","baixo","baixo","baixo","baixo","baixo","baixo","medio"
3567486,200805,2008-05-01,2008,"05",0,0,0,"SMS CASA DE PARTO DAVID CAPISTRANO FILHO AP 51","ADMINISTRACAO PUBLICA","M","OESTE","baixo","baixo","medio","baixo","medio","baixo","baixo","baixo","baixo","medio"
3567486,200806,2008-06-01,2008,"06",0,0,0,"SMS CASA DE PARTO DAVID CAPISTRANO FILHO AP 51","ADMINISTRACAO PUBLICA","M","OESTE","baixo","baixo","baixo","baixo","baixo","baixo","baixo","baixo","baixo","medio"
3567486,200807,2008-07-01,2008,"07",0,0,0,"SMS CASA DE PARTO DAVID CAPISTRANO FILHO AP 51","ADMINISTRACAO PUBLICA","M","OESTE","baixo","baixo","medio","baixo","baixo","baixo","baixo","baixo","baixo","medio"
3567486,200808,2008-08-01,2008,"08",0,0,0,"SMS CASA DE PARTO DAVID CAPISTRANO FILHO AP 51","ADMINISTRACAO PUBLICA","M","OESTE","baixo","baixo","medio","baixo","baixo","baixo","baixo","baixo","baixo","medio"
3567486,200809,2008-09-01,2008,"09",0,0,0,"SMS CASA DE PARTO DAVID CAPISTRANO FILHO AP 51","ADMINISTRACAO PUBLICA","M","OESTE","baixo","baixo","medio","baixo","baixo","baixo","baixo","baixo","baixo","medio"
3567486,200810,2008-10-01,2008,"10",0,0,0,"SMS CASA DE PARTO DAVID CAPISTRANO FILHO AP 51","ADMINISTRACAO PUBLICA","M","OESTE","baixo","baixo","baixo","baixo","baixo","baixo","baixo","baixo","baixo","medio"
3567486,200811,2008-11-01,2008,"11",0,0,0,"SMS CASA DE PARTO DAVID CAPISTRANO FILHO AP 51","ADMINISTRACAO PUBLICA","M","OESTE","baixo","baixo","baixo","medio","baixo","baixo","baixo","baixo","baixo","medio"
3567486,200812,2008-12-01,2008,"12",0,0,0,"SMS CASA DE PARTO DAVID CAPISTRANO FILHO AP 51","ADMINISTRACAO PUBLICA","M","OESTE","baixo","baixo","baixo","baixo","medio","baixo","baixo","baixo","baixo","medio"
3567486,200901,2009-01-01,2009,"01",0,0,0,"SMS CASA DE PARTO DAVID CAPISTRANO FILHO AP 51","ADMINISTRACAO PUBLICA","M","OESTE","baixo","baixo","baixo",NA,"baixo","baixo","baixo","baixo","baixo","medio"
3567486,200902,2009-02-01,2009,"02",0,0,0,"SMS CASA DE PARTO DAVID CAPISTRANO FILHO AP 51","ADMINISTRACAO PUBLICA","M","OESTE","baixo","baixo","baixo",NA,"medio","baixo","baixo","baixo","baixo","medio"
3567486,200903,2009-03-01,2009,"03",0,0,0,"SMS CASA DE PARTO DAVID CAPISTRANO FILHO AP 51","ADMINISTRACAO PUBLICA","M","OESTE","baixo","baixo","medio",NA,"baixo","baixo","baixo","baixo","baixo","medio"
3567486,200904,2009-04-01,2009,"04",0,0,0,"SMS CASA DE PARTO DAVID CAPISTRANO FILHO AP 51","ADMINISTRACAO PUBLICA","M","OESTE","baixo","baixo","baixo",NA,"baixo","baixo","baixo","baixo","baixo","medio"
3567486,200905,2009-05-01,2009,"05",0,0,0,"SMS CASA DE PARTO DAVID CAPISTRANO FILHO AP 51","ADMINISTRACAO PUBLICA","M","OESTE","baixo","baixo","alto",NA,"baixo","baixo","baixo","baixo","baixo","medio"
3567486,200906,2009-06-01,2009,"06",0,0,0,"SMS CASA DE PARTO DAVID CAPISTRANO FILHO AP 51","ADMINISTRACAO PUBLICA","M","OESTE","baixo","baixo","alto",NA,"baixo","baixo","baixo","baixo","baixo","medio"
3567486,200907,2009-07-01,2009,"07",0,0,0,"SMS CASA DE PARTO DAVID CAPISTRANO FILHO AP 51","ADMINISTRACAO PUBLICA","M","OESTE","baixo","baixo","medio",NA,"medio","baixo","baixo","baixo","baixo","medio"
3567486,200908,2009-08-01,2009,"08",0,0,0,"SMS CASA DE PARTO DAVID CAPISTRANO FILHO AP 51","ADMINISTRACAO PUBLICA","M","OESTE","baixo","baixo","baixo",NA,"baixo","baixo","baixo","baixo","baixo","medio"
3567486,200909,2009-09-01,2009,"09",0,0,0,"SMS CASA DE PARTO DAVID CAPISTRANO FILHO AP 51","ADMINISTRACAO PUBLICA","M","OESTE","baixo","baixo","baixo",NA,"baixo","alto","baixo","baixo","baixo","medio"
3567486,200910,2009-10-01,2009,"10",0,0,0,"SMS CASA DE PARTO DAVID CAPISTRANO FILHO AP 51","ADMINISTRACAO PUBLICA","M","OESTE","baixo","baixo","medio",NA,"baixo","baixo","baixo","baixo","baixo","medio"
3567486,200911,2009-11-01,2009,"11",0,0,0,"SMS CASA DE PARTO DAVID CAPISTRANO FILHO AP 51","ADMINISTRACAO PUBLICA","M","OESTE","baixo","baixo","alto",NA,"medio","baixo","baixo","baixo","baixo","medio"
3567486,200912,2009-12-01,2009,"12",0,0,0,"SMS CASA DE PARTO DAVID CAPISTRANO FILHO AP 51","ADMINISTRACAO PUBLICA","M","OESTE","baixo","baixo","baixo",NA,"baixo","baixo","baixo","baixo","baixo","medio"
3567486,201001,2010-01-01,2010,"01",0,0,0,"SMS CASA DE PARTO DAVID CAPISTRANO FILHO AP 51","ADMINISTRACAO PUBLICA","M","OESTE","baixo","baixo","baixo",NA,"baixo","baixo","baixo","baixo","baixo","medio"
3567486,201002,2010-02-01,2010,"02",0,0,0,"SMS CASA DE PARTO DAVID CAPISTRANO FILHO AP 51","ADMINISTRACAO PUBLICA","M","OESTE","baixo","baixo","baixo",NA,"medio","baixo","baixo","baixo","baixo","medio"
3567486,201003,2010-03-01,2010,"03",0,0,0,"SMS CASA DE PARTO DAVID CAPISTRANO FILHO AP 51","ADMINISTRACAO PUBLICA","M","OESTE","baixo","baixo","baixo",NA,"baixo","alto","baixo","baixo","baixo","medio"
3567486,201004,2010-04-01,2010,"04",0,0,0,"SMS CASA DE PARTO DAVID CAPISTRANO FILHO AP 51","ADMINISTRACAO PUBLICA","M","OESTE","baixo","baixo","medio",NA,"baixo","baixo","baixo","baixo","baixo","medio"
3567486,201005,2010-05-01,2010,"05",0,0,0,"SMS CASA DE PARTO DAVID CAPISTRANO FILHO AP 51","ADMINISTRACAO PUBLICA","M","OESTE","baixo","baixo","baixo",NA,"baixo","baixo","baixo","baixo","baixo","medio"
3567486,201006,2010-06-01,2010,"06",0,0,0,"SMS CASA DE PARTO DAVID CAPISTRANO FILHO AP 51","ADMINISTRACAO PUBLICA","M","OESTE","baixo","baixo","baixo",NA,"medio","baixo","baixo","baixo","baixo","medio"
3567486,201007,2010-07-01,2010,"07",0,0,0,"SMS CASA DE PARTO DAVID CAPISTRANO FILHO AP 51","ADMINISTRACAO PUBLICA","M","OESTE","baixo","baixo","baixo",NA,"baixo","baixo","baixo","baixo","baixo","medio"
3567486,201008,2010-08-01,2010,"08",0,0,0,"SMS CASA DE PARTO DAVID CAPISTRANO FILHO AP 51","ADMINISTRACAO PUBLICA","M","OESTE","baixo","baixo","alto",NA,"baixo","baixo","baixo","baixo","baixo","medio"
3567486,201009,2010-09-01,2010,"09",0,0,0,"SMS CASA DE PARTO DAVID CAPISTRANO FILHO AP 51","ADMINISTRACAO PUBLICA","M","OESTE","baixo","baixo","baixo",NA,"baixo","baixo","baixo","baixo","baixo","medio"
3567486,201010,2010-10-01,2010,"10",0,0,0,"SMS CASA DE PARTO DAVID CAPISTRANO FILHO AP 51","ADMINISTRACAO PUBLICA","M","OESTE","baixo","baixo","baixo",NA,"baixo","baixo","baixo","baixo","baixo","medio"
3567486,201011,2010-11-01,2010,"11",0,0,0,"SMS CASA DE PARTO DAVID CAPISTRANO FILHO AP 51","ADMINISTRACAO PUBLICA","M","OESTE","baixo","baixo","baixo",NA,"baixo","baixo","baixo","baixo","baixo","medio"
3567486,201012,2010-12-01,2010,"12",0,0,0,"SMS CASA DE PARTO DAVID CAPISTRANO FILHO AP 51","ADMINISTRACAO PUBLICA","M","OESTE","baixo","baixo","baixo",NA,"medio","baixo","baixo","baixo","baixo","medio"
3567486,201101,2011-01-01,2011,"01",0,0,0,"SMS CASA DE PARTO DAVID CAPISTRANO FILHO AP 51","ADMINISTRACAO PUBLICA","M","OESTE","baixo","baixo","medio","baixo","baixo","baixo","baixo","baixo","baixo","medio"
3567486,201102,2011-02-01,2011,"02",0,0,0,"SMS CASA DE PARTO DAVID CAPISTRANO FILHO AP 51","ADMINISTRACAO PUBLICA","M","OESTE","baixo","baixo","baixo","baixo","baixo","baixo","baixo","baixo","baixo","medio"
3567486,201103,2011-03-01,2011,"03",0,0,0,"SMS CASA DE PARTO DAVID CAPISTRANO FILHO AP 51","ADMINISTRACAO PUBLICA","M","OESTE","baixo","baixo","baixo","baixo","baixo","baixo","baixo","baixo","baixo","medio"
3567486,201104,2011-04-01,2011,"04",0,0,0,"SMS CASA DE PARTO DAVID CAPISTRANO FILHO AP 51","ADMINISTRACAO PUBLICA","M","OESTE","baixo","baixo","baixo","baixo","baixo","baixo","baixo","baixo","baixo","medio"
3567486,201105,2011-05-01,2011,"05",0,0,0,"SMS CASA DE PARTO DAVID CAPISTRANO FILHO AP 51","ADMINISTRACAO PUBLICA","M","OESTE","baixo","alto","baixo","baixo","baixo","baixo","baixo","baixo","baixo","medio"
3567486,201106,2011-06-01,2011,"06",0,0,0,"SMS CASA DE PARTO DAVID CAPISTRANO FILHO AP 51","ADMINISTRACAO PUBLICA","M","OESTE","baixo","baixo","baixo","baixo","medio","baixo","baixo","baixo","baixo","medio"
3567486,201107,2011-07-01,2011,"07",0,0,0,"SMS CASA DE PARTO DAVID CAPISTRANO FILHO AP 51","ADMINISTRACAO PUBLICA","M","OESTE","baixo","baixo","baixo","alto","baixo","baixo","baixo","baixo","baixo","medio"
3567486,201108,2011-08-01,2011,"08",0,0,0,"SMS CASA DE PARTO DAVID CAPISTRANO FILHO AP 51","ADMINISTRACAO PUBLICA","M","OESTE","baixo","baixo","baixo","baixo","medio","baixo","baixo","baixo","baixo","medio"
3567486,201109,2011-09-01,2011,"09",0,0,0,"SMS CASA DE PARTO DAVID CAPISTRANO FILHO AP 51","ADMINISTRACAO PUBLICA","M","OESTE","baixo","baixo","medio","baixo","alto","baixo","baixo","baixo","baixo","medio"
3567486,201110,2011-10-01,2011,"10",0,0,0,"SMS CASA DE PARTO DAVID CAPISTRANO FILHO AP 51","ADMINISTRACAO PUBLICA","M","OESTE","baixo","baixo","baixo","baixo","baixo","baixo","baixo","baixo","baixo","medio"
3567486,201111,2011-11-01,2011,"11",0,0,0,"SMS CASA DE PARTO DAVID CAPISTRANO FILHO AP 51","ADMINISTRACAO PUBLICA","M","OESTE","baixo","baixo","baixo","baixo","baixo","baixo","baixo","baixo","baixo","medio"
3567486,201112,2011-12-01,2011,"12",0,0,0,"SMS CASA DE PARTO DAVID CAPISTRANO FILHO AP 51","ADMINISTRACAO PUBLICA","M","OESTE","baixo","baixo","baixo","baixo","baixo","baixo","baixo","baixo","baixo","medio"
3567486,201201,2012-01-01,2012,"01",0,0,0,"SMS CASA DE PARTO DAVID CAPISTRANO FILHO AP 51","ADMINISTRACAO PUBLICA","M","OESTE","baixo","baixo","baixo",NA,"baixo","baixo","baixo","baixo","baixo","medio"
3567486,201202,2012-02-01,2012,"02",0,0,0,"SMS CASA DE PARTO DAVID CAPISTRANO FILHO AP 51","ADMINISTRACAO PUBLICA","M","OESTE","baixo","baixo","medio",NA,"medio","baixo","baixo","baixo","baixo","medio"
3567486,201203,2012-03-01,2012,"03",0,0,0,"SMS CASA DE PARTO DAVID CAPISTRANO FILHO AP 51","ADMINISTRACAO PUBLICA","M","OESTE","baixo","baixo","baixo",NA,"baixo","baixo","baixo","baixo","baixo","medio"
3567486,201204,2012-04-01,2012,"04",0,0,0,"SMS CASA DE PARTO DAVID CAPISTRANO FILHO AP 51","ADMINISTRACAO PUBLICA","M","OESTE","baixo","baixo","baixo",NA,"baixo","baixo","baixo","baixo","baixo","medio"
3567486,201205,2012-05-01,2012,"05",0,0,0,"SMS CASA DE PARTO DAVID CAPISTRANO FILHO AP 51","ADMINISTRACAO PUBLICA","M","OESTE","baixo","baixo","baixo",NA,"medio","baixo","baixo","baixo","baixo","medio"
3567486,201206,2012-06-01,2012,"06",0,0,0,"SMS CASA DE PARTO DAVID CAPISTRANO FILHO AP 51","ADMINISTRACAO PUBLICA","M","OESTE","baixo","baixo","baixo",NA,"medio","baixo","baixo","baixo","baixo","medio"
3567486,201207,2012-07-01,2012,"07",0,0,0,"SMS CASA DE PARTO DAVID CAPISTRANO FILHO AP 51","ADMINISTRACAO PUBLICA","M","OESTE","baixo","baixo","baixo",NA,"baixo","baixo","baixo","baixo","baixo","medio"
3567486,201208,2012-08-01,2012,"08",0,0,0,"SMS CASA DE PARTO DAVID CAPISTRANO FILHO AP 51","ADMINISTRACAO PUBLICA","M","OESTE","baixo","medio","baixo",NA,"baixo","baixo","baixo","baixo","baixo","medio"
3567486,201209,2012-09-01,2012,"09",0,0,0,"SMS CASA DE PARTO DAVID CAPISTRANO FILHO AP 51","ADMINISTRACAO PUBLICA","M","OESTE","baixo","alto","medio",NA,"baixo","baixo","baixo","baixo","baixo","medio"
3567486,201210,2012-10-01,2012,"10",0,0,0,"SMS CASA DE PARTO DAVID CAPISTRANO FILHO AP 51","ADMINISTRACAO PUBLICA","M","OESTE","baixo","alto","baixo",NA,"medio","baixo","baixo","baixo","baixo","medio"
3567486,201211,2012-11-01,2012,"11",0,0,0,"SMS CASA DE PARTO DAVID CAPISTRANO FILHO AP 51","ADMINISTRACAO PUBLICA","M","OESTE","baixo","baixo","baixo",NA,"medio","baixo","baixo","baixo","baixo","medio"
3567486,201212,2012-12-01,2012,"12",0,0,0,"SMS CASA DE PARTO DAVID CAPISTRANO FILHO AP 51","ADMINISTRACAO PUBLICA","M","OESTE","baixo","baixo","baixo",NA,"medio","alto","baixo","baixo","baixo","medio"
3567486,201301,2013-01-01,2013,"01",0,0,0,"SMS CASA DE PARTO DAVID CAPISTRANO FILHO AP 51","ADMINISTRACAO PUBLICA","M","OESTE","baixo","baixo","baixo","medio","baixo","baixo","baixo","baixo","baixo","medio"
3567486,201302,2013-02-01,2013,"02",0,0,0,"SMS CASA DE PARTO DAVID CAPISTRANO FILHO AP 51","ADMINISTRACAO PUBLICA","M","OESTE","baixo","baixo","medio","baixo","baixo","baixo","baixo","baixo","baixo","medio"
3567486,201303,2013-03-01,2013,"03",0,0,0,"SMS CASA DE PARTO DAVID CAPISTRANO FILHO AP 51","ADMINISTRACAO PUBLICA","M","OESTE","baixo","baixo","baixo","alto","medio","baixo","baixo","baixo","baixo","medio"
3567486,201304,2013-04-01,2013,"04",0,0,0,"SMS CASA DE PARTO DAVID CAPISTRANO FILHO AP 51","ADMINISTRACAO PUBLICA","M","OESTE","baixo","baixo","baixo","medio","baixo","baixo","baixo","baixo","baixo","medio"
3567486,201305,2013-05-01,2013,"05",0,0,0,"SMS CASA DE PARTO DAVID CAPISTRANO FILHO AP 51","ADMINISTRACAO PUBLICA","M","OESTE","baixo","baixo","medio","baixo","baixo","baixo","baixo","baixo","baixo","medio"
3567486,201306,2013-06-01,2013,"06",0,0,0,"SMS CASA DE PARTO DAVID CAPISTRANO FILHO AP 51","ADMINISTRACAO PUBLICA","M","OESTE","baixo","baixo","baixo","baixo","baixo","baixo","baixo","baixo","baixo","medio"
3567486,201307,2013-07-01,2013,"07",0,0,0,"SMS CASA DE PARTO DAVID CAPISTRANO FILHO AP 51","ADMINISTRACAO PUBLICA","M","OESTE","baixo","baixo","baixo","baixo","baixo","baixo","baixo","baixo","baixo","medio"
3567486,201308,2013-08-01,2013,"08",0,0,0,"SMS CASA DE PARTO DAVID CAPISTRANO FILHO AP 51","ADMINISTRACAO PUBLICA","M","OESTE","baixo","baixo","baixo","baixo","baixo","baixo","baixo","baixo","baixo","medio"
3567486,201309,2013-09-01,2013,"09",0,0,0,"SMS CASA DE PARTO DAVID CAPISTRANO FILHO AP 51","ADMINISTRACAO PUBLICA","M","OESTE","baixo","baixo","baixo","baixo","medio","baixo","baixo","baixo","baixo","medio"
3567486,201310,2013-10-01,2013,"10",0,0,0,"SMS CASA DE PARTO DAVID CAPISTRANO FILHO AP 51","ADMINISTRACAO PUBLICA","M","OESTE","baixo","baixo","baixo","alto","baixo","baixo","baixo","baixo","baixo","medio"
3567486,201311,2013-11-01,2013,"11",0,0,0,"SMS CASA DE PARTO DAVID CAPISTRANO FILHO AP 51","ADMINISTRACAO PUBLICA","M","OESTE","baixo","baixo","baixo","baixo","baixo","baixo","baixo","baixo","baixo","medio"
3567486,201312,2013-12-01,2013,"12",0,0,0,"SMS CASA DE PARTO DAVID CAPISTRANO FILHO AP 51","ADMINISTRACAO PUBLICA","M","OESTE","baixo","baixo","baixo","baixo","baixo","baixo","baixo","baixo","baixo","medio"
3567486,201401,2014-01-01,2014,"01",0,0,0,"SMS CASA DE PARTO DAVID CAPISTRANO FILHO AP 51","ADMINISTRACAO PUBLICA","M","OESTE","baixo","baixo","baixo","baixo","baixo","baixo","baixo","baixo","baixo","medio"
3567486,201402,2014-02-01,2014,"02",0,0,0,"SMS CASA DE PARTO DAVID CAPISTRANO FILHO AP 51","ADMINISTRACAO PUBLICA","M","OESTE","baixo","baixo","baixo","baixo","baixo","baixo","baixo","baixo","baixo","medio"
3567486,201403,2014-03-01,2014,"03",0,0,0,"SMS CASA DE PARTO DAVID CAPISTRANO FILHO AP 51","ADMINISTRACAO PUBLICA","M","OESTE","baixo","baixo","baixo","baixo","medio","baixo","baixo","baixo","baixo","medio"
3567486,201404,2014-04-01,2014,"04",0,0,0,"SMS CASA DE PARTO DAVID CAPISTRANO FILHO AP 51","ADMINISTRACAO PUBLICA","M","OESTE","baixo","baixo","baixo","baixo","baixo","baixo","baixo","baixo","baixo","medio"
3567486,201405,2014-05-01,2014,"05",0,0,0,"SMS CASA DE PARTO DAVID CAPISTRANO FILHO AP 51","ADMINISTRACAO PUBLICA","M","OESTE","baixo","baixo","baixo","baixo","baixo","baixo","baixo","baixo","baixo","medio"
3567486,201406,2014-06-01,2014,"06",0,0,0,"SMS CASA DE PARTO DAVID CAPISTRANO FILHO AP 51","ADMINISTRACAO PUBLICA","M","OESTE","baixo","baixo","baixo","baixo","baixo","baixo","baixo","baixo","baixo","medio"
3567486,201407,2014-07-01,2014,"07",0,0,0,"SMS CASA DE PARTO DAVID CAPISTRANO FILHO AP 51","ADMINISTRACAO PUBLICA","M","OESTE","baixo","baixo","baixo","baixo","medio","alto","baixo","baixo","baixo","medio"
3567486,201408,2014-08-01,2014,"08",0,0,0,"SMS CASA DE PARTO DAVID CAPISTRANO FILHO AP 51","ADMINISTRACAO PUBLICA","M","OESTE","baixo","baixo","baixo","baixo","medio","baixo","baixo","baixo","baixo","medio"
3567486,201409,2014-09-01,2014,"09",0,0,0,"SMS CASA DE PARTO DAVID CAPISTRANO FILHO AP 51","ADMINISTRACAO PUBLICA","M","OESTE","baixo","baixo","baixo","baixo","baixo","baixo","baixo","baixo","baixo","medio"
3567486,201410,2014-10-01,2014,"10",0,0,0,"SMS CASA DE PARTO DAVID CAPISTRANO FILHO AP 51","ADMINISTRACAO PUBLICA","M","OESTE","baixo","baixo","medio","baixo","baixo","baixo","baixo","baixo","baixo","medio"
3567486,201411,2014-11-01,2014,"11",0,0,0,"SMS CASA DE PARTO DAVID CAPISTRANO FILHO AP 51","ADMINISTRACAO PUBLICA","M","OESTE","baixo","baixo","baixo","baixo","baixo","baixo","baixo","baixo","baixo","medio"
3567486,201412,2014-12-01,2014,"12",0,0,0,"SMS CASA DE PARTO DAVID CAPISTRANO FILHO AP 51","ADMINISTRACAO PUBLICA","M","OESTE","baixo","baixo","baixo","baixo","baixo","baixo","baixo","baixo","baixo","medio"
3567486,201501,2015-01-01,2015,"01",0,0,0,"SMS CASA DE PARTO DAVID CAPISTRANO FILHO AP 51","ADMINISTRACAO PUBLICA","M","OESTE","baixo","baixo","baixo","baixo","baixo","baixo","baixo","baixo","baixo","medio"
3567486,201502,2015-02-01,2015,"02",0,0,0,"SMS CASA DE PARTO DAVID CAPISTRANO FILHO AP 51","ADMINISTRACAO PUBLICA","M","OESTE","baixo","baixo","medio","baixo","medio","baixo","baixo","baixo","baixo","medio"
3567486,201503,2015-03-01,2015,"03",0,0,0,"SMS CASA DE PARTO DAVID CAPISTRANO FILHO AP 51","ADMINISTRACAO PUBLICA","M","OESTE","baixo","baixo","baixo","baixo","baixo","baixo","baixo","baixo","baixo","medio"
3567486,201504,2015-04-01,2015,"04",0,0,0,"SMS CASA DE PARTO DAVID CAPISTRANO FILHO AP 51","ADMINISTRACAO PUBLICA","M","OESTE","baixo","baixo","medio","baixo","baixo","baixo","baixo","baixo","baixo","medio"
3567486,201505,2015-05-01,2015,"05",0,0,0,"SMS CASA DE PARTO DAVID CAPISTRANO FILHO AP 51","ADMINISTRACAO PUBLICA","M","OESTE","baixo","baixo","medio","baixo","baixo","baixo","baixo","baixo","baixo","medio"
3567486,201506,2015-06-01,2015,"06",0,0,0,"SMS CASA DE PARTO DAVID CAPISTRANO FILHO AP 51","ADMINISTRACAO PUBLICA","M","OESTE","baixo","baixo","baixo","baixo","baixo","baixo","baixo","baixo","baixo","medio"
3567486,201507,2015-07-01,2015,"07",0,0,0,"SMS CASA DE PARTO DAVID CAPISTRANO FILHO AP 51","ADMINISTRACAO PUBLICA","M","OESTE","baixo","baixo","baixo","baixo","baixo","alto","baixo","baixo","baixo","medio"
3567486,201508,2015-08-01,2015,"08",0,0,0,"SMS CASA DE PARTO DAVID CAPISTRANO FILHO AP 51","ADMINISTRACAO PUBLICA","M","OESTE","baixo","baixo","baixo","baixo","baixo","baixo","baixo","baixo","baixo","medio"
3567486,201509,2015-09-01,2015,"09",0,0,0,"SMS CASA DE PARTO DAVID CAPISTRANO FILHO AP 51","ADMINISTRACAO PUBLICA","M","OESTE","baixo","baixo","baixo","baixo","baixo","baixo","baixo","baixo","baixo","medio"
3567486,201510,2015-10-01,2015,"10",0,0,0,"SMS CASA DE PARTO DAVID CAPISTRANO FILHO AP 51","ADMINISTRACAO PUBLICA","M","OESTE","baixo","baixo","baixo","alto","baixo","baixo","baixo","baixo","baixo","medio"
3567486,201511,2015-11-01,2015,"11",0,0,0,"SMS CASA DE PARTO DAVID CAPISTRANO FILHO AP 51","ADMINISTRACAO PUBLICA","M","OESTE","baixo","baixo","baixo","baixo","baixo","baixo","baixo","baixo","baixo","medio"
3567486,201512,2015-12-01,2015,"12",0,0,0,"SMS CASA DE PARTO DAVID CAPISTRANO FILHO AP 51","ADMINISTRACAO PUBLICA","M","OESTE","baixo","baixo","medio","baixo","baixo","baixo","baixo","baixo","baixo","medio"
3567486,201601,2016-01-01,2016,"01",0,0,0,"SMS CASA DE PARTO DAVID CAPISTRANO FILHO AP 51","ADMINISTRACAO PUBLICA","M","OESTE","baixo","baixo","baixo","baixo","baixo","baixo","baixo","baixo","baixo","medio"
3567486,201602,2016-02-01,2016,"02",0,0,0,"SMS CASA DE PARTO DAVID CAPISTRANO FILHO AP 51","ADMINISTRACAO PUBLICA","M","OESTE","baixo","baixo","baixo","baixo","medio","baixo","baixo","baixo","baixo","medio"
3567486,201603,2016-03-01,2016,"03",0,0,0,"SMS CASA DE PARTO DAVID CAPISTRANO FILHO AP 51","ADMINISTRACAO PUBLICA","M","OESTE","baixo","baixo","baixo","baixo","baixo","baixo","baixo","baixo","baixo","medio"
3567486,201604,2016-04-01,2016,"04",0,0,0,"SMS CASA DE PARTO DAVID CAPISTRANO FILHO AP 51","ADMINISTRACAO PUBLICA","M","OESTE","baixo","baixo","baixo","baixo","baixo","baixo","baixo","baixo","baixo","medio"
3567486,201605,2016-05-01,2016,"05",0,0,0,"SMS CASA DE PARTO DAVID CAPISTRANO FILHO AP 51","ADMINISTRACAO PUBLICA","M","OESTE","baixo","baixo","baixo","baixo","baixo","baixo","baixo","baixo","baixo","medio"
3567486,201606,2016-06-01,2016,"06",0,0,0,"SMS CASA DE PARTO DAVID CAPISTRANO FILHO AP 51","ADMINISTRACAO PUBLICA","M","OESTE","baixo","baixo","baixo","baixo","baixo","baixo","baixo","baixo","baixo","medio"
3567486,201607,2016-07-01,2016,"07",0,0,0,"SMS CASA DE PARTO DAVID CAPISTRANO FILHO AP 51","ADMINISTRACAO PUBLICA","M","OESTE","baixo","baixo","baixo","baixo","baixo","baixo","baixo","baixo","baixo","medio"
3567486,201608,2016-08-01,2016,"08",0,0,0,"SMS CASA DE PARTO DAVID CAPISTRANO FILHO AP 51","ADMINISTRACAO PUBLICA","M","OESTE","baixo","baixo","baixo","alto","baixo","alto","baixo","baixo","baixo","medio"
3567486,201609,2016-09-01,2016,"09",0,0,0,"SMS CASA DE PARTO DAVID CAPISTRANO FILHO AP 51","ADMINISTRACAO PUBLICA","M","OESTE","baixo","baixo","baixo","medio","medio","baixo","baixo","baixo","baixo","medio"
3567486,201610,2016-10-01,2016,"10",0,0,0,"SMS CASA DE PARTO DAVID CAPISTRANO FILHO AP 51","ADMINISTRACAO PUBLICA","M","OESTE","baixo","baixo","medio","baixo","baixo","baixo","baixo","baixo","baixo","medio"
3567486,201611,2016-11-01,2016,"11",0,0,0,"SMS CASA DE PARTO DAVID CAPISTRANO FILHO AP 51","ADMINISTRACAO PUBLICA","M","OESTE","baixo","baixo","baixo","baixo","baixo","baixo","baixo","baixo","baixo","medio"
3567486,201612,2016-12-01,2016,"12",0,0,0,"SMS CASA DE PARTO DAVID CAPISTRANO FILHO AP 51","ADMINISTRACAO PUBLICA","M","OESTE","baixo","baixo","baixo","baixo","baixo","baixo","baixo","baixo","baixo","medio"
3567486,201701,2017-01-01,2017,"01",0,0,0,"SMS CASA DE PARTO DAVID CAPISTRANO FILHO AP 51","ADMINISTRACAO PUBLICA","M","OESTE","baixo","baixo","baixo","baixo","baixo","baixo","baixo","baixo","baixo","medio"
3567486,201702,2017-02-01,2017,"02",0,0,0,"SMS CASA DE PARTO DAVID CAPISTRANO FILHO AP 51","ADMINISTRACAO PUBLICA","M","OESTE","baixo","baixo","baixo","alto","baixo","baixo","baixo","baixo","baixo","medio"
3567486,201703,2017-03-01,2017,"03",0,0,0,"SMS CASA DE PARTO DAVID CAPISTRANO FILHO AP 51","ADMINISTRACAO PUBLICA","M","OESTE","baixo","baixo","baixo","baixo","baixo","baixo","baixo","baixo","baixo","medio"
3567486,201704,2017-04-01,2017,"04",0,0,0,"SMS CASA DE PARTO DAVID CAPISTRANO FILHO AP 51","ADMINISTRACAO PUBLICA","M","OESTE","baixo","baixo","baixo","baixo","medio","baixo","baixo","baixo","baixo","medio"
3567486,201705,2017-05-01,2017,"05",0,0,0,"SMS CASA DE PARTO DAVID CAPISTRANO FILHO AP 51","ADMINISTRACAO PUBLICA","M","OESTE","baixo","baixo","baixo","medio","baixo","alto","baixo","baixo","baixo","medio"
3567486,201706,2017-06-01,2017,"06",0,0,0,"SMS CASA DE PARTO DAVID CAPISTRANO FILHO AP 51","ADMINISTRACAO PUBLICA","M","OESTE","baixo","baixo","baixo","baixo","baixo","baixo","baixo","baixo","baixo","medio"
3567486,201707,2017-07-01,2017,"07",0,0,0,"SMS CASA DE PARTO DAVID CAPISTRANO FILHO AP 51","ADMINISTRACAO PUBLICA","M","OESTE","baixo","baixo","baixo","alto","baixo","alto","baixo","baixo","baixo","medio"
3567486,201708,2017-08-01,2017,"08",0,0,0,"SMS CASA DE PARTO DAVID CAPISTRANO FILHO AP 51","ADMINISTRACAO PUBLICA","M","OESTE","baixo","baixo","baixo","baixo","baixo","baixo","baixo","baixo","baixo","medio"
3567486,201709,2017-09-01,2017,"09",0,0,0,"SMS CASA DE PARTO DAVID CAPISTRANO FILHO AP 51","ADMINISTRACAO PUBLICA","M","OESTE","baixo","baixo","baixo","baixo","baixo","baixo","baixo","baixo","baixo","medio"
3567486,201710,2017-10-01,2017,"10",0,0,0,"SMS CASA DE PARTO DAVID CAPISTRANO FILHO AP 51","ADMINISTRACAO PUBLICA","M","OESTE","baixo","baixo","baixo","baixo","baixo","baixo","baixo","baixo","baixo","medio"
3567486,201711,2017-11-01,2017,"11",0,0,0,"SMS CASA DE PARTO DAVID CAPISTRANO FILHO AP 51","ADMINISTRACAO PUBLICA","M","OESTE","baixo","baixo","baixo","baixo","baixo","baixo","baixo","baixo","baixo","medio"
3567486,201712,2017-12-01,2017,"12",0,0,0,"SMS CASA DE PARTO DAVID CAPISTRANO FILHO AP 51","ADMINISTRACAO PUBLICA","M","OESTE","baixo","baixo","baixo","baixo","baixo","baixo","baixo","baixo","baixo","medio"
5717256,200808,2008-08-01,2008,"08",0,0,0,"SMS HOSPITAL MUNICIPAL RONALDO GAZOLLA AP 33","ADMINISTRACAO PUBLICA","M","NORTE","baixo","medio","alto","baixo","alto","alto","medio","baixo","baixo","medio"
5717256,200809,2008-09-01,2008,"09",11.3636363636364,0,11.3636363636364,"SMS HOSPITAL MUNICIPAL RONALDO GAZOLLA AP 33","ADMINISTRACAO PUBLICA","M","NORTE","baixo","medio","alto","baixo","medio","alto","medio","alto","baixo","alto"
5717256,200810,2008-10-01,2008,"10",7.75193798449612,7.75193798449612,0,"SMS HOSPITAL MUNICIPAL RONALDO GAZOLLA AP 33","ADMINISTRACAO PUBLICA","M","NORTE","medio","baixo","alto","baixo","alto","alto","medio","medio","medio","medio"
5717256,200811,2008-11-01,2008,"11",13.1578947368421,13.1578947368421,0,"SMS HOSPITAL MUNICIPAL RONALDO GAZOLLA AP 33","ADMINISTRACAO PUBLICA","M","NORTE","medio","baixo","medio","baixo","alto","alto","medio","alto","alto","medio"
5717256,200812,2008-12-01,2008,"12",11.4285714285714,5.71428571428571,5.71428571428571,"SMS HOSPITAL MUNICIPAL RONALDO GAZOLLA AP 33","ADMINISTRACAO PUBLICA","M","NORTE","medio","medio","medio","baixo","alto","medio","alto","alto","medio","alto"
5717256,200901,2009-01-01,2009,"01",0,0,0,"SMS HOSPITAL MUNICIPAL RONALDO GAZOLLA AP 33","ADMINISTRACAO PUBLICA","M","NORTE","medio","baixo","baixo",NA,"alto","baixo","medio","baixo","baixo","medio"
5717256,200902,2009-02-01,2009,"02",17.1673819742489,4.29184549356223,12.8755364806867,"SMS HOSPITAL MUNICIPAL RONALDO GAZOLLA AP 33","ADMINISTRACAO PUBLICA","M","NORTE","medio","baixo","baixo",NA,"alto","medio","medio","alto","medio","alto"
5717256,200903,2009-03-01,2009,"03",7.35294117647059,3.67647058823529,3.67647058823529,"SMS HOSPITAL MUNICIPAL RONALDO GAZOLLA AP 33","ADMINISTRACAO PUBLICA","M","NORTE","medio","baixo","baixo",NA,"alto","medio","medio","medio","medio","alto"
5717256,200904,2009-04-01,2009,"04",7.06713780918728,7.06713780918728,0,"SMS HOSPITAL MUNICIPAL RONALDO GAZOLLA AP 33","ADMINISTRACAO PUBLICA","M","NORTE","medio","baixo","baixo",NA,"alto","medio","alto","medio","medio","medio"
5717256,200905,2009-05-01,2009,"05",7.49063670411985,7.49063670411985,0,"SMS HOSPITAL MUNICIPAL RONALDO GAZOLLA AP 33","ADMINISTRACAO PUBLICA","M","NORTE","medio","baixo","baixo",NA,"alto","medio","medio","medio","medio","medio"
5717256,200906,2009-06-01,2009,"06",7.38007380073801,7.38007380073801,0,"SMS HOSPITAL MUNICIPAL RONALDO GAZOLLA AP 33","ADMINISTRACAO PUBLICA","M","NORTE","medio","baixo","baixo",NA,"alto","alto","alto","medio","medio","medio"
5717256,200907,2009-07-01,2009,"07",3.59712230215827,3.59712230215827,0,"SMS HOSPITAL MUNICIPAL RONALDO GAZOLLA AP 33","ADMINISTRACAO PUBLICA","M","NORTE","medio","baixo","baixo",NA,"alto","baixo","medio","medio","medio","medio"
5717256,200908,2009-08-01,2009,"08",10.989010989011,7.32600732600733,3.66300366300366,"SMS HOSPITAL MUNICIPAL RONALDO GAZOLLA AP 33","ADMINISTRACAO PUBLICA","M","NORTE","medio","baixo","baixo",NA,"alto","alto","medio","medio","medio","alto"
5717256,200909,2009-09-01,2009,"09",0,0,0,"SMS HOSPITAL MUNICIPAL RONALDO GAZOLLA AP 33","ADMINISTRACAO PUBLICA","M","NORTE","medio","baixo","baixo",NA,"alto","medio","medio","baixo","baixo","medio"
5717256,200910,2009-10-01,2009,"10",4.85436893203883,4.85436893203883,0,"SMS HOSPITAL MUNICIPAL RONALDO GAZOLLA AP 33","ADMINISTRACAO PUBLICA","M","NORTE","medio","baixo","medio",NA,"medio","baixo","alto","medio","medio","medio"
5717256,200911,2009-11-01,2009,"11",0,0,0,"SMS HOSPITAL MUNICIPAL RONALDO GAZOLLA AP 33","ADMINISTRACAO PUBLICA","M","NORTE","medio","baixo","medio",NA,"alto","medio","medio","baixo","baixo","medio"
5717256,200912,2009-12-01,2009,"12",8.19672131147541,8.19672131147541,0,"SMS HOSPITAL MUNICIPAL RONALDO GAZOLLA AP 33","ADMINISTRACAO PUBLICA","M","NORTE","medio","baixo","medio",NA,"alto","alto","medio","medio","medio","medio"
5717256,201001,2010-01-01,2010,"01",10.1010101010101,10.1010101010101,0,"SMS HOSPITAL MUNICIPAL RONALDO GAZOLLA AP 33","ADMINISTRACAO PUBLICA","M","NORTE","medio","baixo","medio",NA,"alto","alto","medio","medio","alto","medio"
5717256,201002,2010-02-01,2010,"02",3.34448160535117,3.34448160535117,0,"SMS HOSPITAL MUNICIPAL RONALDO GAZOLLA AP 33","ADMINISTRACAO PUBLICA","M","NORTE","medio","baixo","alto",NA,"alto","medio","baixo","baixo","medio","medio"
5717256,201003,2010-03-01,2010,"03",12.012012012012,3.003003003003,9.00900900900901,"SMS HOSPITAL MUNICIPAL RONALDO GAZOLLA AP 33","ADMINISTRACAO PUBLICA","M","NORTE","medio","baixo","medio",NA,"alto","alto","baixo","alto","medio","alto"
5717256,201004,2010-04-01,2010,"04",0,0,0,"SMS HOSPITAL MUNICIPAL RONALDO GAZOLLA AP 33","ADMINISTRACAO PUBLICA","M","NORTE","medio","baixo","medio",NA,"alto","medio","baixo","baixo","baixo","medio"
5717256,201005,2010-05-01,2010,"05",8.64553314121038,8.64553314121038,0,"SMS HOSPITAL MUNICIPAL RONALDO GAZOLLA AP 33","ADMINISTRACAO PUBLICA","M","NORTE","alto","baixo","medio",NA,"alto","medio","medio","medio","alto","medio"
5717256,201006,2010-06-01,2010,"06",3.05810397553517,3.05810397553517,0,"SMS HOSPITAL MUNICIPAL RONALDO GAZOLLA AP 33","ADMINISTRACAO PUBLICA","M","NORTE","medio","baixo","alto",NA,"alto","baixo","baixo","baixo","medio","medio"
5717256,201007,2010-07-01,2010,"07",13.6986301369863,10.958904109589,2.73972602739726,"SMS HOSPITAL MUNICIPAL RONALDO GAZOLLA AP 33","ADMINISTRACAO PUBLICA","M","NORTE","alto","baixo","alto",NA,"alto","medio","medio","alto","alto","alto"
5717256,201008,2010-08-01,2010,"08",0,0,0,"SMS HOSPITAL MUNICIPAL RONALDO GAZOLLA AP 33","ADMINISTRACAO PUBLICA","M","NORTE","medio","baixo","alto",NA,"alto","alto","medio","baixo","baixo","medio"
5717256,201009,2010-09-01,2010,"09",9.70873786407767,3.23624595469256,6.47249190938511,"SMS HOSPITAL MUNICIPAL RONALDO GAZOLLA AP 33","ADMINISTRACAO PUBLICA","M","NORTE","medio","baixo","medio",NA,"medio","medio","medio","medio","medio","alto"
5717256,201010,2010-10-01,2010,"10",3.23624595469256,3.23624595469256,0,"SMS HOSPITAL MUNICIPAL RONALDO GAZOLLA AP 33","ADMINISTRACAO PUBLICA","M","NORTE","medio","baixo","medio",NA,"medio","alto","medio","baixo","medio","medio"
5717256,201011,2010-11-01,2010,"11",6.38977635782748,3.19488817891374,3.19488817891374,"SMS HOSPITAL MUNICIPAL RONALDO GAZOLLA AP 33","ADMINISTRACAO PUBLICA","M","NORTE","medio","baixo","medio",NA,"alto","alto","medio","medio","medio","alto"
5717256,201012,2010-12-01,2010,"12",2.59067357512953,2.59067357512953,0,"SMS HOSPITAL MUNICIPAL RONALDO GAZOLLA AP 33","ADMINISTRACAO PUBLICA","M","NORTE","alto","baixo","medio",NA,"medio","alto","medio","baixo","medio","medio"
5717256,201101,2011-01-01,2011,"01",2.77008310249307,2.77008310249307,0,"SMS HOSPITAL MUNICIPAL RONALDO GAZOLLA AP 33","ADMINISTRACAO PUBLICA","M","NORTE","alto","baixo","alto","baixo","medio","medio","medio","baixo","medio","medio"
5717256,201102,2011-02-01,2011,"02",6.23052959501558,3.11526479750779,3.11526479750779,"SMS HOSPITAL MUNICIPAL RONALDO GAZOLLA AP 33","ADMINISTRACAO PUBLICA","M","NORTE","medio","baixo","medio","baixo","medio","medio","medio","medio","medio","alto"
5717256,201103,2011-03-01,2011,"03",12.4069478908189,9.92555831265509,2.48138957816377,"SMS HOSPITAL MUNICIPAL RONALDO GAZOLLA AP 33","ADMINISTRACAO PUBLICA","M","NORTE","alto","medio","medio","medio","medio","medio","medio","alto","alto","alto"
5717256,201104,2011-04-01,2011,"04",2.59067357512953,2.59067357512953,0,"SMS HOSPITAL MUNICIPAL RONALDO GAZOLLA AP 33","ADMINISTRACAO PUBLICA","M","NORTE","alto","medio","alto","medio","medio","medio","medio","baixo","medio","medio"
5717256,201105,2011-05-01,2011,"05",7.46268656716418,7.46268656716418,0,"SMS HOSPITAL MUNICIPAL RONALDO GAZOLLA AP 33","ADMINISTRACAO PUBLICA","M","NORTE","alto","medio","alto","medio","medio","alto","medio","medio","medio","medio"
5717256,201106,2011-06-01,2011,"06",5.46448087431694,5.46448087431694,0,"SMS HOSPITAL MUNICIPAL RONALDO GAZOLLA AP 33","ADMINISTRACAO PUBLICA","M","NORTE","alto","medio","medio","baixo","medio","medio","baixo","medio","medio","medio"
5717256,201107,2011-07-01,2011,"07",2.73224043715847,2.73224043715847,0,"SMS HOSPITAL MUNICIPAL RONALDO GAZOLLA AP 33","ADMINISTRACAO PUBLICA","M","NORTE","alto","medio","medio","medio","medio","alto","baixo","baixo","medio","medio"
5717256,201108,2011-08-01,2011,"08",2.65957446808511,0,2.65957446808511,"SMS HOSPITAL MUNICIPAL RONALDO GAZOLLA AP 33","ADMINISTRACAO PUBLICA","M","NORTE","alto","baixo","medio","medio","medio","alto","medio","baixo","baixo","alto"
5717256,201109,2011-09-01,2011,"09",6.11620795107034,6.11620795107034,0,"SMS HOSPITAL MUNICIPAL RONALDO GAZOLLA AP 33","ADMINISTRACAO PUBLICA","M","NORTE","medio","baixo","medio","baixo","medio","medio","medio","medio","medio","medio"
5717256,201110,2011-10-01,2011,"10",12.2324159021407,9.1743119266055,3.05810397553517,"SMS HOSPITAL MUNICIPAL RONALDO GAZOLLA AP 33","ADMINISTRACAO PUBLICA","M","NORTE","medio","baixo","alto","baixo","medio","medio","medio","alto","alto","alto"
5717256,201111,2011-11-01,2011,"11",2.79329608938547,2.79329608938547,0,"SMS HOSPITAL MUNICIPAL RONALDO GAZOLLA AP 33","ADMINISTRACAO PUBLICA","M","NORTE","alto","baixo","medio","baixo","baixo","alto","medio","baixo","medio","medio"
5717256,201112,2011-12-01,2011,"12",2.67379679144385,0,2.67379679144385,"SMS HOSPITAL MUNICIPAL RONALDO GAZOLLA AP 33","ADMINISTRACAO PUBLICA","M","NORTE","alto","baixo","medio","baixo","medio","medio","medio","baixo","baixo","alto"
5717256,201201,2012-01-01,2012,"01",17.4563591022444,9.97506234413965,7.48129675810474,"SMS HOSPITAL MUNICIPAL RONALDO GAZOLLA AP 33","ADMINISTRACAO PUBLICA","M","NORTE","alto","baixo","medio",NA,"medio","medio","medio","alto","alto","alto"
5717256,201202,2012-02-01,2012,"02",4.65116279069767,4.65116279069767,0,"SMS HOSPITAL MUNICIPAL RONALDO GAZOLLA AP 33","ADMINISTRACAO PUBLICA","M","NORTE","alto","medio","medio",NA,"medio","medio","medio","medio","medio","medio"
5717256,201203,2012-03-01,2012,"03",4.60829493087558,2.30414746543779,2.30414746543779,"SMS HOSPITAL MUNICIPAL RONALDO GAZOLLA AP 33","ADMINISTRACAO PUBLICA","M","NORTE","alto","medio","medio",NA,"medio","alto","medio","medio","medio","alto"
5717256,201204,2012-04-01,2012,"04",8.42105263157895,2.10526315789474,6.31578947368421,"SMS HOSPITAL MUNICIPAL RONALDO GAZOLLA AP 33","ADMINISTRACAO PUBLICA","M","NORTE","alto","baixo","medio",NA,"medio","alto","medio","medio","medio","alto"
5717256,201205,2012-05-01,2012,"05",15.5902004454343,8.9086859688196,6.6815144766147,"SMS HOSPITAL MUNICIPAL RONALDO GAZOLLA AP 33","ADMINISTRACAO PUBLICA","M","NORTE","alto","medio","alto",NA,"medio","medio","medio","alto","alto","alto"
5717256,201206,2012-06-01,2012,"06",10.3092783505155,7.7319587628866,2.57731958762887,"SMS HOSPITAL MUNICIPAL RONALDO GAZOLLA AP 33","ADMINISTRACAO PUBLICA","M","NORTE","alto","medio","alto",NA,"medio","alto","medio","medio","medio","alto"
5717256,201207,2012-07-01,2012,"07",12.7226463104326,7.63358778625954,5.08905852417303,"SMS HOSPITAL MUNICIPAL RONALDO GAZOLLA AP 33","ADMINISTRACAO PUBLICA","M","NORTE","alto","medio","medio",NA,"medio","alto","medio","alto","medio","alto"
5717256,201208,2012-08-01,2012,"08",24.3243243243243,18.9189189189189,5.40540540540541,"SMS HOSPITAL MUNICIPAL RONALDO GAZOLLA AP 33","ADMINISTRACAO PUBLICA","M","NORTE","alto","medio","medio",NA,"medio","alto","alto","alto","alto","alto"
5717256,201209,2012-09-01,2012,"09",0,0,0,"SMS HOSPITAL MUNICIPAL RONALDO GAZOLLA AP 33","ADMINISTRACAO PUBLICA","M","NORTE","medio","medio","medio",NA,"medio","alto","medio","baixo","baixo","medio"
5717256,201210,2012-10-01,2012,"10",3.26797385620915,3.26797385620915,0,"SMS HOSPITAL MUNICIPAL RONALDO GAZOLLA AP 33","ADMINISTRACAO PUBLICA","M","NORTE","medio","baixo","medio",NA,"medio","alto","medio","baixo","medio","medio"
5717256,201211,2012-11-01,2012,"11",25.1572327044025,18.8679245283019,6.28930817610063,"SMS HOSPITAL MUNICIPAL RONALDO GAZOLLA AP 33","ADMINISTRACAO PUBLICA","M","NORTE","medio","medio","alto",NA,"medio","alto","medio","alto","alto","alto"
5717256,201212,2012-12-01,2012,"12",23.0263157894737,16.4473684210526,6.57894736842105,"SMS HOSPITAL MUNICIPAL RONALDO GAZOLLA AP 33","ADMINISTRACAO PUBLICA","M","NORTE","medio","medio","medio",NA,"medio","alto","medio","alto","alto","alto"
5717256,201301,2013-01-01,2013,"01",15.527950310559,12.4223602484472,3.1055900621118,"SMS HOSPITAL MUNICIPAL RONALDO GAZOLLA AP 33","ADMINISTRACAO PUBLICA","M","NORTE","medio","medio","medio","alto","medio","alto","medio","alto","alto","alto"
5717256,201302,2013-02-01,2013,"02",9.83606557377049,9.83606557377049,0,"SMS HOSPITAL MUNICIPAL RONALDO GAZOLLA AP 33","ADMINISTRACAO PUBLICA","M","NORTE","medio","alto","alto","medio","medio","alto","medio","medio","alto","medio"
5717256,201303,2013-03-01,2013,"03",24.390243902439,24.390243902439,0,"SMS HOSPITAL MUNICIPAL RONALDO GAZOLLA AP 33","ADMINISTRACAO PUBLICA","M","NORTE","medio","alto","alto","medio","medio","medio","medio","alto","alto","medio"
5717256,201304,2013-04-01,2013,"04",11.3314447592068,11.3314447592068,0,"SMS HOSPITAL MUNICIPAL RONALDO GAZOLLA AP 33","ADMINISTRACAO PUBLICA","M","NORTE","alto","medio","medio","baixo","medio","alto","alto","medio","alto","medio"
5717256,201305,2013-05-01,2013,"05",17.5,15,2.5,"SMS HOSPITAL MUNICIPAL RONALDO GAZOLLA AP 33","ADMINISTRACAO PUBLICA","M","NORTE","alto","alto","alto","medio","medio","medio","medio","alto","alto","alto"
5717256,201306,2013-06-01,2013,"06",32.4483775811209,29.4985250737463,2.94985250737463,"SMS HOSPITAL MUNICIPAL RONALDO GAZOLLA AP 33","ADMINISTRACAO PUBLICA","M","NORTE","medio","alto","medio","medio","medio","alto","alto","alto","alto","alto"
5717256,201307,2013-07-01,2013,"07",14.6627565982405,11.7302052785924,2.93255131964809,"SMS HOSPITAL MUNICIPAL RONALDO GAZOLLA AP 33","ADMINISTRACAO PUBLICA","M","NORTE","medio","medio","alto","baixo","medio","alto","alto","alto","alto","alto"
5717256,201308,2013-08-01,2013,"08",13.2275132275132,13.2275132275132,0,"SMS HOSPITAL MUNICIPAL RONALDO GAZOLLA AP 33","ADMINISTRACAO PUBLICA","M","NORTE","alto","alto","medio","baixo","medio","medio","medio","alto","alto","medio"
5717256,201309,2013-09-01,2013,"09",15.1975683890578,12.1580547112462,3.03951367781155,"SMS HOSPITAL MUNICIPAL RONALDO GAZOLLA AP 33","ADMINISTRACAO PUBLICA","M","NORTE","medio","baixo","medio","medio","medio","medio","medio","alto","alto","alto"
5717256,201310,2013-10-01,2013,"10",13.2450331125828,9.93377483443709,3.3112582781457,"SMS HOSPITAL MUNICIPAL RONALDO GAZOLLA AP 33","ADMINISTRACAO PUBLICA","M","NORTE","medio","medio","medio","baixo","medio","alto","medio","alto","alto","alto"
5717256,201311,2013-11-01,2013,"11",12.9032258064516,6.45161290322581,6.45161290322581,"SMS HOSPITAL MUNICIPAL RONALDO GAZOLLA AP 33","ADMINISTRACAO PUBLICA","M","NORTE","medio","medio","medio","medio","medio","baixo","medio","alto","medio","alto"
5717256,201312,2013-12-01,2013,"12",10.6007067137809,7.06713780918728,3.53356890459364,"SMS HOSPITAL MUNICIPAL RONALDO GAZOLLA AP 33","ADMINISTRACAO PUBLICA","M","NORTE","medio","alto","alto","baixo","medio","medio","alto","medio","medio","alto"
5717256,201401,2014-01-01,2014,"01",15.9235668789809,15.9235668789809,0,"SMS HOSPITAL MUNICIPAL RONALDO GAZOLLA AP 33","ADMINISTRACAO PUBLICA","M","NORTE","medio","alto","alto","baixo","medio","alto","medio","alto","alto","medio"
5717256,201402,2014-02-01,2014,"02",8.52272727272727,5.68181818181818,2.84090909090909,"SMS HOSPITAL MUNICIPAL RONALDO GAZOLLA AP 33","ADMINISTRACAO PUBLICA","M","NORTE","alto","alto","medio","medio","medio","alto","medio","medio","medio","alto"
5717256,201403,2014-03-01,2014,"03",7.19424460431655,7.19424460431655,0,"SMS HOSPITAL MUNICIPAL RONALDO GAZOLLA AP 33","ADMINISTRACAO PUBLICA","M","NORTE","alto","alto","medio","medio","medio","medio","medio","medio","medio","medio"
5717256,201404,2014-04-01,2014,"04",15.1515151515152,15.1515151515152,0,"SMS HOSPITAL MUNICIPAL RONALDO GAZOLLA AP 33","ADMINISTRACAO PUBLICA","M","NORTE","alto","alto","alto","medio","medio","alto","medio","alto","alto","medio"
5717256,201405,2014-05-01,2014,"05",7.2289156626506,7.2289156626506,0,"SMS HOSPITAL MUNICIPAL RONALDO GAZOLLA AP 33","ADMINISTRACAO PUBLICA","M","NORTE","alto","alto","alto","baixo","medio","medio","alto","medio","medio","medio"
5717256,201406,2014-06-01,2014,"06",24.3243243243243,18.9189189189189,5.40540540540541,"SMS HOSPITAL MUNICIPAL RONALDO GAZOLLA AP 33","ADMINISTRACAO PUBLICA","M","NORTE","alto","alto","alto","medio","medio","alto","alto","alto","alto","alto"
5717256,201407,2014-07-01,2014,"07",12.0192307692308,9.61538461538462,2.40384615384615,"SMS HOSPITAL MUNICIPAL RONALDO GAZOLLA AP 33","ADMINISTRACAO PUBLICA","M","NORTE","alto","medio","alto","alto","medio","medio","medio","alto","alto","alto"
5717256,201408,2014-08-01,2014,"08",13.1233595800525,13.1233595800525,0,"SMS HOSPITAL MUNICIPAL RONALDO GAZOLLA AP 33","ADMINISTRACAO PUBLICA","M","NORTE","alto","medio","alto","medio","medio","medio","medio","alto","alto","medio"
5717256,201409,2014-09-01,2014,"09",16.5289256198347,16.5289256198347,0,"SMS HOSPITAL MUNICIPAL RONALDO GAZOLLA AP 33","ADMINISTRACAO PUBLICA","M","NORTE","alto","medio","medio","medio","medio","alto","medio","alto","alto","medio"
5717256,201410,2014-10-01,2014,"10",5.81395348837209,2.90697674418605,2.90697674418605,"SMS HOSPITAL MUNICIPAL RONALDO GAZOLLA AP 33","ADMINISTRACAO PUBLICA","M","NORTE","medio","medio","medio","baixo","baixo","alto","alto","medio","medio","alto"
5717256,201411,2014-11-01,2014,"11",13.2013201320132,13.2013201320132,0,"SMS HOSPITAL MUNICIPAL RONALDO GAZOLLA AP 33","ADMINISTRACAO PUBLICA","M","NORTE","medio","medio","medio","medio","medio","alto","alto","alto","alto","medio"
5717256,201412,2014-12-01,2014,"12",14.0056022408964,11.2044817927171,2.80112044817927,"SMS HOSPITAL MUNICIPAL RONALDO GAZOLLA AP 33","ADMINISTRACAO PUBLICA","M","NORTE","alto","alto","medio","medio","medio","medio","alto","alto","alto","alto"
5717256,201501,2015-01-01,2015,"01",5.27704485488127,5.27704485488127,0,"SMS HOSPITAL MUNICIPAL RONALDO GAZOLLA AP 33","ADMINISTRACAO PUBLICA","M","NORTE","alto","alto","alto","medio","medio","medio","medio","medio","medio","medio"
5717256,201502,2015-02-01,2015,"02",24.4648318042813,24.4648318042813,0,"SMS HOSPITAL MUNICIPAL RONALDO GAZOLLA AP 33","ADMINISTRACAO PUBLICA","M","NORTE","medio","alto","alto","alto","medio","medio","alto","alto","alto","medio"
5717256,201503,2015-03-01,2015,"03",15.3452685421995,10.230179028133,5.1150895140665,"SMS HOSPITAL MUNICIPAL RONALDO GAZOLLA AP 33","ADMINISTRACAO PUBLICA","M","NORTE","alto","medio","medio","medio","medio","alto","alto","alto","alto","alto"
5717256,201504,2015-04-01,2015,"04",14.1643059490085,8.4985835694051,5.6657223796034,"SMS HOSPITAL MUNICIPAL RONALDO GAZOLLA AP 33","ADMINISTRACAO PUBLICA","M","NORTE","alto","medio","medio","medio","medio","medio","medio","alto","alto","alto"
5717256,201505,2015-05-01,2015,"05",18.8679245283019,18.8679245283019,0,"SMS HOSPITAL MUNICIPAL RONALDO GAZOLLA AP 33","ADMINISTRACAO PUBLICA","M","NORTE","medio","medio","medio","medio","medio","medio","medio","alto","alto","medio"
5717256,201506,2015-06-01,2015,"06",12.3839009287926,12.3839009287926,0,"SMS HOSPITAL MUNICIPAL RONALDO GAZOLLA AP 33","ADMINISTRACAO PUBLICA","M","NORTE","medio","medio","medio","alto","medio","medio","medio","alto","alto","medio"
5717256,201507,2015-07-01,2015,"07",14.1643059490085,11.3314447592068,2.8328611898017,"SMS HOSPITAL MUNICIPAL RONALDO GAZOLLA AP 33","ADMINISTRACAO PUBLICA","M","NORTE","alto","baixo","medio","medio","baixo","medio","alto","alto","alto","alto"
5717256,201508,2015-08-01,2015,"08",16.1290322580645,16.1290322580645,0,"SMS HOSPITAL MUNICIPAL RONALDO GAZOLLA AP 33","ADMINISTRACAO PUBLICA","M","NORTE","alto","medio","medio","medio","baixo","medio","alto","alto","alto","medio"
5717256,201509,2015-09-01,2015,"09",13.3689839572193,13.3689839572193,0,"SMS HOSPITAL MUNICIPAL RONALDO GAZOLLA AP 33","ADMINISTRACAO PUBLICA","M","NORTE","alto","baixo","medio","medio","baixo","alto","medio","alto","alto","medio"
5717256,201510,2015-10-01,2015,"10",11.0497237569061,11.0497237569061,0,"SMS HOSPITAL MUNICIPAL RONALDO GAZOLLA AP 33","ADMINISTRACAO PUBLICA","M","NORTE","alto","alto","medio","baixo","medio","alto","alto","medio","alto","medio"
5717256,201511,2015-11-01,2015,"11",11.5606936416185,8.67052023121387,2.89017341040462,"SMS HOSPITAL MUNICIPAL RONALDO GAZOLLA AP 33","ADMINISTRACAO PUBLICA","M","NORTE","medio","medio","medio","medio","baixo","baixo","alto","alto","alto","alto"
5717256,201512,2015-12-01,2015,"12",18.018018018018,15.015015015015,3.003003003003,"SMS HOSPITAL MUNICIPAL RONALDO GAZOLLA AP 33","ADMINISTRACAO PUBLICA","M","NORTE","medio","medio","medio","medio","baixo","alto","alto","alto","alto","alto"
5717256,201601,2016-01-01,2016,"01",10.5263157894737,10.5263157894737,0,"SMS HOSPITAL MUNICIPAL RONALDO GAZOLLA AP 33","ADMINISTRACAO PUBLICA","M","NORTE","alto","alto","medio","medio","baixo","alto","alto","medio","alto","medio"
5717256,201602,2016-02-01,2016,"02",5.73065902578797,2.86532951289398,2.86532951289398,"SMS HOSPITAL MUNICIPAL RONALDO GAZOLLA AP 33","ADMINISTRACAO PUBLICA","M","NORTE","alto","alto","medio","alto","baixo","alto","alto","medio","medio","alto"
5717256,201603,2016-03-01,2016,"03",17.0316301703163,12.1654501216545,4.8661800486618,"SMS HOSPITAL MUNICIPAL RONALDO GAZOLLA AP 33","ADMINISTRACAO PUBLICA","M","NORTE","alto","alto","medio","baixo","baixo","alto","medio","alto","alto","alto"
5717256,201604,2016-04-01,2016,"04",8.35654596100279,8.35654596100279,0,"SMS HOSPITAL MUNICIPAL RONALDO GAZOLLA AP 33","ADMINISTRACAO PUBLICA","M","NORTE","alto","alto","medio","medio","baixo","medio","medio","medio","alto","medio"
5717256,201605,2016-05-01,2016,"05",14.6699266503667,12.2249388753056,2.44498777506112,"SMS HOSPITAL MUNICIPAL RONALDO GAZOLLA AP 33","ADMINISTRACAO PUBLICA","M","NORTE","alto","alto","medio","alto","baixo","alto","medio","alto","alto","alto"
5717256,201606,2016-06-01,2016,"06",13.550135501355,8.13008130081301,5.42005420054201,"SMS HOSPITAL MUNICIPAL RONALDO GAZOLLA AP 33","ADMINISTRACAO PUBLICA","M","NORTE","alto","alto","medio","baixo","baixo","alto","medio","alto","medio","alto"
5717256,201607,2016-07-01,2016,"07",3.003003003003,3.003003003003,0,"SMS HOSPITAL MUNICIPAL RONALDO GAZOLLA AP 33","ADMINISTRACAO PUBLICA","M","NORTE","medio","medio","medio","medio","baixo","baixo","medio","baixo","medio","medio"
5717256,201608,2016-08-01,2016,"08",12.1951219512195,3.04878048780488,9.14634146341463,"SMS HOSPITAL MUNICIPAL RONALDO GAZOLLA AP 33","ADMINISTRACAO PUBLICA","M","NORTE","medio","alto","medio","medio","baixo","medio","medio","alto","medio","alto"
5717256,201609,2016-09-01,2016,"09",9.9009900990099,9.9009900990099,0,"SMS HOSPITAL MUNICIPAL RONALDO GAZOLLA AP 33","ADMINISTRACAO PUBLICA","M","NORTE","medio","alto","medio","medio","baixo","medio","alto","medio","alto","medio"
5717256,201610,2016-10-01,2016,"10",6.04229607250755,6.04229607250755,0,"SMS HOSPITAL MUNICIPAL RONALDO GAZOLLA AP 33","ADMINISTRACAO PUBLICA","M","NORTE","medio","alto","medio","medio","baixo","medio","medio","medio","medio","medio"
5717256,201611,2016-11-01,2016,"11",20.2898550724638,11.5942028985507,8.69565217391304,"SMS HOSPITAL MUNICIPAL RONALDO GAZOLLA AP 33","ADMINISTRACAO PUBLICA","M","NORTE","medio","medio","medio","baixo","baixo","medio","medio","alto","alto","alto"
5717256,201612,2016-12-01,2016,"12",7.8125,7.8125,0,"SMS HOSPITAL MUNICIPAL RONALDO GAZOLLA AP 33","ADMINISTRACAO PUBLICA","M","NORTE","alto","medio","medio","medio","baixo","alto","medio","medio","medio","medio"
5717256,201701,2017-01-01,2017,"01",11.4942528735632,11.4942528735632,0,"SMS HOSPITAL MUNICIPAL RONALDO GAZOLLA AP 33","ADMINISTRACAO PUBLICA","M","NORTE","alto","alto","medio","medio","baixo","alto","medio","alto","alto","medio"
5717256,201702,2017-02-01,2017,"02",6.99300699300699,6.99300699300699,0,"SMS HOSPITAL MUNICIPAL RONALDO GAZOLLA AP 33","ADMINISTRACAO PUBLICA","M","NORTE","alto","alto","medio","medio","baixo","medio","medio","medio","medio","medio"
5717256,201703,2017-03-01,2017,"03",8.1799591002045,8.1799591002045,0,"SMS HOSPITAL MUNICIPAL RONALDO GAZOLLA AP 33","ADMINISTRACAO PUBLICA","M","NORTE","alto","medio","medio","medio","baixo","medio","medio","medio","medio","medio"
5717256,201704,2017-04-01,2017,"04",7.63358778625954,7.63358778625954,0,"SMS HOSPITAL MUNICIPAL RONALDO GAZOLLA AP 33","ADMINISTRACAO PUBLICA","M","NORTE","alto","medio","baixo","medio","baixo","baixo","baixo","medio","medio","medio"
5717256,201705,2017-05-01,2017,"05",7.32600732600733,5.49450549450549,1.83150183150183,"SMS HOSPITAL MUNICIPAL RONALDO GAZOLLA AP 33","ADMINISTRACAO PUBLICA","M","NORTE","alto","alto","baixo","alto","baixo","medio","medio","medio","medio","medio"
5717256,201706,2017-06-01,2017,"06",6.66666666666667,4.44444444444444,2.22222222222222,"SMS HOSPITAL MUNICIPAL RONALDO GAZOLLA AP 33","ADMINISTRACAO PUBLICA","M","NORTE","alto","medio","baixo","alto","baixo","baixo","medio","medio","medio","medio"
5717256,201707,2017-07-01,2017,"07",14.8936170212766,10.6382978723404,4.25531914893617,"SMS HOSPITAL MUNICIPAL RONALDO GAZOLLA AP 33","ADMINISTRACAO PUBLICA","M","NORTE","alto","medio","baixo","medio","baixo","medio","medio","alto","alto","alto"
5717256,201708,2017-08-01,2017,"08",11.8811881188119,7.92079207920792,3.96039603960396,"SMS HOSPITAL MUNICIPAL RONALDO GAZOLLA AP 33","ADMINISTRACAO PUBLICA","M","NORTE","alto","medio","medio","alto","baixo","medio","medio","alto","medio","alto"
5717256,201709,2017-09-01,2017,"09",7.2289156626506,4.81927710843374,2.40963855421687,"SMS HOSPITAL MUNICIPAL RONALDO GAZOLLA AP 33","ADMINISTRACAO PUBLICA","M","NORTE","alto","medio","baixo","medio","baixo","medio","medio","medio","medio","alto"
5717256,201710,2017-10-01,2017,"10",19.4986072423398,19.4986072423398,0,"SMS HOSPITAL MUNICIPAL RONALDO GAZOLLA AP 33","ADMINISTRACAO PUBLICA","M","NORTE","alto","medio","baixo","medio","baixo","medio","medio","alto","alto","medio"
5717256,201711,2017-11-01,2017,"11",8.31024930747922,8.31024930747922,0,"SMS HOSPITAL MUNICIPAL RONALDO GAZOLLA AP 33","ADMINISTRACAO PUBLICA","M","NORTE","alto","alto","baixo","medio","baixo","baixo","medio","medio","medio","medio"
5717256,201712,2017-12-01,2017,"12",5.73065902578797,2.86532951289398,2.86532951289398,"SMS HOSPITAL MUNICIPAL RONALDO GAZOLLA AP 33","ADMINISTRACAO PUBLICA","M","NORTE","alto","medio","baixo","alto","baixo","medio","medio","medio","medio","alto"
6159397,200901,2009-01-01,2009,"01",0,0,0,"PERINATAL BARRA CASA DE SAUDE LARANJEIRAS","ENTIDADES EMPRESARIAIS","E","OESTE","baixo","baixo","baixo",NA,"baixo","baixo","alto","baixo","baixo","medio"
6159397,200902,2009-02-01,2009,"02",0,0,0,"PERINATAL BARRA CASA DE SAUDE LARANJEIRAS","ENTIDADES EMPRESARIAIS","E","OESTE","medio","baixo","baixo",NA,"baixo","baixo","alto","baixo","baixo","medio"
6159397,200903,2009-03-01,2009,"03",0,0,0,"PERINATAL BARRA CASA DE SAUDE LARANJEIRAS","ENTIDADES EMPRESARIAIS","E","OESTE","medio","medio","baixo",NA,"baixo","baixo","alto","baixo","baixo","medio"
6159397,200904,2009-04-01,2009,"04",0,0,0,"PERINATAL BARRA CASA DE SAUDE LARANJEIRAS","ENTIDADES EMPRESARIAIS","E","OESTE","medio","medio","baixo",NA,"medio","baixo","alto","baixo","baixo","medio"
6159397,200905,2009-05-01,2009,"05",5.20833333333333,0,5.20833333333333,"PERINATAL BARRA CASA DE SAUDE LARANJEIRAS","ENTIDADES EMPRESARIAIS","E","OESTE","medio","alto","baixo",NA,"alto","baixo","alto","medio","baixo","alto"
6159397,200906,2009-06-01,2009,"06",4.09836065573771,4.09836065573771,0,"PERINATAL BARRA CASA DE SAUDE LARANJEIRAS","ENTIDADES EMPRESARIAIS","E","OESTE","medio","medio","baixo",NA,"baixo","medio","alto","medio","medio","medio"
6159397,200907,2009-07-01,2009,"07",0,0,0,"PERINATAL BARRA CASA DE SAUDE LARANJEIRAS","ENTIDADES EMPRESARIAIS","E","OESTE","medio","baixo","baixo",NA,"baixo","baixo","alto","baixo","baixo","medio"
6159397,200908,2009-08-01,2009,"08",7.54716981132075,3.77358490566038,3.77358490566038,"PERINATAL BARRA CASA DE SAUDE LARANJEIRAS","ENTIDADES EMPRESARIAIS","E","OESTE","medio","medio","baixo",NA,"baixo","baixo","alto","medio","medio","alto"
6159397,200909,2009-09-01,2009,"09",3.03030303030303,3.03030303030303,0,"PERINATAL BARRA CASA DE SAUDE LARANJEIRAS","ENTIDADES EMPRESARIAIS","E","OESTE","medio","medio","baixo",NA,"baixo","medio","alto","baixo","medio","medio"
6159397,200910,2009-10-01,2009,"10",4.01606425702811,4.01606425702811,0,"PERINATAL BARRA CASA DE SAUDE LARANJEIRAS","ENTIDADES EMPRESARIAIS","E","OESTE","medio","medio","baixo",NA,"baixo","baixo","alto","medio","medio","medio"
6159397,200911,2009-11-01,2009,"11",7.2463768115942,7.2463768115942,0,"PERINATAL BARRA CASA DE SAUDE LARANJEIRAS","ENTIDADES EMPRESARIAIS","E","OESTE","medio","medio","baixo",NA,"baixo","baixo","alto","medio","medio","medio"
6159397,200912,2009-12-01,2009,"12",0,0,0,"PERINATAL BARRA CASA DE SAUDE LARANJEIRAS","ENTIDADES EMPRESARIAIS","E","OESTE","medio","alto","baixo",NA,"baixo","baixo","alto","baixo","baixo","medio"
6159397,201001,2010-01-01,2010,"01",0,0,0,"PERINATAL BARRA CASA DE SAUDE LARANJEIRAS","ENTIDADES EMPRESARIAIS","E","OESTE","medio","medio","baixo",NA,"baixo","medio","alto","baixo","baixo","medio"
6159397,201002,2010-02-01,2010,"02",0,0,0,"PERINATAL BARRA CASA DE SAUDE LARANJEIRAS","ENTIDADES EMPRESARIAIS","E","OESTE","medio","medio","baixo",NA,"baixo","baixo","alto","baixo","baixo","medio"
6159397,201003,2010-03-01,2010,"03",6.00600600600601,6.00600600600601,0,"PERINATAL BARRA CASA DE SAUDE LARANJEIRAS","ENTIDADES EMPRESARIAIS","E","OESTE","medio","baixo","baixo",NA,"baixo","baixo","alto","medio","medio","medio"
6159397,201004,2010-04-01,2010,"04",3.59712230215827,3.59712230215827,0,"PERINATAL BARRA CASA DE SAUDE LARANJEIRAS","ENTIDADES EMPRESARIAIS","E","OESTE","medio","medio","baixo",NA,"baixo","medio","alto","medio","medio","medio"
6159397,201005,2010-05-01,2010,"05",3.07692307692308,0,3.07692307692308,"PERINATAL BARRA CASA DE SAUDE LARANJEIRAS","ENTIDADES EMPRESARIAIS","E","OESTE","medio","medio","baixo",NA,"baixo","baixo","alto","baixo","baixo","alto"
6159397,201006,2010-06-01,2010,"06",3.003003003003,3.003003003003,0,"PERINATAL BARRA CASA DE SAUDE LARANJEIRAS","ENTIDADES EMPRESARIAIS","E","OESTE","medio","baixo","baixo",NA,"baixo","baixo","alto","baixo","medio","medio"
6159397,201007,2010-07-01,2010,"07",2.56410256410256,2.56410256410256,0,"PERINATAL BARRA CASA DE SAUDE LARANJEIRAS","ENTIDADES EMPRESARIAIS","E","OESTE","alto","medio","baixo",NA,"baixo","baixo","alto","baixo","medio","medio"
6159397,201008,2010-08-01,2010,"08",2.80898876404494,2.80898876404494,0,"PERINATAL BARRA CASA DE SAUDE LARANJEIRAS","ENTIDADES EMPRESARIAIS","E","OESTE","alto","medio","baixo",NA,"baixo","baixo","alto","baixo","medio","medio"
6159397,201009,2010-09-01,2010,"09",4.91400491400491,0,4.91400491400491,"PERINATAL BARRA CASA DE SAUDE LARANJEIRAS","ENTIDADES EMPRESARIAIS","E","OESTE","alto","medio","baixo",NA,"baixo","baixo","alto","medio","baixo","alto"
6159397,201010,2010-10-01,2010,"10",0,0,0,"PERINATAL BARRA CASA DE SAUDE LARANJEIRAS","ENTIDADES EMPRESARIAIS","E","OESTE","alto","medio","baixo",NA,"baixo","baixo","alto","baixo","baixo","medio"
6159397,201011,2010-11-01,2010,"11",2.77777777777778,0,2.77777777777778,"PERINATAL BARRA CASA DE SAUDE LARANJEIRAS","ENTIDADES EMPRESARIAIS","E","OESTE","alto","medio","baixo",NA,"baixo","baixo","alto","baixo","baixo","alto"
6159397,201012,2010-12-01,2010,"12",0,0,0,"PERINATAL BARRA CASA DE SAUDE LARANJEIRAS","ENTIDADES EMPRESARIAIS","E","OESTE","alto","medio","baixo",NA,"baixo","baixo","alto","baixo","baixo","medio"
6159397,201101,2011-01-01,2011,"01",12.3152709359606,4.92610837438424,7.38916256157635,"PERINATAL BARRA CASA DE SAUDE LARANJEIRAS","ENTIDADES EMPRESARIAIS","E","OESTE","alto","medio","baixo","alto","baixo","medio","alto","alto","medio","alto"
6159397,201102,2011-02-01,2011,"02",5.36193029490617,2.68096514745308,2.68096514745308,"PERINATAL BARRA CASA DE SAUDE LARANJEIRAS","ENTIDADES EMPRESARIAIS","E","OESTE","alto","medio","baixo","alto","baixo","baixo","alto","medio","medio","alto"
6159397,201103,2011-03-01,2011,"03",4.69483568075117,2.34741784037559,2.34741784037559,"PERINATAL BARRA CASA DE SAUDE LARANJEIRAS","ENTIDADES EMPRESARIAIS","E","OESTE","alto","alto","baixo","alto","baixo","baixo","alto","medio","medio","alto"
6159397,201104,2011-04-01,2011,"04",2.46305418719212,0,2.46305418719212,"PERINATAL BARRA CASA DE SAUDE LARANJEIRAS","ENTIDADES EMPRESARIAIS","E","OESTE","alto","alto","baixo","alto","baixo","baixo","alto","baixo","baixo","alto"
6159397,201105,2011-05-01,2011,"05",0,0,0,"PERINATAL BARRA CASA DE SAUDE LARANJEIRAS","ENTIDADES EMPRESARIAIS","E","OESTE","alto","alto","baixo","alto","baixo","baixo","alto","baixo","baixo","medio"
6159397,201106,2011-06-01,2011,"06",0,0,0,"PERINATAL BARRA CASA DE SAUDE LARANJEIRAS","ENTIDADES EMPRESARIAIS","E","OESTE","alto","alto","baixo","alto","baixo","baixo","alto","baixo","baixo","medio"
6159397,201107,2011-07-01,2011,"07",4.64037122969838,4.64037122969838,0,"PERINATAL BARRA CASA DE SAUDE LARANJEIRAS","ENTIDADES EMPRESARIAIS","E","OESTE","alto","medio","baixo","alto","baixo","baixo","alto","medio","medio","medio"
6159397,201108,2011-08-01,2011,"08",4.68384074941452,4.68384074941452,0,"PERINATAL BARRA CASA DE SAUDE LARANJEIRAS","ENTIDADES EMPRESARIAIS","E","OESTE","alto","alto","baixo","alto","baixo","baixo","alto","medio","medio","medio"
6159397,201109,2011-09-01,2011,"09",7.2289156626506,7.2289156626506,0,"PERINATAL BARRA CASA DE SAUDE LARANJEIRAS","ENTIDADES EMPRESARIAIS","E","OESTE","alto","alto","baixo","alto","baixo","baixo","alto","medio","medio","medio"
6159397,201110,2011-10-01,2011,"10",7.2463768115942,2.41545893719807,4.83091787439614,"PERINATAL BARRA CASA DE SAUDE LARANJEIRAS","ENTIDADES EMPRESARIAIS","E","OESTE","alto","baixo","baixo","alto","baixo","baixo","alto","medio","medio","alto"
6159397,201111,2011-11-01,2011,"11",2.6246719160105,0,2.6246719160105,"PERINATAL BARRA CASA DE SAUDE LARANJEIRAS","ENTIDADES EMPRESARIAIS","E","OESTE","alto","alto","baixo","alto","baixo","baixo","alto","baixo","baixo","alto"
6159397,201112,2011-12-01,2011,"12",4.3956043956044,0,4.3956043956044,"PERINATAL BARRA CASA DE SAUDE LARANJEIRAS","ENTIDADES EMPRESARIAIS","E","OESTE","alto","medio","baixo","alto","baixo","baixo","alto","medio","baixo","alto"
6159397,201201,2012-01-01,2012,"01",0,0,0,"PERINATAL BARRA CASA DE SAUDE LARANJEIRAS","ENTIDADES EMPRESARIAIS","E","OESTE","alto","alto","baixo",NA,"baixo","baixo","alto","baixo","baixo","medio"
6159397,201202,2012-02-01,2012,"02",7.26392251815981,2.42130750605327,4.84261501210654,"PERINATAL BARRA CASA DE SAUDE LARANJEIRAS","ENTIDADES EMPRESARIAIS","E","OESTE","alto","alto","baixo",NA,"baixo","baixo","alto","medio","medio","alto"
6159397,201203,2012-03-01,2012,"03",0,0,0,"PERINATAL BARRA CASA DE SAUDE LARANJEIRAS","ENTIDADES EMPRESARIAIS","E","OESTE","alto","medio","baixo",NA,"baixo","baixo","alto","baixo","baixo","medio"
6159397,201204,2012-04-01,2012,"04",4.84261501210654,0,4.84261501210654,"PERINATAL BARRA CASA DE SAUDE LARANJEIRAS","ENTIDADES EMPRESARIAIS","E","OESTE","alto","alto","baixo",NA,"baixo","baixo","alto","medio","baixo","alto"
6159397,201205,2012-05-01,2012,"05",1.97628458498024,0,1.97628458498024,"PERINATAL BARRA CASA DE SAUDE LARANJEIRAS","ENTIDADES EMPRESARIAIS","E","OESTE","alto","medio","baixo",NA,"baixo","baixo","alto","baixo","baixo","medio"
6159397,201206,2012-06-01,2012,"06",10.2040816326531,4.08163265306122,6.12244897959184,"PERINATAL BARRA CASA DE SAUDE LARANJEIRAS","ENTIDADES EMPRESARIAIS","E","OESTE","alto","alto","baixo",NA,"baixo","baixo","alto","medio","medio","alto"
6159397,201207,2012-07-01,2012,"07",8.88888888888889,8.88888888888889,0,"PERINATAL BARRA CASA DE SAUDE LARANJEIRAS","ENTIDADES EMPRESARIAIS","E","OESTE","alto","alto","baixo",NA,"baixo","baixo","alto","medio","alto","medio"
6159397,201208,2012-08-01,2012,"08",10.9409190371991,4.37636761487965,6.56455142231947,"PERINATAL BARRA CASA DE SAUDE LARANJEIRAS","ENTIDADES EMPRESARIAIS","E","OESTE","alto","alto","baixo",NA,"baixo","baixo","alto","medio","medio","alto"
6159397,201209,2012-09-01,2012,"09",8.51063829787234,4.25531914893617,4.25531914893617,"PERINATAL BARRA CASA DE SAUDE LARANJEIRAS","ENTIDADES EMPRESARIAIS","E","OESTE","alto","alto","baixo",NA,"baixo","baixo","alto","medio","medio","alto"
6159397,201210,2012-10-01,2012,"10",5.68181818181818,3.78787878787879,1.89393939393939,"PERINATAL BARRA CASA DE SAUDE LARANJEIRAS","ENTIDADES EMPRESARIAIS","E","OESTE","alto","medio","baixo",NA,"baixo","baixo","alto","medio","medio","medio"
6159397,201211,2012-11-01,2012,"11",6.19834710743802,4.13223140495868,2.06611570247934,"PERINATAL BARRA CASA DE SAUDE LARANJEIRAS","ENTIDADES EMPRESARIAIS","E","OESTE","alto","medio","baixo",NA,"baixo","baixo","alto","medio","medio","medio"
6159397,201212,2012-12-01,2012,"12",5.5452865064695,3.69685767097967,1.84842883548983,"PERINATAL BARRA CASA DE SAUDE LARANJEIRAS","ENTIDADES EMPRESARIAIS","E","OESTE","alto","medio","baixo",NA,"baixo","baixo","alto","medio","medio","medio"
6159397,201301,2013-01-01,2013,"01",14.8698884758364,7.43494423791822,7.43494423791822,"PERINATAL BARRA CASA DE SAUDE LARANJEIRAS","ENTIDADES EMPRESARIAIS","E","OESTE","alto","alto","baixo","alto","baixo","medio","alto","alto","medio","alto"
6159397,201302,2013-02-01,2013,"02",2.27790432801822,2.27790432801822,0,"PERINATAL BARRA CASA DE SAUDE LARANJEIRAS","ENTIDADES EMPRESARIAIS","E","OESTE","alto","medio","baixo","alto","baixo","baixo","alto","baixo","medio","medio"
6159397,201303,2013-03-01,2013,"03",3.690036900369,0,3.690036900369,"PERINATAL BARRA CASA DE SAUDE LARANJEIRAS","ENTIDADES EMPRESARIAIS","E","OESTE","alto","medio","baixo","alto","baixo","baixo","alto","medio","baixo","alto"
6159397,201304,2013-04-01,2013,"04",3.74531835205992,0,3.74531835205992,"PERINATAL BARRA CASA DE SAUDE LARANJEIRAS","ENTIDADES EMPRESARIAIS","E","OESTE","alto","medio","baixo","alto","baixo","baixo","alto","medio","baixo","alto"
6159397,201305,2013-05-01,2013,"05",1.71232876712329,1.71232876712329,0,"PERINATAL BARRA CASA DE SAUDE LARANJEIRAS","ENTIDADES EMPRESARIAIS","E","OESTE","alto","alto","baixo","alto","baixo","baixo","alto","baixo","baixo","medio"
6159397,201306,2013-06-01,2013,"06",5.64971751412429,1.88323917137476,3.76647834274953,"PERINATAL BARRA CASA DE SAUDE LARANJEIRAS","ENTIDADES EMPRESARIAIS","E","OESTE","alto","alto","baixo","alto","baixo","baixo","alto","medio","medio","alto"
6159397,201307,2013-07-01,2013,"07",5.39568345323741,3.59712230215827,1.79856115107914,"PERINATAL BARRA CASA DE SAUDE LARANJEIRAS","ENTIDADES EMPRESARIAIS","E","OESTE","alto","alto","baixo","alto","baixo","baixo","alto","medio","medio","medio"
6159397,201308,2013-08-01,2013,"08",0,0,0,"PERINATAL BARRA CASA DE SAUDE LARANJEIRAS","ENTIDADES EMPRESARIAIS","E","OESTE","alto","alto","baixo","alto","baixo","baixo","alto","baixo","baixo","medio"
6159397,201309,2013-09-01,2013,"09",7.40740740740741,0,7.40740740740741,"PERINATAL BARRA CASA DE SAUDE LARANJEIRAS","ENTIDADES EMPRESARIAIS","E","OESTE","alto","medio","baixo","alto","baixo","baixo","alto","medio","baixo","alto"
6159397,201310,2013-10-01,2013,"10",3.6697247706422,0,3.6697247706422,"PERINATAL BARRA CASA DE SAUDE LARANJEIRAS","ENTIDADES EMPRESARIAIS","E","OESTE","alto","medio","baixo","alto","baixo","baixo","alto","medio","baixo","alto"
6159397,201311,2013-11-01,2013,"11",1.91204588910134,0,1.91204588910134,"PERINATAL BARRA CASA DE SAUDE LARANJEIRAS","ENTIDADES EMPRESARIAIS","E","OESTE","alto","medio","baixo","alto","baixo","baixo","alto","baixo","baixo","medio"
6159397,201312,2013-12-01,2013,"12",2.0746887966805,2.0746887966805,0,"PERINATAL BARRA CASA DE SAUDE LARANJEIRAS","ENTIDADES EMPRESARIAIS","E","OESTE","alto","baixo","baixo","alto","baixo","baixo","alto","baixo","medio","medio"
6159397,201401,2014-01-01,2014,"01",11.3207547169811,3.77358490566038,7.54716981132075,"PERINATAL BARRA CASA DE SAUDE LARANJEIRAS","ENTIDADES EMPRESARIAIS","E","OESTE","alto","medio","baixo","alto","baixo","baixo","alto","medio","medio","alto"
6159397,201402,2014-02-01,2014,"02",11.8110236220472,5.90551181102362,5.90551181102362,"PERINATAL BARRA CASA DE SAUDE LARANJEIRAS","ENTIDADES EMPRESARIAIS","E","OESTE","alto","medio","baixo","alto","baixo","baixo","alto","alto","medio","alto"
6159397,201403,2014-03-01,2014,"03",1.88323917137476,0,1.88323917137476,"PERINATAL BARRA CASA DE SAUDE LARANJEIRAS","ENTIDADES EMPRESARIAIS","E","OESTE","alto","medio","baixo","alto","baixo","baixo","alto","baixo","baixo","medio"
6159397,201404,2014-04-01,2014,"04",5.5452865064695,1.84842883548983,3.69685767097967,"PERINATAL BARRA CASA DE SAUDE LARANJEIRAS","ENTIDADES EMPRESARIAIS","E","OESTE","alto","medio","baixo","alto","baixo","baixo","alto","medio","baixo","alto"
6159397,201405,2014-05-01,2014,"05",5.58659217877095,3.7243947858473,1.86219739292365,"PERINATAL BARRA CASA DE SAUDE LARANJEIRAS","ENTIDADES EMPRESARIAIS","E","OESTE","alto","medio","baixo","alto","baixo","baixo","alto","medio","medio","medio"
6159397,201406,2014-06-01,2014,"06",1.89393939393939,0,1.89393939393939,"PERINATAL BARRA CASA DE SAUDE LARANJEIRAS","ENTIDADES EMPRESARIAIS","E","OESTE","alto","medio","baixo","alto","baixo","baixo","alto","baixo","baixo","medio"
6159397,201407,2014-07-01,2014,"07",9.25925925925926,9.25925925925926,0,"PERINATAL BARRA CASA DE SAUDE LARANJEIRAS","ENTIDADES EMPRESARIAIS","E","OESTE","alto","baixo","baixo","alto","baixo","baixo","alto","medio","alto","medio"
6159397,201408,2014-08-01,2014,"08",7.16845878136201,3.584229390681,3.584229390681,"PERINATAL BARRA CASA DE SAUDE LARANJEIRAS","ENTIDADES EMPRESARIAIS","E","OESTE","alto","alto","baixo","alto","baixo","baixo","alto","medio","medio","alto"
6159397,201409,2014-09-01,2014,"09",1.953125,1.953125,0,"PERINATAL BARRA CASA DE SAUDE LARANJEIRAS","ENTIDADES EMPRESARIAIS","E","OESTE","alto","medio","baixo","alto","baixo","baixo","alto","baixo","medio","medio"
6159397,201410,2014-10-01,2014,"10",5.75815738963532,5.75815738963532,0,"PERINATAL BARRA CASA DE SAUDE LARANJEIRAS","ENTIDADES EMPRESARIAIS","E","OESTE","alto","medio","baixo","alto","baixo","baixo","alto","medio","medio","medio"
6159397,201411,2014-11-01,2014,"11",1.92678227360308,1.92678227360308,0,"PERINATAL BARRA CASA DE SAUDE LARANJEIRAS","ENTIDADES EMPRESARIAIS","E","OESTE","alto","medio","baixo","alto","baixo","baixo","alto","baixo","medio","medio"
6159397,201412,2014-12-01,2014,"12",5.3475935828877,0,5.3475935828877,"PERINATAL BARRA CASA DE SAUDE LARANJEIRAS","ENTIDADES EMPRESARIAIS","E","OESTE","alto","medio","baixo","alto","baixo","baixo","alto","medio","baixo","alto"
6159397,201501,2015-01-01,2015,"01",8.51788756388416,5.11073253833049,3.40715502555366,"PERINATAL BARRA CASA DE SAUDE LARANJEIRAS","ENTIDADES EMPRESARIAIS","E","OESTE","alto","medio","baixo","alto","baixo","baixo","alto","medio","medio","alto"
6159397,201502,2015-02-01,2015,"02",5.44464609800363,3.62976406533575,1.81488203266788,"PERINATAL BARRA CASA DE SAUDE LARANJEIRAS","ENTIDADES EMPRESARIAIS","E","OESTE","alto","medio","baixo","alto","baixo","baixo","alto","medio","medio","medio"
6159397,201503,2015-03-01,2015,"03",9.55414012738853,4.77707006369427,4.77707006369427,"PERINATAL BARRA CASA DE SAUDE LARANJEIRAS","ENTIDADES EMPRESARIAIS","E","OESTE","alto","baixo","baixo","alto","baixo","baixo","alto","medio","medio","alto"
6159397,201504,2015-04-01,2015,"04",3.68324125230203,0,3.68324125230203,"PERINATAL BARRA CASA DE SAUDE LARANJEIRAS","ENTIDADES EMPRESARIAIS","E","OESTE","alto","alto","baixo","alto","baixo","baixo","alto","medio","baixo","alto"
6159397,201505,2015-05-01,2015,"05",0,0,0,"PERINATAL BARRA CASA DE SAUDE LARANJEIRAS","ENTIDADES EMPRESARIAIS","E","OESTE","alto","medio","baixo","alto","baixo","baixo","alto","baixo","baixo","medio"
6159397,201506,2015-06-01,2015,"06",3.690036900369,3.690036900369,0,"PERINATAL BARRA CASA DE SAUDE LARANJEIRAS","ENTIDADES EMPRESARIAIS","E","OESTE","alto","alto","baixo","alto","baixo","baixo","alto","medio","medio","medio"
6159397,201507,2015-07-01,2015,"07",3.53356890459364,0,3.53356890459364,"PERINATAL BARRA CASA DE SAUDE LARANJEIRAS","ENTIDADES EMPRESARIAIS","E","OESTE","alto","medio","baixo","alto","baixo","baixo","alto","medio","baixo","alto"
6159397,201508,2015-08-01,2015,"08",3.40136054421769,1.70068027210884,1.70068027210884,"PERINATAL BARRA CASA DE SAUDE LARANJEIRAS","ENTIDADES EMPRESARIAIS","E","OESTE","alto","medio","baixo","alto","baixo","baixo","alto","baixo","baixo","medio"
6159397,201509,2015-09-01,2015,"09",7.91139240506329,6.32911392405063,1.58227848101266,"PERINATAL BARRA CASA DE SAUDE LARANJEIRAS","ENTIDADES EMPRESARIAIS","E","OESTE","alto","medio","baixo","alto","baixo","baixo","alto","medio","medio","medio"
6159397,201510,2015-10-01,2015,"10",8.48896434634975,1.69779286926995,6.7911714770798,"PERINATAL BARRA CASA DE SAUDE LARANJEIRAS","ENTIDADES EMPRESARIAIS","E","OESTE","alto","baixo","baixo","alto","baixo","baixo","alto","medio","baixo","alto"
6159397,201511,2015-11-01,2015,"11",0,0,0,"PERINATAL BARRA CASA DE SAUDE LARANJEIRAS","ENTIDADES EMPRESARIAIS","E","OESTE","alto","medio","baixo","alto","baixo","baixo","alto","baixo","baixo","medio"
6159397,201512,2015-12-01,2015,"12",1.68918918918919,0,1.68918918918919,"PERINATAL BARRA CASA DE SAUDE LARANJEIRAS","ENTIDADES EMPRESARIAIS","E","OESTE","alto","medio","baixo","alto","baixo","medio","alto","baixo","baixo","medio"
6159397,201601,2016-01-01,2016,"01",0,0,0,"PERINATAL BARRA CASA DE SAUDE LARANJEIRAS","ENTIDADES EMPRESARIAIS","E","OESTE","alto","alto","baixo","alto","baixo","baixo","alto","baixo","baixo","medio"
6159397,201602,2016-02-01,2016,"02",9.00900900900901,5.40540540540541,3.6036036036036,"PERINATAL BARRA CASA DE SAUDE LARANJEIRAS","ENTIDADES EMPRESARIAIS","E","OESTE","alto","alto","baixo","alto","baixo","baixo","alto","medio","medio","alto"
6159397,201603,2016-03-01,2016,"03",1.61030595813205,0,1.61030595813205,"PERINATAL BARRA CASA DE SAUDE LARANJEIRAS","ENTIDADES EMPRESARIAIS","E","OESTE","alto","alto","baixo","alto","baixo","baixo","alto","baixo","baixo","medio"
6159397,201604,2016-04-01,2016,"04",1.8018018018018,1.8018018018018,0,"PERINATAL BARRA CASA DE SAUDE LARANJEIRAS","ENTIDADES EMPRESARIAIS","E","OESTE","alto","alto","baixo","alto","baixo","baixo","alto","baixo","baixo","medio"
6159397,201605,2016-05-01,2016,"05",8.36120401337793,8.36120401337793,0,"PERINATAL BARRA CASA DE SAUDE LARANJEIRAS","ENTIDADES EMPRESARIAIS","E","OESTE","alto","medio","baixo","alto","baixo","baixo","alto","medio","alto","medio"
6159397,201606,2016-06-01,2016,"06",9.1743119266055,3.6697247706422,5.5045871559633,"PERINATAL BARRA CASA DE SAUDE LARANJEIRAS","ENTIDADES EMPRESARIAIS","E","OESTE","alto","medio","baixo","alto","baixo","baixo","alto","medio","medio","alto"
6159397,201607,2016-07-01,2016,"07",3.50877192982456,1.75438596491228,1.75438596491228,"PERINATAL BARRA CASA DE SAUDE LARANJEIRAS","ENTIDADES EMPRESARIAIS","E","OESTE","alto","medio","baixo","alto","baixo","baixo","alto","baixo","baixo","medio"
6159397,201608,2016-08-01,2016,"08",3.89863547758285,3.89863547758285,0,"PERINATAL BARRA CASA DE SAUDE LARANJEIRAS","ENTIDADES EMPRESARIAIS","E","OESTE","alto","medio","baixo","alto","baixo","baixo","alto","medio","medio","medio"
6159397,201609,2016-09-01,2016,"09",2.11864406779661,2.11864406779661,0,"PERINATAL BARRA CASA DE SAUDE LARANJEIRAS","ENTIDADES EMPRESARIAIS","E","OESTE","alto","medio","baixo","alto","baixo","baixo","alto","baixo","medio","medio"
6159397,201610,2016-10-01,2016,"10",0,0,0,"PERINATAL BARRA CASA DE SAUDE LARANJEIRAS","ENTIDADES EMPRESARIAIS","E","OESTE","alto","baixo","baixo","alto","baixo","baixo","alto","baixo","baixo","medio"
6159397,201611,2016-11-01,2016,"11",4.96277915632754,0,4.96277915632754,"PERINATAL BARRA CASA DE SAUDE LARANJEIRAS","ENTIDADES EMPRESARIAIS","E","OESTE","alto","medio","baixo","alto","baixo","baixo","alto","medio","baixo","alto"
6159397,201612,2016-12-01,2016,"12",6.12244897959184,6.12244897959184,0,"PERINATAL BARRA CASA DE SAUDE LARANJEIRAS","ENTIDADES EMPRESARIAIS","E","OESTE","alto","medio","baixo","alto","baixo","baixo","alto","medio","medio","medio"
6159397,201701,2017-01-01,2017,"01",7.72200772200772,3.86100386100386,3.86100386100386,"PERINATAL BARRA CASA DE SAUDE LARANJEIRAS","ENTIDADES EMPRESARIAIS","E","OESTE","alto","alto","baixo","alto","baixo","medio","alto","medio","medio","alto"
6159397,201702,2017-02-01,2017,"02",7.5046904315197,3.75234521575985,3.75234521575985,"PERINATAL BARRA CASA DE SAUDE LARANJEIRAS","ENTIDADES EMPRESARIAIS","E","OESTE","alto","alto","baixo","alto","baixo","baixo","alto","medio","medio","alto"
6159397,201703,2017-03-01,2017,"03",3.24149108589951,1.62074554294976,1.62074554294976,"PERINATAL BARRA CASA DE SAUDE LARANJEIRAS","ENTIDADES EMPRESARIAIS","E","OESTE","alto","medio","baixo","alto","baixo","baixo","alto","baixo","baixo","medio"
6159397,201704,2017-04-01,2017,"04",1.7636684303351,0,1.7636684303351,"PERINATAL BARRA CASA DE SAUDE LARANJEIRAS","ENTIDADES EMPRESARIAIS","E","OESTE","alto","medio","baixo","alto","baixo","baixo","alto","baixo","baixo","medio"
6159397,201705,2017-05-01,2017,"05",5.18134715025907,1.72711571675302,3.45423143350604,"PERINATAL BARRA CASA DE SAUDE LARANJEIRAS","ENTIDADES EMPRESARIAIS","E","OESTE","alto","baixo","baixo","alto","baixo","baixo","alto","medio","baixo","alto"
6159397,201706,2017-06-01,2017,"06",1.7636684303351,1.7636684303351,0,"PERINATAL BARRA CASA DE SAUDE LARANJEIRAS","ENTIDADES EMPRESARIAIS","E","OESTE","alto","medio","baixo","alto","baixo","baixo","alto","baixo","baixo","medio"
6159397,201707,2017-07-01,2017,"07",3.44234079173838,1.72117039586919,1.72117039586919,"PERINATAL BARRA CASA DE SAUDE LARANJEIRAS","ENTIDADES EMPRESARIAIS","E","OESTE","alto","medio","baixo","alto","baixo","baixo","alto","baixo","baixo","medio"
6159397,201708,2017-08-01,2017,"08",7.5187969924812,3.7593984962406,3.7593984962406,"PERINATAL BARRA CASA DE SAUDE LARANJEIRAS","ENTIDADES EMPRESARIAIS","E","OESTE","alto","medio","baixo","alto","baixo","baixo","alto","medio","medio","alto"
6159397,201709,2017-09-01,2017,"09",1.85185185185185,0,1.85185185185185,"PERINATAL BARRA CASA DE SAUDE LARANJEIRAS","ENTIDADES EMPRESARIAIS","E","OESTE","alto","medio","baixo","alto","baixo","baixo","alto","baixo","baixo","medio"
6159397,201710,2017-10-01,2017,"10",3.71747211895911,3.71747211895911,0,"PERINATAL BARRA CASA DE SAUDE LARANJEIRAS","ENTIDADES EMPRESARIAIS","E","OESTE","alto","medio","baixo","alto","baixo","baixo","alto","medio","medio","medio"
6159397,201711,2017-11-01,2017,"11",5.5452865064695,1.84842883548983,3.69685767097967,"PERINATAL BARRA CASA DE SAUDE LARANJEIRAS","ENTIDADES EMPRESARIAIS","E","OESTE","alto","alto","baixo","alto","baixo","baixo","alto","medio","medio","alto"
6159397,201712,2017-12-01,2017,"12",7.61904761904762,5.71428571428571,1.9047619047619,"PERINATAL BARRA CASA DE SAUDE LARANJEIRAS","ENTIDADES EMPRESARIAIS","E","OESTE","alto","medio","baixo","alto","baixo","baixo","alto","medio","medio","medio"
6995462,201202,2012-02-01,2012,"02",0,0,0,"SMS HOSPITAL MUNICIPAL PEDRO II AP 53","ADMINISTRACAO PUBLICA","M","OESTE","baixo","baixo","baixo",NA,"baixo","baixo","baixo","baixo","baixo","medio"
6995462,201204,2012-04-01,2012,"04",0,0,0,"SMS HOSPITAL MUNICIPAL PEDRO II AP 53","ADMINISTRACAO PUBLICA","M","OESTE","baixo","baixo","alto",NA,"medio","baixo","baixo","baixo","baixo","medio"
6995462,201205,2012-05-01,2012,"05",0,0,0,"SMS HOSPITAL MUNICIPAL PEDRO II AP 53","ADMINISTRACAO PUBLICA","M","OESTE","medio","baixo","alto",NA,"alto","medio","baixo","baixo","baixo","medio"
6995462,201206,2012-06-01,2012,"06",14.4927536231884,8.69565217391304,5.79710144927536,"SMS HOSPITAL MUNICIPAL PEDRO II AP 53","ADMINISTRACAO PUBLICA","M","OESTE","medio","medio","medio",NA,"medio","medio","medio","alto","alto","alto"
6995462,201207,2012-07-01,2012,"07",14.9625935162095,9.97506234413965,4.98753117206983,"SMS HOSPITAL MUNICIPAL PEDRO II AP 53","ADMINISTRACAO PUBLICA","M","OESTE","alto","baixo","medio",NA,"medio","alto","baixo","alto","alto","alto"
6995462,201208,2012-08-01,2012,"08",12.1951219512195,12.1951219512195,0,"SMS HOSPITAL MUNICIPAL PEDRO II AP 53","ADMINISTRACAO PUBLICA","M","OESTE","alto","baixo","medio",NA,"medio","medio","medio","alto","alto","medio"
6995462,201209,2012-09-01,2012,"09",8.08625336927224,2.69541778975741,5.39083557951483,"SMS HOSPITAL MUNICIPAL PEDRO II AP 53","ADMINISTRACAO PUBLICA","M","OESTE","alto","baixo","medio",NA,"medio","baixo","medio","medio","medio","alto"
6995462,201210,2012-10-01,2012,"10",10.7238605898123,8.04289544235925,2.68096514745308,"SMS HOSPITAL MUNICIPAL PEDRO II AP 53","ADMINISTRACAO PUBLICA","M","OESTE","alto","baixo","alto",NA,"alto","medio","medio","medio","medio","alto"
6995462,201211,2012-11-01,2012,"11",20.3488372093023,14.5348837209302,5.81395348837209,"SMS HOSPITAL MUNICIPAL PEDRO II AP 53","ADMINISTRACAO PUBLICA","M","OESTE","medio","medio","medio",NA,"medio","medio","baixo","alto","alto","alto"
6995462,201212,2012-12-01,2012,"12",6.99300699300699,6.99300699300699,0,"SMS HOSPITAL MUNICIPAL PEDRO II AP 53","ADMINISTRACAO PUBLICA","M","OESTE","alto","baixo","medio",NA,"medio","medio","medio","medio","medio","medio"
6995462,201301,2013-01-01,2013,"01",11.441647597254,9.1533180778032,2.2883295194508,"SMS HOSPITAL MUNICIPAL PEDRO II AP 53","ADMINISTRACAO PUBLICA","M","OESTE","alto","medio","alto","baixo","medio","medio","baixo","alto","alto","alto"
6995462,201302,2013-02-01,2013,"02",12.0192307692308,2.40384615384615,9.61538461538462,"SMS HOSPITAL MUNICIPAL PEDRO II AP 53","ADMINISTRACAO PUBLICA","M","OESTE","alto","medio","medio","baixo","medio","medio","baixo","alto","medio","alto"
6995462,201303,2013-03-01,2013,"03",7.6530612244898,7.6530612244898,0,"SMS HOSPITAL MUNICIPAL PEDRO II AP 53","ADMINISTRACAO PUBLICA","M","OESTE","alto","medio","medio","baixo","medio","medio","baixo","medio","medio","medio"
6995462,201304,2013-04-01,2013,"04",23.8611713665944,21.6919739696312,2.16919739696312,"SMS HOSPITAL MUNICIPAL PEDRO II AP 53","ADMINISTRACAO PUBLICA","M","OESTE","alto","medio","medio","baixo","medio","alto","baixo","alto","alto","medio"
6995462,201305,2013-05-01,2013,"05",16.7714884696017,8.38574423480084,8.38574423480084,"SMS HOSPITAL MUNICIPAL PEDRO II AP 53","ADMINISTRACAO PUBLICA","M","OESTE","alto","alto","medio","baixo","medio","medio","baixo","alto","alto","alto"
6995462,201306,2013-06-01,2013,"06",17.5879396984925,7.53768844221105,10.0502512562814,"SMS HOSPITAL MUNICIPAL PEDRO II AP 53","ADMINISTRACAO PUBLICA","M","OESTE","alto","medio","medio","baixo","alto","medio","baixo","alto","medio","alto"
6995462,201307,2013-07-01,2013,"07",15.3846153846154,12.8205128205128,2.56410256410256,"SMS HOSPITAL MUNICIPAL PEDRO II AP 53","ADMINISTRACAO PUBLICA","M","OESTE","alto","medio","medio","medio","medio","alto","baixo","alto","alto","alto"
6995462,201308,2013-08-01,2013,"08",18.8679245283019,18.8679245283019,0,"SMS HOSPITAL MUNICIPAL PEDRO II AP 53","ADMINISTRACAO PUBLICA","M","OESTE","alto","medio","medio","baixo","medio","alto","baixo","alto","alto","medio"
6995462,201309,2013-09-01,2013,"09",2.80112044817927,2.80112044817927,0,"SMS HOSPITAL MUNICIPAL PEDRO II AP 53","ADMINISTRACAO PUBLICA","M","OESTE","alto","medio","medio","baixo","medio","alto","baixo","baixo","medio","medio"
6995462,201310,2013-10-01,2013,"10",5.88235294117647,5.88235294117647,0,"SMS HOSPITAL MUNICIPAL PEDRO II AP 53","ADMINISTRACAO PUBLICA","M","OESTE","medio","medio","medio","medio","medio","medio","medio","medio","medio","medio"
6995462,201311,2013-11-01,2013,"11",16.6666666666667,13.8888888888889,2.77777777777778,"SMS HOSPITAL MUNICIPAL PEDRO II AP 53","ADMINISTRACAO PUBLICA","M","OESTE","alto","medio","medio","baixo","medio","alto","medio","alto","alto","alto"
6995462,201312,2013-12-01,2013,"12",19.0217391304348,19.0217391304348,0,"SMS HOSPITAL MUNICIPAL PEDRO II AP 53","ADMINISTRACAO PUBLICA","M","OESTE","alto","alto","medio","baixo","medio","alto","baixo","alto","alto","medio"
6995462,201401,2014-01-01,2014,"01",9.70873786407767,4.85436893203883,4.85436893203883,"SMS HOSPITAL MUNICIPAL PEDRO II AP 53","ADMINISTRACAO PUBLICA","M","OESTE","alto","alto","medio","medio","alto","medio","medio","medio","medio","alto"
6995462,201402,2014-02-01,2014,"02",10.6100795755968,7.95755968169761,2.6525198938992,"SMS HOSPITAL MUNICIPAL PEDRO II AP 53","ADMINISTRACAO PUBLICA","M","OESTE","alto","baixo","medio","medio","medio","baixo","baixo","medio","medio","alto"
6995462,201403,2014-03-01,2014,"03",16.0427807486631,13.3689839572193,2.67379679144385,"SMS HOSPITAL MUNICIPAL PEDRO II AP 53","ADMINISTRACAO PUBLICA","M","OESTE","alto","medio","medio","baixo","medio","medio","baixo","alto","alto","alto"
6995462,201404,2014-04-01,2014,"04",16.9491525423729,16.9491525423729,0,"SMS HOSPITAL MUNICIPAL PEDRO II AP 53","ADMINISTRACAO PUBLICA","M","OESTE","alto","medio","medio","baixo","medio","alto","baixo","alto","alto","medio"
6995462,201405,2014-05-01,2014,"05",26.4900662251656,26.4900662251656,0,"SMS HOSPITAL MUNICIPAL PEDRO II AP 53","ADMINISTRACAO PUBLICA","M","OESTE","medio","baixo","medio","medio","medio","medio","baixo","alto","alto","medio"
6995462,201406,2014-06-01,2014,"06",6.96864111498258,3.48432055749129,3.48432055749129,"SMS HOSPITAL MUNICIPAL PEDRO II AP 53","ADMINISTRACAO PUBLICA","M","OESTE","medio","baixo","medio","baixo","medio","baixo","baixo","medio","medio","alto"
6995462,201407,2014-07-01,2014,"07",6.28930817610063,3.14465408805031,3.14465408805031,"SMS HOSPITAL MUNICIPAL PEDRO II AP 53","ADMINISTRACAO PUBLICA","M","OESTE","medio","baixo","medio","baixo","medio","baixo","baixo","medio","medio","alto"
6995462,201408,2014-08-01,2014,"08",19.6078431372549,6.5359477124183,13.0718954248366,"SMS HOSPITAL MUNICIPAL PEDRO II AP 53","ADMINISTRACAO PUBLICA","M","OESTE","medio","medio","medio","baixo","medio","alto","baixo","alto","medio","alto"
6995462,201409,2014-09-01,2014,"09",15.527950310559,12.4223602484472,3.1055900621118,"SMS HOSPITAL MUNICIPAL PEDRO II AP 53","ADMINISTRACAO PUBLICA","M","OESTE","medio","baixo","medio","baixo","medio","medio","medio","alto","alto","alto"
6995462,201410,2014-10-01,2014,"10",30.2013422818792,23.489932885906,6.71140939597315,"SMS HOSPITAL MUNICIPAL PEDRO II AP 53","ADMINISTRACAO PUBLICA","M","OESTE","medio","medio","medio","medio","medio","alto","baixo","alto","alto","alto"
6995462,201411,2014-11-01,2014,"11",10.4529616724739,10.4529616724739,0,"SMS HOSPITAL MUNICIPAL PEDRO II AP 53","ADMINISTRACAO PUBLICA","M","OESTE","medio","medio","medio","medio","medio","medio","medio","medio","alto","medio"
6995462,201412,2014-12-01,2014,"12",14.6627565982405,11.7302052785924,2.93255131964809,"SMS HOSPITAL MUNICIPAL PEDRO II AP 53","ADMINISTRACAO PUBLICA","M","OESTE","medio","medio","medio","baixo","medio","medio","baixo","alto","alto","alto"
6995462,201501,2015-01-01,2015,"01",22.9591836734694,22.9591836734694,0,"SMS HOSPITAL MUNICIPAL PEDRO II AP 53","ADMINISTRACAO PUBLICA","M","OESTE","alto","medio","medio","baixo","medio","medio","baixo","alto","alto","medio"
6995462,201502,2015-02-01,2015,"02",5.23560209424084,2.61780104712042,2.61780104712042,"SMS HOSPITAL MUNICIPAL PEDRO II AP 53","ADMINISTRACAO PUBLICA","M","OESTE","alto","baixo","medio","baixo","medio","medio","baixo","medio","medio","alto"
6995462,201503,2015-03-01,2015,"03",25.9433962264151,18.8679245283019,7.07547169811321,"SMS HOSPITAL MUNICIPAL PEDRO II AP 53","ADMINISTRACAO PUBLICA","M","OESTE","alto","baixo","medio","baixo","medio","alto","medio","alto","alto","alto"
6995462,201504,2015-04-01,2015,"04",9.47867298578199,4.739336492891,4.739336492891,"SMS HOSPITAL MUNICIPAL PEDRO II AP 53","ADMINISTRACAO PUBLICA","M","OESTE","alto","baixo","medio","baixo","medio","alto","medio","medio","medio","alto"
6995462,201505,2015-05-01,2015,"05",12.0772946859903,9.66183574879227,2.41545893719807,"SMS HOSPITAL MUNICIPAL PEDRO II AP 53","ADMINISTRACAO PUBLICA","M","OESTE","alto","baixo","baixo","baixo","medio","alto","baixo","alto","alto","alto"
6995462,201506,2015-06-01,2015,"06",14.7420147420147,12.2850122850123,2.45700245700246,"SMS HOSPITAL MUNICIPAL PEDRO II AP 53","ADMINISTRACAO PUBLICA","M","OESTE","alto","baixo","baixo","baixo","medio","alto","medio","alto","alto","alto"
6995462,201507,2015-07-01,2015,"07",7.37100737100737,4.91400491400491,2.45700245700246,"SMS HOSPITAL MUNICIPAL PEDRO II AP 53","ADMINISTRACAO PUBLICA","M","OESTE","alto","baixo","baixo","baixo","medio","baixo","medio","medio","medio","alto"
6995462,201508,2015-08-01,2015,"08",10.8991825613079,10.8991825613079,0,"SMS HOSPITAL MUNICIPAL PEDRO II AP 53","ADMINISTRACAO PUBLICA","M","OESTE","alto","medio","baixo","baixo","medio","baixo","medio","medio","alto","medio"
6995462,201509,2015-09-01,2015,"09",10.752688172043,5.37634408602151,5.37634408602151,"SMS HOSPITAL MUNICIPAL PEDRO II AP 53","ADMINISTRACAO PUBLICA","M","OESTE","alto","baixo","baixo","baixo","medio","medio","baixo","medio","medio","alto"
6995462,201510,2015-10-01,2015,"10",19.8863636363636,19.8863636363636,0,"SMS HOSPITAL MUNICIPAL PEDRO II AP 53","ADMINISTRACAO PUBLICA","M","OESTE","alto","medio","medio","baixo","medio","medio","medio","alto","alto","medio"
6995462,201511,2015-11-01,2015,"11",24.9221183800623,18.6915887850467,6.23052959501558,"SMS HOSPITAL MUNICIPAL PEDRO II AP 53","ADMINISTRACAO PUBLICA","M","OESTE","medio","medio","baixo","baixo","medio","alto","medio","alto","alto","alto"
6995462,201512,2015-12-01,2015,"12",14.5278450363196,12.1065375302663,2.42130750605327,"SMS HOSPITAL MUNICIPAL PEDRO II AP 53","ADMINISTRACAO PUBLICA","M","OESTE","alto","medio","baixo","baixo","medio","medio","medio","alto","alto","alto"
6995462,201601,2016-01-01,2016,"01",14.5985401459854,9.7323600973236,4.8661800486618,"SMS HOSPITAL MUNICIPAL PEDRO II AP 53","ADMINISTRACAO PUBLICA","M","OESTE","alto","alto","baixo","baixo","medio","medio","medio","alto","alto","alto"
6995462,201602,2016-02-01,2016,"02",21.5311004784689,16.7464114832536,4.78468899521531,"SMS HOSPITAL MUNICIPAL PEDRO II AP 53","ADMINISTRACAO PUBLICA","M","OESTE","alto","alto","baixo","medio","medio","medio","medio","alto","alto","alto"
6995462,201603,2016-03-01,2016,"03",18.3066361556064,13.7299771167048,4.5766590389016,"SMS HOSPITAL MUNICIPAL PEDRO II AP 53","ADMINISTRACAO PUBLICA","M","OESTE","alto","alto","baixo","baixo","medio","medio","medio","alto","alto","alto"
6995462,201604,2016-04-01,2016,"04",14.0515222482436,11.7096018735363,2.34192037470726,"SMS HOSPITAL MUNICIPAL PEDRO II AP 53","ADMINISTRACAO PUBLICA","M","OESTE","alto","medio","baixo","baixo","medio","medio","medio","alto","alto","alto"
6995462,201605,2016-05-01,2016,"05",4.65116279069767,4.65116279069767,0,"SMS HOSPITAL MUNICIPAL PEDRO II AP 53","ADMINISTRACAO PUBLICA","M","OESTE","alto","medio","baixo","medio","medio","medio","medio","medio","medio","medio"
6995462,201606,2016-06-01,2016,"06",29.5454545454545,25,4.54545454545454,"SMS HOSPITAL MUNICIPAL PEDRO II AP 53","ADMINISTRACAO PUBLICA","M","OESTE","alto","medio","baixo","medio","medio","alto","medio","alto","alto","alto"
6995462,201607,2016-07-01,2016,"07",25.1889168765743,22.6700251889169,2.51889168765743,"SMS HOSPITAL MUNICIPAL PEDRO II AP 53","ADMINISTRACAO PUBLICA","M","OESTE","alto","medio","baixo","medio","medio","alto","medio","alto","alto","alto"
6995462,201608,2016-08-01,2016,"08",18.4210526315789,15.7894736842105,2.63157894736842,"SMS HOSPITAL MUNICIPAL PEDRO II AP 53","ADMINISTRACAO PUBLICA","M","OESTE","alto","alto","baixo","baixo","medio","alto","medio","alto","alto","alto"
6995462,201609,2016-09-01,2016,"09",21.6049382716049,12.3456790123457,9.25925925925926,"SMS HOSPITAL MUNICIPAL PEDRO II AP 53","ADMINISTRACAO PUBLICA","M","OESTE","medio","medio","baixo","medio","medio","medio","baixo","alto","alto","alto"
6995462,201610,2016-10-01,2016,"10",23.0263157894737,16.4473684210526,6.57894736842105,"SMS HOSPITAL MUNICIPAL PEDRO II AP 53","ADMINISTRACAO PUBLICA","M","OESTE","medio","alto","baixo","baixo","medio","medio","medio","alto","alto","alto"
6995462,201611,2016-11-01,2016,"11",15.8311345646438,15.8311345646438,0,"SMS HOSPITAL MUNICIPAL PEDRO II AP 53","ADMINISTRACAO PUBLICA","M","OESTE","alto","baixo","baixo","baixo","medio","medio","medio","alto","alto","medio"
6995462,201612,2016-12-01,2016,"12",18.5185185185185,15.8730158730159,2.64550264550265,"SMS HOSPITAL MUNICIPAL PEDRO II AP 53","ADMINISTRACAO PUBLICA","M","OESTE","alto","medio","baixo","baixo","medio","medio","medio","alto","alto","alto"
6995462,201701,2017-01-01,2017,"01",17.2413793103448,14.367816091954,2.8735632183908,"SMS HOSPITAL MUNICIPAL PEDRO II AP 53","ADMINISTRACAO PUBLICA","M","OESTE","alto","alto","baixo","baixo","medio","medio","medio","alto","alto","alto"
6995462,201702,2017-02-01,2017,"02",8.21917808219178,5.47945205479452,2.73972602739726,"SMS HOSPITAL MUNICIPAL PEDRO II AP 53","ADMINISTRACAO PUBLICA","M","OESTE","alto","alto","baixo","medio","medio","medio","medio","medio","medio","alto"
6995462,201703,2017-03-01,2017,"03",19.4805194805195,8.65800865800866,10.8225108225108,"SMS HOSPITAL MUNICIPAL PEDRO II AP 53","ADMINISTRACAO PUBLICA","M","OESTE","alto","medio","baixo","medio","medio","medio","baixo","alto","alto","alto"
6995462,201704,2017-04-01,2017,"04",11.9904076738609,7.19424460431655,4.79616306954436,"SMS HOSPITAL MUNICIPAL PEDRO II AP 53","ADMINISTRACAO PUBLICA","M","OESTE","alto","medio","baixo","baixo","medio","medio","medio","alto","medio","alto"
6995462,201705,2017-05-01,2017,"05",7.00934579439252,4.67289719626168,2.33644859813084,"SMS HOSPITAL MUNICIPAL PEDRO II AP 53","ADMINISTRACAO PUBLICA","M","OESTE","alto","alto","baixo","medio","medio","medio","baixo","medio","medio","alto"
6995462,201706,2017-06-01,2017,"06",7.7319587628866,5.15463917525773,2.57731958762887,"SMS HOSPITAL MUNICIPAL PEDRO II AP 53","ADMINISTRACAO PUBLICA","M","OESTE","alto","medio","baixo","baixo","medio","medio","medio","medio","medio","alto"
6995462,201707,2017-07-01,2017,"07",2.5706940874036,0,2.5706940874036,"SMS HOSPITAL MUNICIPAL PEDRO II AP 53","ADMINISTRACAO PUBLICA","M","OESTE","alto","medio","baixo","medio","medio","baixo","baixo","baixo","baixo","alto"
6995462,201708,2017-08-01,2017,"08",5.64971751412429,2.82485875706215,2.82485875706215,"SMS HOSPITAL MUNICIPAL PEDRO II AP 53","ADMINISTRACAO PUBLICA","M","OESTE","alto","medio","baixo","baixo","medio","baixo","medio","medio","medio","alto"
6995462,201709,2017-09-01,2017,"09",8.4985835694051,5.6657223796034,2.8328611898017,"SMS HOSPITAL MUNICIPAL PEDRO II AP 53","ADMINISTRACAO PUBLICA","M","OESTE","alto","medio","baixo","baixo","medio","medio","medio","medio","medio","alto"
6995462,201710,2017-10-01,2017,"10",11.9047619047619,11.9047619047619,0,"SMS HOSPITAL MUNICIPAL PEDRO II AP 53","ADMINISTRACAO PUBLICA","M","OESTE","medio","alto","baixo","medio","medio","alto","medio","alto","alto","medio"
6995462,201711,2017-11-01,2017,"11",5.57103064066852,5.57103064066852,0,"SMS HOSPITAL MUNICIPAL PEDRO II AP 53","ADMINISTRACAO PUBLICA","M","OESTE","alto","baixo","baixo","medio","medio","alto","baixo","medio","medio","medio"
6995462,201712,2017-12-01,2017,"12",4.91400491400491,4.91400491400491,0,"SMS HOSPITAL MUNICIPAL PEDRO II AP 53","ADMINISTRACAO PUBLICA","M","OESTE","alto","medio","baixo","medio","medio","baixo","baixo","medio","medio","medio"
7027397,201202,2012-02-01,2012,"02",0,0,0,"SMS MATER MARIA AMELIA BUARQUE DE HOLLANDA AP 10","ADMINISTRACAO PUBLICA","M","CENTRO","baixo","alto","baixo",NA,"baixo","baixo","baixo","baixo","baixo","medio"
7027397,201205,2012-05-01,2012,"05",0,0,0,"SMS MATER MARIA AMELIA BUARQUE DE HOLLANDA AP 10","ADMINISTRACAO PUBLICA","M","CENTRO","baixo","alto","baixo",NA,"baixo","baixo","baixo","baixo","baixo","medio"
7027397,201206,2012-06-01,2012,"06",0,0,0,"SMS MATER MARIA AMELIA BUARQUE DE HOLLANDA AP 10","ADMINISTRACAO PUBLICA","M","CENTRO","baixo","medio","alto",NA,"medio","baixo","baixo","baixo","baixo","medio"
7027397,201207,2012-07-01,2012,"07",7.5187969924812,7.5187969924812,0,"SMS MATER MARIA AMELIA BUARQUE DE HOLLANDA AP 10","ADMINISTRACAO PUBLICA","M","CENTRO","medio","medio","medio",NA,"alto","alto","baixo","medio","medio","medio"
7027397,201208,2012-08-01,2012,"08",4.23728813559322,4.23728813559322,0,"SMS MATER MARIA AMELIA BUARQUE DE HOLLANDA AP 10","ADMINISTRACAO PUBLICA","M","CENTRO","medio","medio","medio",NA,"alto","medio","baixo","medio","medio","medio"
7027397,201209,2012-09-01,2012,"09",0,0,0,"SMS MATER MARIA AMELIA BUARQUE DE HOLLANDA AP 10","ADMINISTRACAO PUBLICA","M","CENTRO","medio","baixo","medio",NA,"medio","medio","baixo","baixo","baixo","medio"
7027397,201210,2012-10-01,2012,"10",0,0,0,"SMS MATER MARIA AMELIA BUARQUE DE HOLLANDA AP 10","ADMINISTRACAO PUBLICA","M","CENTRO","medio","medio","medio",NA,"medio","medio","baixo","baixo","baixo","medio"
7027397,201211,2012-11-01,2012,"11",4.03225806451613,0,4.03225806451613,"SMS MATER MARIA AMELIA BUARQUE DE HOLLANDA AP 10","ADMINISTRACAO PUBLICA","M","CENTRO","medio","medio","medio",NA,"medio","medio","baixo","medio","baixo","alto"
7027397,201212,2012-12-01,2012,"12",6.80272108843537,6.80272108843537,0,"SMS MATER MARIA AMELIA BUARQUE DE HOLLANDA AP 10","ADMINISTRACAO PUBLICA","M","CENTRO","medio","baixo","medio",NA,"baixo","medio","baixo","medio","medio","medio"
7027397,201301,2013-01-01,2013,"01",3.07692307692308,0,3.07692307692308,"SMS MATER MARIA AMELIA BUARQUE DE HOLLANDA AP 10","ADMINISTRACAO PUBLICA","M","CENTRO","medio","medio","medio","baixo","baixo","medio","baixo","baixo","baixo","alto"
7027397,201302,2013-02-01,2013,"02",2.73972602739726,2.73972602739726,0,"SMS MATER MARIA AMELIA BUARQUE DE HOLLANDA AP 10","ADMINISTRACAO PUBLICA","M","CENTRO","alto","medio","alto","baixo","medio","medio","baixo","baixo","medio","medio"
7027397,201303,2013-03-01,2013,"03",4.18410041841004,4.18410041841004,0,"SMS MATER MARIA AMELIA BUARQUE DE HOLLANDA AP 10","ADMINISTRACAO PUBLICA","M","CENTRO","alto","medio","medio","medio","medio","alto","baixo","medio","medio","medio"
7027397,201304,2013-04-01,2013,"04",2.28310502283105,0,2.28310502283105,"SMS MATER MARIA AMELIA BUARQUE DE HOLLANDA AP 10","ADMINISTRACAO PUBLICA","M","CENTRO","alto","medio","medio","medio","medio","medio","baixo","baixo","baixo","medio"
7027397,201305,2013-05-01,2013,"05",0,0,0,"SMS MATER MARIA AMELIA BUARQUE DE HOLLANDA AP 10","ADMINISTRACAO PUBLICA","M","CENTRO","alto","baixo","medio","medio","medio","medio","baixo","baixo","baixo","medio"
7027397,201306,2013-06-01,2013,"06",7.67263427109974,5.1150895140665,2.55754475703325,"SMS MATER MARIA AMELIA BUARQUE DE HOLLANDA AP 10","ADMINISTRACAO PUBLICA","M","CENTRO","alto","baixo","medio","baixo","medio","medio","baixo","medio","medio","alto"
7027397,201307,2013-07-01,2013,"07",4.3956043956044,2.1978021978022,2.1978021978022,"SMS MATER MARIA AMELIA BUARQUE DE HOLLANDA AP 10","ADMINISTRACAO PUBLICA","M","CENTRO","alto","medio","medio","baixo","medio","medio","baixo","medio","medio","medio"
7027397,201308,2013-08-01,2013,"08",10.0806451612903,4.03225806451613,6.04838709677419,"SMS MATER MARIA AMELIA BUARQUE DE HOLLANDA AP 10","ADMINISTRACAO PUBLICA","M","CENTRO","alto","medio","medio","medio","medio","medio","baixo","medio","medio","alto"
7027397,201309,2013-09-01,2013,"09",7.2289156626506,7.2289156626506,0,"SMS MATER MARIA AMELIA BUARQUE DE HOLLANDA AP 10","ADMINISTRACAO PUBLICA","M","CENTRO","alto","baixo","medio","medio","baixo","medio","baixo","medio","medio","medio"
7027397,201310,2013-10-01,2013,"10",5.249343832021,5.249343832021,0,"SMS MATER MARIA AMELIA BUARQUE DE HOLLANDA AP 10","ADMINISTRACAO PUBLICA","M","CENTRO","alto","baixo","medio","medio","medio","baixo","medio","medio","medio","medio"
7027397,201311,2013-11-01,2013,"11",5.58659217877095,0,5.58659217877095,"SMS MATER MARIA AMELIA BUARQUE DE HOLLANDA AP 10","ADMINISTRACAO PUBLICA","M","CENTRO","alto","baixo","medio","medio","medio","baixo","medio","medio","baixo","alto"
7027397,201312,2013-12-01,2013,"12",7.75193798449612,2.58397932816537,5.16795865633075,"SMS MATER MARIA AMELIA BUARQUE DE HOLLANDA AP 10","ADMINISTRACAO PUBLICA","M","CENTRO","alto","baixo","medio","medio","medio","baixo","baixo","medio","medio","alto"
7027397,201401,2014-01-01,2014,"01",7.10900473933649,4.739336492891,2.3696682464455,"SMS MATER MARIA AMELIA BUARQUE DE HOLLANDA AP 10","ADMINISTRACAO PUBLICA","M","CENTRO","alto","baixo","medio","medio","medio","medio","baixo","medio","medio","alto"
7027397,201402,2014-02-01,2014,"02",7.37100737100737,4.91400491400491,2.45700245700246,"SMS MATER MARIA AMELIA BUARQUE DE HOLLANDA AP 10","ADMINISTRACAO PUBLICA","M","CENTRO","alto","baixo","medio","baixo","medio","baixo","baixo","medio","medio","alto"
7027397,201403,2014-03-01,2014,"03",0,0,0,"SMS MATER MARIA AMELIA BUARQUE DE HOLLANDA AP 10","ADMINISTRACAO PUBLICA","M","CENTRO","alto","baixo","medio","medio","medio","baixo","baixo","baixo","baixo","medio"
7027397,201404,2014-04-01,2014,"04",0,0,0,"SMS MATER MARIA AMELIA BUARQUE DE HOLLANDA AP 10","ADMINISTRACAO PUBLICA","M","CENTRO","alto","medio","medio","baixo","medio","baixo","baixo","baixo","baixo","medio"
7027397,201405,2014-05-01,2014,"05",2.21238938053097,2.21238938053097,0,"SMS MATER MARIA AMELIA BUARQUE DE HOLLANDA AP 10","ADMINISTRACAO PUBLICA","M","CENTRO","alto","baixo","medio","medio","medio","baixo","baixo","baixo","medio","medio"
7027397,201406,2014-06-01,2014,"06",4.85436893203883,4.85436893203883,0,"SMS MATER MARIA AMELIA BUARQUE DE HOLLANDA AP 10","ADMINISTRACAO PUBLICA","M","CENTRO","alto","baixo","medio","medio","medio","medio","baixo","medio","medio","medio"
7027397,201407,2014-07-01,2014,"07",9.11161731207289,6.83371298405467,2.27790432801822,"SMS MATER MARIA AMELIA BUARQUE DE HOLLANDA AP 10","ADMINISTRACAO PUBLICA","M","CENTRO","alto","baixo","medio","baixo","medio","medio","baixo","medio","medio","medio"
7027397,201408,2014-08-01,2014,"08",8.9086859688196,2.2271714922049,6.6815144766147,"SMS MATER MARIA AMELIA BUARQUE DE HOLLANDA AP 10","ADMINISTRACAO PUBLICA","M","CENTRO","alto","baixo","medio","baixo","medio","medio","baixo","medio","medio","alto"
7027397,201409,2014-09-01,2014,"09",4.8661800486618,4.8661800486618,0,"SMS MATER MARIA AMELIA BUARQUE DE HOLLANDA AP 10","ADMINISTRACAO PUBLICA","M","CENTRO","alto","baixo","medio","medio","medio","medio","baixo","medio","medio","medio"
7027397,201410,2014-10-01,2014,"10",6.25,6.25,0,"SMS MATER MARIA AMELIA BUARQUE DE HOLLANDA AP 10","ADMINISTRACAO PUBLICA","M","CENTRO","medio","baixo","baixo","baixo","baixo","medio","baixo","medio","medio","medio"
7027397,201411,2014-11-01,2014,"11",11.9904076738609,9.59232613908873,2.39808153477218,"SMS MATER MARIA AMELIA BUARQUE DE HOLLANDA AP 10","ADMINISTRACAO PUBLICA","M","CENTRO","alto","baixo","medio","medio","medio","medio","medio","alto","alto","alto"
7027397,201412,2014-12-01,2014,"12",13.4529147982063,13.4529147982063,0,"SMS MATER MARIA AMELIA BUARQUE DE HOLLANDA AP 10","ADMINISTRACAO PUBLICA","M","CENTRO","alto","baixo","medio","baixo","baixo","baixo","baixo","alto","alto","medio"
7027397,201501,2015-01-01,2015,"01",10.6609808102345,8.52878464818763,2.13219616204691,"SMS MATER MARIA AMELIA BUARQUE DE HOLLANDA AP 10","ADMINISTRACAO PUBLICA","M","CENTRO","alto","baixo","medio","baixo","medio","baixo","baixo","medio","alto","medio"
7027397,201502,2015-02-01,2015,"02",12.7659574468085,8.51063829787234,4.25531914893617,"SMS MATER MARIA AMELIA BUARQUE DE HOLLANDA AP 10","ADMINISTRACAO PUBLICA","M","CENTRO","alto","baixo","medio","medio","medio","medio","baixo","alto","alto","alto"
7027397,201503,2015-03-01,2015,"03",8.11359026369168,4.05679513184584,4.05679513184584,"SMS MATER MARIA AMELIA BUARQUE DE HOLLANDA AP 10","ADMINISTRACAO PUBLICA","M","CENTRO","alto","baixo","medio","medio","medio","medio","baixo","medio","medio","alto"
7027397,201504,2015-04-01,2015,"04",10.3734439834025,8.29875518672199,2.0746887966805,"SMS MATER MARIA AMELIA BUARQUE DE HOLLANDA AP 10","ADMINISTRACAO PUBLICA","M","CENTRO","alto","medio","medio","medio","medio","medio","baixo","medio","medio","medio"
7027397,201505,2015-05-01,2015,"05",11.1524163568773,7.43494423791822,3.71747211895911,"SMS MATER MARIA AMELIA BUARQUE DE HOLLANDA AP 10","ADMINISTRACAO PUBLICA","M","CENTRO","alto","baixo","medio","medio","medio","medio","baixo","medio","medio","alto"
7027397,201506,2015-06-01,2015,"06",4.149377593361,4.149377593361,0,"SMS MATER MARIA AMELIA BUARQUE DE HOLLANDA AP 10","ADMINISTRACAO PUBLICA","M","CENTRO","alto","baixo","medio","medio","medio","baixo","baixo","medio","medio","medio"
7027397,201507,2015-07-01,2015,"07",8.01603206412826,6.01202404809619,2.00400801603206,"SMS MATER MARIA AMELIA BUARQUE DE HOLLANDA AP 10","ADMINISTRACAO PUBLICA","M","CENTRO","alto","baixo","medio","baixo","medio","baixo","baixo","medio","medio","medio"
7027397,201508,2015-08-01,2015,"08",2.52525252525253,0,2.52525252525253,"SMS MATER MARIA AMELIA BUARQUE DE HOLLANDA AP 10","ADMINISTRACAO PUBLICA","M","CENTRO","alto","baixo","baixo","medio","baixo","baixo","baixo","baixo","baixo","alto"
7027397,201509,2015-09-01,2015,"09",2.9940119760479,2.9940119760479,0,"SMS MATER MARIA AMELIA BUARQUE DE HOLLANDA AP 10","ADMINISTRACAO PUBLICA","M","CENTRO","medio","baixo","baixo","medio","baixo","medio","baixo","baixo","medio","medio"
7027397,201510,2015-10-01,2015,"10",5.33333333333333,2.66666666666667,2.66666666666667,"SMS MATER MARIA AMELIA BUARQUE DE HOLLANDA AP 10","ADMINISTRACAO PUBLICA","M","CENTRO","alto","baixo","baixo","medio","baixo","baixo","baixo","medio","medio","alto"
7027397,201511,2015-11-01,2015,"11",10.0250626566416,7.5187969924812,2.5062656641604,"SMS MATER MARIA AMELIA BUARQUE DE HOLLANDA AP 10","ADMINISTRACAO PUBLICA","M","CENTRO","alto","medio","baixo","baixo","baixo","medio","medio","medio","medio","alto"
7027397,201512,2015-12-01,2015,"12",13.1868131868132,10.989010989011,2.1978021978022,"SMS MATER MARIA AMELIA BUARQUE DE HOLLANDA AP 10","ADMINISTRACAO PUBLICA","M","CENTRO","alto","medio","baixo","medio","baixo","baixo","baixo","alto","alto","medio"
7027397,201601,2016-01-01,2016,"01",4.3859649122807,4.3859649122807,0,"SMS MATER MARIA AMELIA BUARQUE DE HOLLANDA AP 10","ADMINISTRACAO PUBLICA","M","CENTRO","alto","baixo","baixo","medio","baixo","baixo","baixo","medio","medio","medio"
7027397,201602,2016-02-01,2016,"02",2.25733634311512,0,2.25733634311512,"SMS MATER MARIA AMELIA BUARQUE DE HOLLANDA AP 10","ADMINISTRACAO PUBLICA","M","CENTRO","alto","baixo","medio","baixo","medio","medio","baixo","baixo","baixo","medio"
7027397,201603,2016-03-01,2016,"03",5.94059405940594,3.96039603960396,1.98019801980198,"SMS MATER MARIA AMELIA BUARQUE DE HOLLANDA AP 10","ADMINISTRACAO PUBLICA","M","CENTRO","alto","baixo","baixo","alto","baixo","medio","medio","medio","medio","medio"
7027397,201604,2016-04-01,2016,"04",8.52878464818763,4.26439232409382,4.26439232409382,"SMS MATER MARIA AMELIA BUARQUE DE HOLLANDA AP 10","ADMINISTRACAO PUBLICA","M","CENTRO","alto","baixo","baixo","medio","baixo","medio","baixo","medio","medio","alto"
7027397,201605,2016-05-01,2016,"05",2.38095238095238,0,2.38095238095238,"SMS MATER MARIA AMELIA BUARQUE DE HOLLANDA AP 10","ADMINISTRACAO PUBLICA","M","CENTRO","alto","baixo","baixo","medio","baixo","baixo","baixo","baixo","baixo","alto"
7027397,201606,2016-06-01,2016,"06",4.5662100456621,2.28310502283105,2.28310502283105,"SMS MATER MARIA AMELIA BUARQUE DE HOLLANDA AP 10","ADMINISTRACAO PUBLICA","M","CENTRO","alto","medio","baixo","medio","baixo","medio","baixo","medio","medio","alto"
7027397,201607,2016-07-01,2016,"07",4.85436893203883,4.85436893203883,0,"SMS MATER MARIA AMELIA BUARQUE DE HOLLANDA AP 10","ADMINISTRACAO PUBLICA","M","CENTRO","alto","baixo","baixo","baixo","baixo","baixo","baixo","medio","medio","medio"
7027397,201608,2016-08-01,2016,"08",4.81927710843374,4.81927710843374,0,"SMS MATER MARIA AMELIA BUARQUE DE HOLLANDA AP 10","ADMINISTRACAO PUBLICA","M","CENTRO","alto","baixo","baixo","medio","baixo","medio","baixo","medio","medio","medio"
7027397,201609,2016-09-01,2016,"09",5.64971751412429,2.82485875706215,2.82485875706215,"SMS MATER MARIA AMELIA BUARQUE DE HOLLANDA AP 10","ADMINISTRACAO PUBLICA","M","CENTRO","alto","medio","baixo","medio","medio","baixo","baixo","medio","medio","alto"
7027397,201610,2016-10-01,2016,"10",10.6666666666667,8,2.66666666666667,"SMS MATER MARIA AMELIA BUARQUE DE HOLLANDA AP 10","ADMINISTRACAO PUBLICA","M","CENTRO","alto","medio","baixo","medio","baixo","medio","baixo","medio","medio","alto"
7027397,201611,2016-11-01,2016,"11",5.20833333333333,2.60416666666667,2.60416666666667,"SMS MATER MARIA AMELIA BUARQUE DE HOLLANDA AP 10","ADMINISTRACAO PUBLICA","M","CENTRO","alto","medio","baixo","medio","baixo","medio","baixo","medio","medio","alto"
7027397,201612,2016-12-01,2016,"12",4.28265524625268,4.28265524625268,0,"SMS MATER MARIA AMELIA BUARQUE DE HOLLANDA AP 10","ADMINISTRACAO PUBLICA","M","CENTRO","alto","baixo","baixo","medio","baixo","baixo","baixo","medio","medio","medio"
7027397,201701,2017-01-01,2017,"01",11.1111111111111,11.1111111111111,0,"SMS MATER MARIA AMELIA BUARQUE DE HOLLANDA AP 10","ADMINISTRACAO PUBLICA","M","CENTRO","alto","medio","medio","medio","medio","medio","baixo","medio","alto","medio"
7027397,201702,2017-02-01,2017,"02",16.548463356974,11.8203309692671,4.72813238770686,"SMS MATER MARIA AMELIA BUARQUE DE HOLLANDA AP 10","ADMINISTRACAO PUBLICA","M","CENTRO","alto","medio","baixo","medio","baixo","medio","baixo","alto","alto","alto"
7027397,201703,2017-03-01,2017,"03",1.98807157057654,1.98807157057654,0,"SMS MATER MARIA AMELIA BUARQUE DE HOLLANDA AP 10","ADMINISTRACAO PUBLICA","M","CENTRO","alto","baixo","baixo","medio","baixo","medio","baixo","baixo","medio","medio"
7027397,201704,2017-04-01,2017,"04",3.83141762452107,3.83141762452107,0,"SMS MATER MARIA AMELIA BUARQUE DE HOLLANDA AP 10","ADMINISTRACAO PUBLICA","M","CENTRO","alto","baixo","baixo","medio","baixo","baixo","baixo","medio","medio","medio"
7027397,201705,2017-05-01,2017,"05",3.41880341880342,1.70940170940171,1.70940170940171,"SMS MATER MARIA AMELIA BUARQUE DE HOLLANDA AP 10","ADMINISTRACAO PUBLICA","M","CENTRO","alto","baixo","baixo","medio","baixo","medio","baixo","baixo","baixo","medio"
7027397,201706,2017-06-01,2017,"06",9.3984962406015,9.3984962406015,0,"SMS MATER MARIA AMELIA BUARQUE DE HOLLANDA AP 10","ADMINISTRACAO PUBLICA","M","CENTRO","alto","baixo","baixo","alto","baixo","baixo","baixo","medio","alto","medio"
7027397,201707,2017-07-01,2017,"07",3.89863547758285,1.94931773879142,1.94931773879142,"SMS MATER MARIA AMELIA BUARQUE DE HOLLANDA AP 10","ADMINISTRACAO PUBLICA","M","CENTRO","alto","baixo","baixo","medio","baixo","medio","baixo","medio","medio","medio"
7027397,201708,2017-08-01,2017,"08",3.96039603960396,1.98019801980198,1.98019801980198,"SMS MATER MARIA AMELIA BUARQUE DE HOLLANDA AP 10","ADMINISTRACAO PUBLICA","M","CENTRO","alto","baixo","baixo","medio","baixo","medio","baixo","medio","medio","medio"
7027397,201709,2017-09-01,2017,"09",3.86847195357834,3.86847195357834,0,"SMS MATER MARIA AMELIA BUARQUE DE HOLLANDA AP 10","ADMINISTRACAO PUBLICA","M","CENTRO","alto","baixo","baixo","medio","baixo","baixo","baixo","medio","medio","medio"
7027397,201710,2017-10-01,2017,"10",8.67678958785249,6.50759219088937,2.16919739696312,"SMS MATER MARIA AMELIA BUARQUE DE HOLLANDA AP 10","ADMINISTRACAO PUBLICA","M","CENTRO","alto","baixo","baixo","medio","baixo","baixo","baixo","medio","medio","medio"
7027397,201711,2017-11-01,2017,"11",2.08333333333333,0,2.08333333333333,"SMS MATER MARIA AMELIA BUARQUE DE HOLLANDA AP 10","ADMINISTRACAO PUBLICA","M","CENTRO","alto","baixo","baixo","medio","baixo","medio","baixo","baixo","baixo","medio"
7027397,201712,2017-12-01,2017,"12",3.97614314115308,1.98807157057654,1.98807157057654,"SMS MATER MARIA AMELIA BUARQUE DE HOLLANDA AP 10","ADMINISTRACAO PUBLICA","M","CENTRO","alto","baixo","baixo","medio","baixo","baixo","baixo","medio","medio","medio"
7041624,201207,2012-07-01,2012,"07",0,0,0,"SMS HOSPITAL MUNICIPAL DA MULHER MARISKA RIBEIRO AP 51","ADMINISTRACAO PUBLICA","M","OESTE","baixo","baixo","alto",NA,"medio","baixo","baixo","baixo","baixo","medio"
7041624,201208,2012-08-01,2012,"08",0,0,0,"SMS HOSPITAL MUNICIPAL DA MULHER MARISKA RIBEIRO AP 51","ADMINISTRACAO PUBLICA","M","OESTE","medio","alto","medio",NA,"medio","medio","medio","baixo","baixo","medio"
7041624,201209,2012-09-01,2012,"09",3.37837837837838,0,3.37837837837838,"SMS HOSPITAL MUNICIPAL DA MULHER MARISKA RIBEIRO AP 51","ADMINISTRACAO PUBLICA","M","OESTE","medio","medio","medio",NA,"medio","alto","baixo","baixo","baixo","alto"
7041624,201210,2012-10-01,2012,"10",13.986013986014,10.4895104895105,3.4965034965035,"SMS HOSPITAL MUNICIPAL DA MULHER MARISKA RIBEIRO AP 51","ADMINISTRACAO PUBLICA","M","OESTE","medio","alto","alto",NA,"baixo","alto","baixo","alto","alto","alto"
7041624,201211,2012-11-01,2012,"11",13.6518771331058,10.2389078498294,3.41296928327645,"SMS HOSPITAL MUNICIPAL DA MULHER MARISKA RIBEIRO AP 51","ADMINISTRACAO PUBLICA","M","OESTE","medio","baixo","medio",NA,"baixo","medio","medio","alto","alto","alto"
7041624,201212,2012-12-01,2012,"12",5.86510263929619,5.86510263929619,0,"SMS HOSPITAL MUNICIPAL DA MULHER MARISKA RIBEIRO AP 51","ADMINISTRACAO PUBLICA","M","OESTE","medio","baixo","medio",NA,"baixo","medio","baixo","medio","medio","medio"
7041624,201301,2013-01-01,2013,"01",9.06344410876133,3.02114803625378,6.04229607250755,"SMS HOSPITAL MUNICIPAL DA MULHER MARISKA RIBEIRO AP 51","ADMINISTRACAO PUBLICA","M","OESTE","medio","alto","medio","medio","baixo","alto","baixo","medio","medio","alto"
7041624,201302,2013-02-01,2013,"02",2.84900284900285,2.84900284900285,0,"SMS HOSPITAL MUNICIPAL DA MULHER MARISKA RIBEIRO AP 51","ADMINISTRACAO PUBLICA","M","OESTE","alto","alto","medio","medio","baixo","medio","medio","baixo","medio","medio"
7041624,201303,2013-03-01,2013,"03",0,0,0,"SMS HOSPITAL MUNICIPAL DA MULHER MARISKA RIBEIRO AP 51","ADMINISTRACAO PUBLICA","M","OESTE","alto","alto","medio","medio","baixo","medio","medio","baixo","baixo","medio"
7041624,201304,2013-04-01,2013,"04",8.13008130081301,5.42005420054201,2.710027100271,"SMS HOSPITAL MUNICIPAL DA MULHER MARISKA RIBEIRO AP 51","ADMINISTRACAO PUBLICA","M","OESTE","alto","alto","baixo","medio","baixo","medio","medio","medio","medio","alto"
7041624,201305,2013-05-01,2013,"05",11.9047619047619,11.9047619047619,0,"SMS HOSPITAL MUNICIPAL DA MULHER MARISKA RIBEIRO AP 51","ADMINISTRACAO PUBLICA","M","OESTE","alto","medio","medio","medio","baixo","medio","baixo","alto","alto","medio"
7041624,201306,2013-06-01,2013,"06",21.0843373493976,18.0722891566265,3.01204819277108,"SMS HOSPITAL MUNICIPAL DA MULHER MARISKA RIBEIRO AP 51","ADMINISTRACAO PUBLICA","M","OESTE","medio","medio","medio","medio","baixo","alto","medio","alto","alto","alto"
7041624,201307,2013-07-01,2013,"07",5.0251256281407,5.0251256281407,0,"SMS HOSPITAL MUNICIPAL DA MULHER MARISKA RIBEIRO AP 51","ADMINISTRACAO PUBLICA","M","OESTE","alto","medio","medio","medio","baixo","medio","baixo","medio","medio","medio"
7041624,201308,2013-08-01,2013,"08",2.54452926208651,2.54452926208651,0,"SMS HOSPITAL MUNICIPAL DA MULHER MARISKA RIBEIRO AP 51","ADMINISTRACAO PUBLICA","M","OESTE","alto","medio","medio","medio","baixo","baixo","medio","baixo","medio","medio"
7041624,201309,2013-09-01,2013,"09",5.12820512820513,5.12820512820513,0,"SMS HOSPITAL MUNICIPAL DA MULHER MARISKA RIBEIRO AP 51","ADMINISTRACAO PUBLICA","M","OESTE","alto","medio","medio","baixo","baixo","medio","baixo","medio","medio","medio"
7041624,201310,2013-10-01,2013,"10",7.48129675810474,7.48129675810474,0,"SMS HOSPITAL MUNICIPAL DA MULHER MARISKA RIBEIRO AP 51","ADMINISTRACAO PUBLICA","M","OESTE","alto","medio","medio","medio","baixo","medio","medio","medio","medio","medio"
7041624,201311,2013-11-01,2013,"11",13.5869565217391,10.8695652173913,2.71739130434783,"SMS HOSPITAL MUNICIPAL DA MULHER MARISKA RIBEIRO AP 51","ADMINISTRACAO PUBLICA","M","OESTE","alto","medio","medio","baixo","baixo","alto","medio","alto","alto","alto"
7041624,201312,2013-12-01,2013,"12",7.55667506297229,7.55667506297229,0,"SMS HOSPITAL MUNICIPAL DA MULHER MARISKA RIBEIRO AP 51","ADMINISTRACAO PUBLICA","M","OESTE","alto","medio","medio","medio","baixo","medio","medio","medio","medio","medio"
7041624,201401,2014-01-01,2014,"01",6.55021834061135,6.55021834061135,0,"SMS HOSPITAL MUNICIPAL DA MULHER MARISKA RIBEIRO AP 51","ADMINISTRACAO PUBLICA","M","OESTE","alto","baixo","medio","medio","baixo","medio","medio","medio","medio","medio"
7041624,201402,2014-02-01,2014,"02",17.2413793103448,9.85221674876847,7.38916256157635,"SMS HOSPITAL MUNICIPAL DA MULHER MARISKA RIBEIRO AP 51","ADMINISTRACAO PUBLICA","M","OESTE","alto","alto","medio","medio","baixo","alto","medio","alto","alto","alto"
7041624,201403,2014-03-01,2014,"03",10.4384133611691,8.35073068893528,2.08768267223382,"SMS HOSPITAL MUNICIPAL DA MULHER MARISKA RIBEIRO AP 51","ADMINISTRACAO PUBLICA","M","OESTE","alto","medio","medio","baixo","baixo","alto","medio","medio","alto","medio"
7041624,201404,2014-04-01,2014,"04",4.76190476190476,0,4.76190476190476,"SMS HOSPITAL MUNICIPAL DA MULHER MARISKA RIBEIRO AP 51","ADMINISTRACAO PUBLICA","M","OESTE","alto","medio","medio","medio","baixo","medio","baixo","medio","baixo","alto"
7041624,201405,2014-05-01,2014,"05",9.7323600973236,9.7323600973236,0,"SMS HOSPITAL MUNICIPAL DA MULHER MARISKA RIBEIRO AP 51","ADMINISTRACAO PUBLICA","M","OESTE","alto","medio","medio","baixo","baixo","alto","baixo","medio","alto","medio"
7041624,201406,2014-06-01,2014,"06",2.5062656641604,2.5062656641604,0,"SMS HOSPITAL MUNICIPAL DA MULHER MARISKA RIBEIRO AP 51","ADMINISTRACAO PUBLICA","M","OESTE","alto","medio","medio","medio","baixo","medio","medio","baixo","medio","medio"
7041624,201407,2014-07-01,2014,"07",5.52486187845304,5.52486187845304,0,"SMS HOSPITAL MUNICIPAL DA MULHER MARISKA RIBEIRO AP 51","ADMINISTRACAO PUBLICA","M","OESTE","alto","medio","medio","medio","baixo","alto","medio","medio","medio","medio"
7041624,201408,2014-08-01,2014,"08",5.15463917525773,0,5.15463917525773,"SMS HOSPITAL MUNICIPAL DA MULHER MARISKA RIBEIRO AP 51","ADMINISTRACAO PUBLICA","M","OESTE","alto","medio","medio","medio","baixo","medio","baixo","medio","baixo","alto"
7041624,201409,2014-09-01,2014,"09",3.02114803625378,3.02114803625378,0,"SMS HOSPITAL MUNICIPAL DA MULHER MARISKA RIBEIRO AP 51","ADMINISTRACAO PUBLICA","M","OESTE","medio","medio","baixo","medio","baixo","medio","medio","baixo","medio","medio"
7041624,201410,2014-10-01,2014,"10",6.6006600660066,6.6006600660066,0,"SMS HOSPITAL MUNICIPAL DA MULHER MARISKA RIBEIRO AP 51","ADMINISTRACAO PUBLICA","M","OESTE","medio","medio","medio","baixo","baixo","alto","medio","medio","medio","medio"
7041624,201411,2014-11-01,2014,"11",3.21543408360129,0,3.21543408360129,"SMS HOSPITAL MUNICIPAL DA MULHER MARISKA RIBEIRO AP 51","ADMINISTRACAO PUBLICA","M","OESTE","medio","baixo","medio","baixo","baixo","medio","medio","baixo","baixo","alto"
7041624,201412,2014-12-01,2014,"12",2.66666666666667,2.66666666666667,0,"SMS HOSPITAL MUNICIPAL DA MULHER MARISKA RIBEIRO AP 51","ADMINISTRACAO PUBLICA","M","OESTE","alto","medio","medio","baixo","baixo","medio","medio","baixo","medio","medio"
7041624,201501,2015-01-01,2015,"01",10.5540897097625,2.63852242744063,7.9155672823219,"SMS HOSPITAL MUNICIPAL DA MULHER MARISKA RIBEIRO AP 51","ADMINISTRACAO PUBLICA","M","OESTE","alto","medio","medio","baixo","baixo","alto","medio","medio","medio","alto"
7041624,201502,2015-02-01,2015,"02",4.69483568075117,4.69483568075117,0,"SMS HOSPITAL MUNICIPAL DA MULHER MARISKA RIBEIRO AP 51","ADMINISTRACAO PUBLICA","M","OESTE","alto","medio","medio","baixo","baixo","medio","baixo","medio","medio","medio"
7041624,201503,2015-03-01,2015,"03",2.22222222222222,2.22222222222222,0,"SMS HOSPITAL MUNICIPAL DA MULHER MARISKA RIBEIRO AP 51","ADMINISTRACAO PUBLICA","M","OESTE","alto","medio","medio","medio","baixo","medio","medio","baixo","medio","medio"
7041624,201504,2015-04-01,2015,"04",2.32018561484919,2.32018561484919,0,"SMS HOSPITAL MUNICIPAL DA MULHER MARISKA RIBEIRO AP 51","ADMINISTRACAO PUBLICA","M","OESTE","alto","medio","medio","medio","baixo","medio","medio","baixo","medio","medio"
7041624,201505,2015-05-01,2015,"05",4.93827160493827,4.93827160493827,0,"SMS HOSPITAL MUNICIPAL DA MULHER MARISKA RIBEIRO AP 51","ADMINISTRACAO PUBLICA","M","OESTE","alto","medio","medio","baixo","baixo","alto","medio","medio","medio","medio"
7041624,201506,2015-06-01,2015,"06",5.3475935828877,5.3475935828877,0,"SMS HOSPITAL MUNICIPAL DA MULHER MARISKA RIBEIRO AP 51","ADMINISTRACAO PUBLICA","M","OESTE","alto","medio","medio","medio","baixo","medio","medio","medio","medio","medio"
7041624,201507,2015-07-01,2015,"07",2.57731958762887,2.57731958762887,0,"SMS HOSPITAL MUNICIPAL DA MULHER MARISKA RIBEIRO AP 51","ADMINISTRACAO PUBLICA","M","OESTE","alto","medio","medio","medio","baixo","baixo","medio","baixo","medio","medio"
7041624,201508,2015-08-01,2015,"08",11.2676056338028,8.45070422535211,2.8169014084507,"SMS HOSPITAL MUNICIPAL DA MULHER MARISKA RIBEIRO AP 51","ADMINISTRACAO PUBLICA","M","OESTE","alto","baixo","medio","medio","baixo","medio","medio","medio","alto","alto"
7041624,201509,2015-09-01,2015,"09",0,0,0,"SMS HOSPITAL MUNICIPAL DA MULHER MARISKA RIBEIRO AP 51","ADMINISTRACAO PUBLICA","M","OESTE","medio","baixo","medio","medio","baixo","medio","medio","baixo","baixo","medio"
7041624,201510,2015-10-01,2015,"10",9.43396226415094,9.43396226415094,0,"SMS HOSPITAL MUNICIPAL DA MULHER MARISKA RIBEIRO AP 51","ADMINISTRACAO PUBLICA","M","OESTE","medio","baixo","medio","medio","baixo","alto","medio","medio","alto","medio"
7041624,201511,2015-11-01,2015,"11",3.21543408360129,3.21543408360129,0,"SMS HOSPITAL MUNICIPAL DA MULHER MARISKA RIBEIRO AP 51","ADMINISTRACAO PUBLICA","M","OESTE","medio","medio","baixo","baixo","baixo","medio","medio","baixo","medio","medio"
7041624,201512,2015-12-01,2015,"12",0,0,0,"SMS HOSPITAL MUNICIPAL DA MULHER MARISKA RIBEIRO AP 51","ADMINISTRACAO PUBLICA","M","OESTE","alto","medio","baixo","medio","baixo","medio","medio","baixo","baixo","medio"
7041624,201601,2016-01-01,2016,"01",8.40336134453782,2.80112044817927,5.60224089635854,"SMS HOSPITAL MUNICIPAL DA MULHER MARISKA RIBEIRO AP 51","ADMINISTRACAO PUBLICA","M","OESTE","alto","alto","medio","medio","baixo","alto","medio","medio","medio","alto"
7041624,201602,2016-02-01,2016,"02",2.6246719160105,2.6246719160105,0,"SMS HOSPITAL MUNICIPAL DA MULHER MARISKA RIBEIRO AP 51","ADMINISTRACAO PUBLICA","M","OESTE","alto","alto","medio","medio","medio","alto","medio","baixo","medio","medio"
7041624,201603,2016-03-01,2016,"03",11.3636363636364,5.68181818181818,5.68181818181818,"SMS HOSPITAL MUNICIPAL DA MULHER MARISKA RIBEIRO AP 51","ADMINISTRACAO PUBLICA","M","OESTE","alto","alto","baixo","baixo","medio","medio","medio","alto","medio","alto"
7041624,201604,2016-04-01,2016,"04",13.5135135135135,2.7027027027027,10.8108108108108,"SMS HOSPITAL MUNICIPAL DA MULHER MARISKA RIBEIRO AP 51","ADMINISTRACAO PUBLICA","M","OESTE","alto","medio","baixo","medio","medio","alto","medio","alto","medio","alto"
7041624,201605,2016-05-01,2016,"05",5.81395348837209,2.90697674418605,2.90697674418605,"SMS HOSPITAL MUNICIPAL DA MULHER MARISKA RIBEIRO AP 51","ADMINISTRACAO PUBLICA","M","OESTE","medio","medio","baixo","medio","medio","medio","medio","medio","medio","alto"
7041624,201606,2016-06-01,2016,"06",17.632241813602,12.5944584382872,5.03778337531486,"SMS HOSPITAL MUNICIPAL DA MULHER MARISKA RIBEIRO AP 51","ADMINISTRACAO PUBLICA","M","OESTE","alto","medio","baixo","medio","medio","medio","medio","alto","alto","alto"
7041624,201607,2016-07-01,2016,"07",5.89970501474926,2.94985250737463,2.94985250737463,"SMS HOSPITAL MUNICIPAL DA MULHER MARISKA RIBEIRO AP 51","ADMINISTRACAO PUBLICA","M","OESTE","medio","medio","baixo","medio","medio","medio","medio","medio","medio","alto"
7041624,201608,2016-08-01,2016,"08",5.97014925373134,2.98507462686567,2.98507462686567,"SMS HOSPITAL MUNICIPAL DA MULHER MARISKA RIBEIRO AP 51","ADMINISTRACAO PUBLICA","M","OESTE","medio","medio","baixo","medio","medio","medio","medio","medio","medio","alto"
7041624,201609,2016-09-01,2016,"09",10.0671140939597,10.0671140939597,0,"SMS HOSPITAL MUNICIPAL DA MULHER MARISKA RIBEIRO AP 51","ADMINISTRACAO PUBLICA","M","OESTE","medio","baixo","baixo","alto","medio","baixo","medio","medio","alto","medio"
7041624,201610,2016-10-01,2016,"10",9.1743119266055,6.11620795107034,3.05810397553517,"SMS HOSPITAL MUNICIPAL DA MULHER MARISKA RIBEIRO AP 51","ADMINISTRACAO PUBLICA","M","OESTE","medio","baixo","baixo","medio","alto","medio","medio","medio","medio","alto"
7041624,201611,2016-11-01,2016,"11",3.23624595469256,3.23624595469256,0,"SMS HOSPITAL MUNICIPAL DA MULHER MARISKA RIBEIRO AP 51","ADMINISTRACAO PUBLICA","M","OESTE","medio","medio","baixo","medio","medio","alto","medio","baixo","medio","medio"
7041624,201612,2016-12-01,2016,"12",5.97014925373134,5.97014925373134,0,"SMS HOSPITAL MUNICIPAL DA MULHER MARISKA RIBEIRO AP 51","ADMINISTRACAO PUBLICA","M","OESTE","medio","baixo","baixo","medio","medio","medio","medio","medio","medio","medio"
7041624,201701,2017-01-01,2017,"01",0,0,0,"SMS HOSPITAL MUNICIPAL DA MULHER MARISKA RIBEIRO AP 51","ADMINISTRACAO PUBLICA","M","OESTE","medio","medio","baixo","medio","alto","baixo","medio","baixo","baixo","medio"
7041624,201702,2017-02-01,2017,"02",6.41025641025641,6.41025641025641,0,"SMS HOSPITAL MUNICIPAL DA MULHER MARISKA RIBEIRO AP 51","ADMINISTRACAO PUBLICA","M","OESTE","medio","baixo","baixo","medio","alto","medio","medio","medio","medio","medio"
7041624,201703,2017-03-01,2017,"03",14.5985401459854,12.1654501216545,2.4330900243309,"SMS HOSPITAL MUNICIPAL DA MULHER MARISKA RIBEIRO AP 51","ADMINISTRACAO PUBLICA","M","OESTE","alto","medio","baixo","alto","alto","alto","medio","alto","alto","alto"
7041624,201704,2017-04-01,2017,"04",8.08625336927224,5.39083557951483,2.69541778975741,"SMS HOSPITAL MUNICIPAL DA MULHER MARISKA RIBEIRO AP 51","ADMINISTRACAO PUBLICA","M","OESTE","alto","medio","baixo","medio","alto","medio","medio","medio","medio","alto"
7041624,201705,2017-05-01,2017,"05",4.98753117206983,4.98753117206983,0,"SMS HOSPITAL MUNICIPAL DA MULHER MARISKA RIBEIRO AP 51","ADMINISTRACAO PUBLICA","M","OESTE","alto","medio","baixo","medio","medio","alto","medio","medio","medio","medio"
7041624,201706,2017-06-01,2017,"06",2.65957446808511,2.65957446808511,0,"SMS HOSPITAL MUNICIPAL DA MULHER MARISKA RIBEIRO AP 51","ADMINISTRACAO PUBLICA","M","OESTE","alto","baixo","baixo","medio","alto","alto","medio","baixo","medio","medio"
7041624,201707,2017-07-01,2017,"07",2.78551532033426,0,2.78551532033426,"SMS HOSPITAL MUNICIPAL DA MULHER MARISKA RIBEIRO AP 51","ADMINISTRACAO PUBLICA","M","OESTE","alto","baixo","baixo","medio","medio","medio","medio","baixo","baixo","alto"
7041624,201708,2017-08-01,2017,"08",11.5606936416185,5.78034682080925,5.78034682080925,"SMS HOSPITAL MUNICIPAL DA MULHER MARISKA RIBEIRO AP 51","ADMINISTRACAO PUBLICA","M","OESTE","medio","baixo","baixo","medio","medio","medio","alto","alto","medio","alto"
7041624,201709,2017-09-01,2017,"09",8.95522388059702,5.97014925373134,2.98507462686567,"SMS HOSPITAL MUNICIPAL DA MULHER MARISKA RIBEIRO AP 51","ADMINISTRACAO PUBLICA","M","OESTE","medio","medio","baixo","medio","alto","medio","medio","medio","medio","alto"
7041624,201710,2017-10-01,2017,"10",6.34920634920635,6.34920634920635,0,"SMS HOSPITAL MUNICIPAL DA MULHER MARISKA RIBEIRO AP 51","ADMINISTRACAO PUBLICA","M","OESTE","medio","medio","baixo","medio","alto","medio","medio","medio","medio","medio"
7041624,201711,2017-11-01,2017,"11",8.47457627118644,5.64971751412429,2.82485875706215,"SMS HOSPITAL MUNICIPAL DA MULHER MARISKA RIBEIRO AP 51","ADMINISTRACAO PUBLICA","M","OESTE","alto","medio","baixo","medio","alto","medio","medio","medio","medio","alto"
7041624,201712,2017-12-01,2017,"12",2.32018561484919,2.32018561484919,0,"SMS HOSPITAL MUNICIPAL DA MULHER MARISKA RIBEIRO AP 51","ADMINISTRACAO PUBLICA","M","OESTE","alto","medio","baixo","alto","alto","medio","medio","baixo","medio","medio"
